scenario_id,rep,true_perc_change,est_perc_change,samps_under,samps_over
1,1,-0.24660266799650912,0.11076767238138248,0,3000
1,10,-0.2441759063161828,0.0345319613685813,543,2457
1,100,-0.2306333585667423,0.11425257737869461,0,3000
1,11,-0.28539128250219825,-0.0995207704581413,344,2656
1,12,-0.2377315973960942,-0.27864191939910066,1802,1198
1,13,-0.24644308943089438,-0.061287590795840174,648,2352
1,14,-0.25090681676047527,0.13621244040110125,2,2998
1,15,-0.23788434771605715,-0.37170671808149996,2299,701
1,16,-0.27539503386004516,-0.22185329878132867,1010,1990
1,17,-0.2340798198423621,-0.07420321424339102,768,2232
1,18,-0.25437182190251767,-0.08999101204234315,644,2356
1,19,-0.25694618272841047,0.23187591603239371,0,3000
1,2,-0.2432735426008969,0.08474197322653076,72,2928
1,20,-0.2399949018608209,0.043029377570760356,210,2790
1,21,-0.25616010006253914,-0.004942302025944994,428,2572
1,22,-0.27068987104044073,-0.4718114410884786,2437,563
1,23,-0.243449503943017,-0.21806597503558375,1342,1658
1,24,-0.25449216260991453,0.03393534877453786,259,2741
1,25,-0.2858744394618834,-0.20480486136379036,996,2004
1,26,-0.2793303121852972,-0.08183410354537365,460,2540
1,27,-0.24018184114155833,-0.4072893631066626,2589,411
1,28,-0.23650256795690847,0.178172337905674,0,3000
1,29,-0.23575516297586468,-0.20824347797756043,1200,1800
1,3,-0.2529149094517489,-0.5653801409142856,2971,29
1,30,-0.24527593542735582,-0.0019525631384739027,247,2753
1,31,-0.2285970992170454,-0.39215068845093604,2415,585
1,32,-0.23207121364092267,0.08992921107736085,152,2848
1,33,-0.2343989769820972,0.08281543083116008,163,2837
1,34,-0.2753659452020517,-0.02005101989530251,444,2556
1,35,-0.2604179547421788,0.062015712352112264,15,2985
1,36,-0.2662803879581811,-0.49731366394450943,2080,920
1,37,-0.25981683603061095,-0.18214683789506228,1046,1954
1,38,-0.27079447967176434,-0.34748673019521004,2082,918
1,39,-0.2610856269113149,-0.03634701407764508,265,2735
1,4,-0.2403406202338587,-0.4342618707731469,2561,439
1,40,-0.2953696788648245,0.12770182678869024,0,3000
1,41,-0.25289964699949574,-0.15072028810174304,1032,1968
1,42,-0.23771326712503185,0.07972830484746457,731,2269
1,43,-0.22095991830482511,0.4146260502944636,0,3000
1,44,-0.2486567537173559,0.0598410006790762,84,2916
1,45,-0.2847839699436443,0.12138023016368334,0,3000
1,46,-0.2610880763915065,-0.1356634410801453,1168,1832
1,47,-0.29828272772523645,-0.038070310171665074,415,2585
1,48,-0.2381843122583864,0.2586246950236918,45,2955
1,49,-0.22639838015692232,-0.23586527606475374,1508,1492
1,5,-0.23773489721276334,0.14211402439870266,127,2873
1,50,-0.22903426791277265,0.06679290489393024,0,3000
1,51,-0.17304259117572043,-0.33953339572382607,2426,574
1,52,-0.24313872255489014,0.1101496062072437,0,3000
1,53,-0.257007007007007,-0.0074977679182418105,510,2490
1,54,-0.25136206042595344,-0.20799126133104862,1023,1977
1,55,-0.2848132574820678,-0.11209498431585578,506,2494
1,56,-0.27779867117964147,0.07206639370363863,0,3000
1,57,-0.23986528626668324,0.12737958683722145,26,2974
1,58,-0.25440140845070425,-0.10239060755350662,764,2236
1,59,-0.23825417201540433,0.08409424045513784,731,2269
1,6,-0.24129290904535208,0.14048095180182554,0,3000
1,60,-0.22980975179538873,-0.2843045719512196,1950,1050
1,61,-0.24140517564695596,0.22131573045342767,0,3000
1,62,-0.25963463463463465,-0.11797950759061342,581,2419
1,63,-0.24930397367755003,-0.17842640402280452,1046,1954
1,64,-0.21280342095333926,0.09702620712787982,124,2876
1,65,-0.22233387765356116,0.336465244891882,0,3000
1,66,-0.2614445574771109,0.08579148732014223,164,2836
1,67,-0.2268652947860118,-0.01893407686718491,1289,1711
1,68,-0.23271458826460686,0.10106684654535035,65,2935
1,69,-0.25539523985694906,-0.21071136847292657,1503,1497
1,7,-0.2471264367816092,0.07222360140367634,0,3000
1,70,-0.22836210108034283,0.0899938935558844,0,3000
1,71,-0.24175407557184386,-0.4814410990899027,2773,227
1,72,-0.27280614774417444,-0.23426928160335636,1536,1464
1,73,-0.23753592402848933,0.16730737821997735,0,3000
1,74,-0.21460900176012068,0.0012294991519355685,225,2775
1,75,-0.24835301429459286,0.11406009441374428,284,2716
1,76,-0.2870288667591075,0.07993232805580554,0,3000
1,77,-0.24380525463827665,0.0886892990087471,123,2877
1,78,-0.24570855782483395,-0.3543824272617154,2261,739
1,79,-0.24577126988134304,-0.07625381626243503,499,2501
1,8,-0.22344002989164286,0.02346690354958232,175,2825
1,80,-0.26296936758893286,0.493566481815943,0,3000
1,81,-0.24235918161151798,-0.09668058485322911,327,2673
1,82,-0.2451459351121132,0.1047663861017159,0,3000
1,83,-0.2564779874213836,0.00800370824128744,258,2742
1,84,-0.2588424437299036,0.3238532961950889,0,3000
1,85,-0.19438116932422164,0.24911170575662947,215,2785
1,86,-0.25291975386161,0.29208957590325635,0,3000
1,87,-0.23758909591096658,0.13721509595002312,0,3000
1,88,-0.28693710457759575,0.29114998924395086,164,2836
1,89,-0.2637677547969101,0.05840564711497713,0,3000
1,9,-0.2392290249433106,0.007843787299508524,175,2825
1,90,-0.27300917886380555,-0.4167455244955532,2534,466
1,91,-0.2606449987402368,0.06541213542572841,362,2638
1,92,-0.22965664696264618,0.33203675954084044,0,3000
1,93,-0.2474277922399901,0.1728143736393746,0,3000
1,94,-0.2788352451783688,0.15655224324106695,0,3000
1,95,-0.23267013052845012,0.030359636054790376,252,2748
1,96,-0.22174946815167063,-0.25346693581166324,1753,1247
1,97,-0.2657746133071446,2.0822871442050523e-4,324,2676
1,98,-0.25617519735166794,-0.26901405469063155,1754,1246
1,99,-0.26988707653701377,-0.224572348736611,1121,1879
10,1,-0.27376565954310983,-0.1736950791025189,1028,1972
10,10,-0.268105913829689,0.5214256286239551,38,2962
10,100,-0.23502897617514493,-0.05430518417643189,415,2585
10,11,-0.2380016839741792,0.08155250957302444,0,3000
10,12,-0.23625968277388423,0.042231861957494635,144,2856
10,13,-0.23848439821693912,-0.3095407300393685,2049,951
10,14,-0.25689863420979286,-0.14233714544812934,692,2308
10,15,-0.23770719511065833,0.09369523688869454,0,3000
10,16,-0.25971143174250827,0.12451321063377327,0,3000
10,17,-0.22629547960308716,-0.30110364630004577,1497,1503
10,18,-0.2847700358028091,-0.3461712918069422,1503,1497
10,19,-0.2723577235772358,0.08373897552458331,0,3000
10,2,-0.24108878807517825,-0.1964239706574968,1119,1881
10,20,-0.23328989015080992,0.07438900861242409,3,2997
10,21,-0.2518353312889137,0.05604918799327671,0,3000
10,22,-0.22058144900784496,0.052616222968646056,0,3000
10,23,-0.2642850549247669,-0.0250407508204053,428,2572
10,24,-0.24375347029428088,0.03711255199212204,62,2938
10,25,-0.2651403249630723,-0.2631350923015565,1430,1570
10,26,-0.22290274684484043,0.10036145549478323,0,3000
10,27,-0.21355900850906395,-0.09184784866459729,501,2499
10,28,-0.29665420731151426,0.14448397407293925,19,2981
10,29,-0.26061882094470884,-0.11846488456927044,764,2236
10,3,-0.2258866881621373,-0.08724958711044621,877,2123
10,30,-0.24055205631715448,0.0637214770523631,0,3000
10,31,-0.22739398399411279,0.07904545646787609,25,2975
10,32,-0.2438035566202893,-0.040825953879713855,430,2570
10,33,-0.24263351749539588,0.12168718857288618,0,3000
10,34,-0.26026892613741026,0.0721171093712722,217,2783
10,35,-0.23614568925772247,0.09360460230603405,15,2985
10,36,-0.2318719940806511,-0.35985056354236794,1832,1168
10,37,-0.2553133015756687,-0.04452469073907612,558,2442
10,38,-0.22769628194482877,-0.042868853154708016,469,2531
10,39,-0.22047756201802482,0.10620945612779137,131,2869
10,4,-0.25048723897911834,-0.20420276534161566,1401,1599
10,40,-0.24851095024282974,0.10153928602070648,0,3000
10,41,-0.2772378043136166,-0.006411522130265827,211,2789
10,42,-0.2561937970269775,0.06973007107433797,26,2974
10,43,-0.26188482649548794,-0.5416657604652224,2972,28
10,44,-0.21357175607519485,-0.18290915529156188,1317,1683
10,45,-0.2615866580668939,0.1616160274247549,0,3000
10,46,-0.25245660758563687,0.05413427622305221,0,3000
10,47,-0.24928525315871994,0.07205089715110394,0,3000
10,48,-0.2534963415763638,-0.3734202120767102,2307,693
10,49,-0.29184827969952715,-0.31542160197787056,1497,1503
10,5,-0.2703806870937791,-0.4372923934421738,1880,1120
10,50,-0.21577067497023547,-0.038057432932521604,222,2778
10,51,-0.2576358770877549,-0.07983883910448726,393,2607
10,52,-0.24577205882352932,0.03358955388492304,15,2985
10,53,-0.2778337762301843,-0.011269026120811598,112,2888
10,54,-0.2789845110439007,0.10725891348675792,1,2999
10,55,-0.2558373775295302,-0.31692165558818847,2001,999
10,56,-0.24148837209302332,0.0677548035355379,0,3000
10,57,-0.27068965517241383,0.052465310389016355,30,2970
10,58,-0.21170713692179857,-0.05876058343769563,667,2333
10,59,-0.25969490902407644,0.27063934642539456,136,2864
10,6,-0.24746864839758476,-0.033987826647132464,131,2869
10,60,-0.25753525670568717,0.09866631277817502,0,3000
10,61,-0.23135435992578848,0.10637188845537042,0,3000
10,62,-0.2341942053133389,0.010262911844765821,193,2807
10,63,-0.2503506967174788,-0.556166209150952,2174,826
10,64,-0.2591580098414435,-0.3067431869375413,1782,1218
10,65,-0.2655293899499351,-0.20677322565718403,963,2037
10,66,-0.24505525118395396,-0.3952699440801445,2677,323
10,67,-0.26693892704659367,-0.14593592879449852,613,2387
10,68,-0.23906464924346638,0.1283817006581604,0,3000
10,69,-0.2525299415096091,0.05797528334373766,13,2987
10,7,-0.24600520252694158,0.2615240710013496,0,3000
10,70,-0.24524469067405358,-0.21717326141850768,1510,1490
10,71,-0.2185233401525014,0.08498417522555479,53,2947
10,72,-0.24822039382453553,-0.07891486625814904,406,2594
10,73,-0.2866276945560833,-0.3089595493829874,1727,1273
10,74,-0.24670172525140685,-0.4255556044621128,2490,510
10,75,-0.24956273589247913,0.13455623894555724,36,2964
10,76,-0.25977989457134926,-0.36295844320582177,2278,722
10,77,-0.21808014911463183,0.20079525280685534,0,3000
10,78,-0.25041444096518706,0.017879340324724227,164,2836
10,79,-0.2226075545974317,-0.010048654942075397,473,2527
10,8,-0.23115623856567877,-0.0430300712282188,512,2488
10,80,-0.26387347391786903,0.04041399623950711,81,2919
10,81,-0.24667516851885588,-0.12149462034848776,928,2072
10,82,-0.290164540580514,0.1325636909329364,0,3000
10,83,-0.25660203139427523,0.029730496419481174,68,2932
10,84,-0.23703635357076958,0.05367425459712963,78,2922
10,85,-0.26409687557774086,0.1295682920776205,0,3000
10,86,-0.2852647167715662,0.07978717280507938,12,2988
10,87,-0.2391682696711551,-0.3174007129941038,1679,1321
10,88,-0.2561937970269775,0.005827869502988492,170,2830
10,89,-0.2530308596620132,-0.13980170941932937,981,2019
10,9,-0.25921489126428315,-0.29361062946070154,1862,1138
10,90,-0.2640449438202247,-0.2627137481475975,1481,1519
10,91,-0.2637740406949735,-0.06827637272457601,248,2752
10,92,-0.26845326409495557,0.005532052682040128,142,2858
10,93,-0.23717831721116997,-0.20810897438103135,1132,1868
10,94,-0.24642464246424642,0.07303180637238861,27,2973
10,95,-0.2388434362216438,0.08041678279000367,58,2942
10,96,-0.2367641614216957,-0.2834907818510886,1969,1031
10,97,-0.27128987517337033,0.07862232049319062,233,2767
10,98,-0.2446778841684484,-0.3404195772312537,2266,734
10,99,-0.24083241657499083,-0.3915464312776794,2490,510
11,1,-0.264554163596168,0.0808802799725812,0,3000
11,10,-0.23341363973313559,0.00485792950767119,109,2891
11,100,-0.24198008849557515,-0.08861134019938373,343,2657
11,11,-0.22937309010093526,0.11582120710015144,0,3000
11,12,-0.25011536686663594,-0.1522697881504084,996,2004
11,13,-0.27819340537545023,-0.1674526119289267,990,2010
11,14,-0.26097855352334964,-0.344540693422964,2253,747
11,15,-0.25236856771317107,-0.14296326548949936,685,2315
11,16,-0.29474654377880183,-0.30240446600713766,1606,1394
11,17,-0.2621912021305905,-0.047550613462386836,675,2325
11,18,-0.2459564974902398,-0.14136976496308332,1037,1963
11,19,-0.2646515067480127,0.051826299721490186,2,2998
11,2,-0.21730733860584875,-0.30720581093234345,2315,685
11,20,-0.26547035426880033,-0.36427162784258676,1887,1113
11,21,-0.250278603268945,-0.2592286808088038,1488,1512
11,22,-0.2898497618175156,-0.28378594216699143,1362,1638
11,23,-0.2702529911407434,-0.23491635257015756,1149,1851
11,24,-0.2849575303680701,-0.44437269304622673,2493,507
11,25,-0.2268744812321314,0.009194749436704328,89,2911
11,26,-0.27865831183192047,-0.023689524458511014,156,2844
11,27,-0.2579987016600204,-0.24835960495913625,1456,1544
11,28,-0.2224391150771518,0.052948165361026325,0,3000
11,29,-0.24495650564501203,-0.03663644880213394,130,2870
11,3,-0.23288179625162364,-0.28188260370762547,2134,866
11,30,-0.2406770203664093,0.04866076626651123,0,3000
11,31,-0.2506030803488587,0.07054306385201013,0,3000
11,32,-0.25404306441179186,-0.0763094680047442,325,2675
11,33,-0.24279645363871438,-0.06340198403620063,231,2769
11,34,-0.2877289377289376,-0.006366465126191345,199,2801
11,35,-0.21663282259553254,-0.13261535800451368,693,2307
11,36,-0.2422675653217617,-0.19456605081405637,934,2066
11,37,-0.26552106430155215,-0.004559150662594164,43,2957
11,38,-0.2369889325894083,-0.17711635560193686,1073,1927
11,39,-0.25339705744541274,-0.27753013071922283,1735,1265
11,4,-0.2305990783410138,-0.21244248336784283,797,2203
11,40,-0.2531922655964976,0.11915020304479985,0,3000
11,41,-0.2208172988821696,0.03721010308982959,159,2841
11,42,-0.24547043134369534,0.06294041327857317,0,3000
11,43,-0.25154714233709496,0.05742524212712699,20,2980
11,44,-0.277981315259205,-0.042378502639555594,230,2770
11,45,-0.2407254740313273,-0.3097549580464113,2177,823
11,46,-0.27799724391364267,-0.5566091841925529,2411,589
11,47,-0.24805771365149826,-0.08707822711376875,429,2571
11,48,-0.24858136555006416,-0.10530346085023805,712,2288
11,49,-0.2629828127887637,-0.4622623971477055,2954,46
11,5,-0.27357798165137615,-0.19597252720015187,741,2259
11,50,-0.25177533892834086,0.0541132349023245,36,2964
11,51,-0.2154130133825565,0.0346840734175651,39,2961
11,52,-0.26292114201780953,-0.0649281591686165,334,2666
11,53,-0.2608131888487543,-0.183792606000645,1022,1978
11,54,-0.27843030137485203,-0.29602695787641975,1420,1580
11,55,-0.21358771521637962,0.049636702678614114,100,2900
11,56,-0.23375907378480204,-0.22619983925700998,1326,1674
11,57,-0.26224035608308616,-0.008066689902354488,156,2844
11,58,-0.2622815844844937,-0.058297531581420266,196,2804
11,59,-0.24751463346650568,-0.05972510395792171,156,2844
11,6,-0.24662068965517242,0.07956796451147057,14,2986
11,60,-0.26023962106436327,-0.01359946012395443,431,2569
11,61,-0.2296425939572587,-0.10123999355826604,404,2596
11,62,-0.23802959286830255,-0.20726067230790937,1165,1835
11,63,-0.2486869989864553,-0.14508767346946227,539,2461
11,64,-0.24134139637163268,-0.1502513122506802,909,2091
11,65,-0.23528865788008166,0.08481040225203369,0,3000
11,66,-0.2445442875481387,-0.13895680901839227,1112,1888
11,67,-0.25317037309318136,-0.1285364748551563,914,2086
11,68,-0.2512641353314333,-0.17357681380064252,797,2203
11,69,-0.2505099202670128,-0.11219016916449982,831,2169
11,7,-0.2633269107257547,-0.17302012787942816,989,2011
11,70,-0.24599668691330753,-0.13114037463145056,405,2595
11,71,-0.27837140751658074,-0.3188350039665637,1737,1263
11,72,-0.24670208867717106,-0.1522150268674701,577,2423
11,73,-0.20707305723592365,0.09954783501270667,3,2997
11,74,-0.23713996503174742,-0.28385478262190517,1424,1576
11,75,-0.28220578836848353,-0.169796652143601,500,2500
11,76,-0.22200593251761222,-0.053332108176755405,390,2610
11,77,-0.22272981540182732,0.10479807799320727,0,3000
11,78,-0.2542388415360645,0.04108505161778279,0,3000
11,79,-0.22925119881962377,-0.07421661460091544,442,2558
11,8,-0.25134863308036937,-0.22668730932459244,1181,1819
11,80,-0.2579576816927323,-0.20531592060208026,990,2010
11,81,-0.24249165739710787,0.0022169864277506853,164,2836
11,82,-0.26305220883534136,0.14220778411799853,1,2999
11,83,-0.24081220139654538,-0.18412963977094715,1290,1710
11,84,-0.24334671771407232,-0.21420665782248685,1258,1742
11,85,-0.20697308794969013,-0.020215853069211812,155,2845
11,86,-0.2630560928433269,-0.1862458308814995,823,2177
11,87,-0.2799300634949847,-0.027026518825025422,282,2718
11,88,-0.23619660082682592,0.06329909130516681,0,3000
11,89,-0.23966252549601333,-0.013525750225521348,127,2873
11,9,-0.24585787923416796,-0.03985823029180941,203,2797
11,90,-0.22388608176389535,0.0869696651492412,0,3000
11,91,-0.2231336405529954,0.020691854337538427,332,2668
11,92,-0.20752975915843871,0.04303414877935855,272,2728
11,93,-0.23859035701140963,-0.12487131979240969,645,2355
11,94,-0.23180444932710792,0.062329676408642606,0,3000
11,95,-0.23444932308818148,-0.33078742569278125,2104,896
11,96,-0.2486640869725446,-0.2771273437601968,1937,1063
11,97,-0.25532498400219406,0.09371921754564229,3,2997
11,98,-0.2804660340129662,0.0810624334165188,26,2974
11,99,-0.23227586206896553,-0.23688806193189063,1566,1434
12,1,-0.22193690388848128,-0.16098710389787504,717,2283
12,10,-0.25978191148171914,-0.03408928516553494,237,2763
12,100,-0.2517082179132041,0.021963242223349364,27,2973
12,11,-0.2565747273893522,-0.2927437000782254,1819,1181
12,12,-0.2988537880905787,-0.25257988331840814,952,2048
12,13,-0.2632404502675771,-0.1002166577536056,204,2796
12,14,-0.22775404049786357,-0.25344375541850656,973,2027
12,15,-0.21127679403541463,-0.28327984264320955,2294,706
12,16,-0.2670527670527671,-0.25179754357903833,1199,1801
12,17,-0.23366576568179703,-0.05815692001362296,106,2894
12,18,-0.2018425460636516,-0.21061334652286304,1376,1624
12,19,-0.2613345521023767,-0.26034117079027047,1586,1414
12,2,-0.23853716806027747,-0.17288047934251646,786,2214
12,20,-0.27433869648213804,-0.130468257439956,115,2885
12,21,-0.21470396877033177,-0.18385933678868377,956,2044
12,22,-0.2519223727572317,-0.39354580392603294,2340,660
12,23,-0.23107643726200428,-0.02621767980156782,326,2674
12,24,-0.24260135448557374,-0.001009531342575699,44,2956
12,25,-0.2219977965479251,-0.05232507433084619,171,2829
12,26,-0.24737370969215317,0.0468517271272486,0,3000
12,27,-0.24967931097672705,-0.12015115696821012,321,2679
12,28,-0.24350890207715137,-0.3561787359981576,2629,371
12,29,-0.24981536189069417,-0.18836799023114428,649,2351
12,3,-0.2778549597110309,-0.15914222132113873,372,2628
12,30,-0.27467652495378925,-0.08285884816363193,240,2760
12,31,-0.2536808413351623,0.014275812555656507,24,2976
12,32,-0.2773473528869212,-0.03315748892119584,25,2975
12,33,-0.24689412201001296,0.05909460285869091,0,3000
12,34,-0.23679366832320994,-0.468568496273782,2494,506
12,35,-0.22456140350877196,-0.1646562234777278,660,2340
12,36,-0.23343124655773814,-0.3365621335304532,1579,1421
12,37,-0.24159955567897815,-0.14469810367385952,801,2199
12,38,-0.24956176769074628,0.041393539003874616,0,3000
12,39,-0.2537493056841326,-0.10119097011204665,205,2795
12,4,-0.26647171707941153,0.06738582541465897,0,3000
12,40,-0.24928604329801937,-0.005884794807755133,70,2930
12,41,-0.22915511185061946,0.0657470508500483,0,3000
12,42,-0.25978908757450714,0.1008730663944462,7,2993
12,43,-0.24493758668515953,-0.13342451647573442,206,2794
12,44,-0.2854105029585799,-0.09622577256724185,118,2882
12,45,-0.24672349005590688,-0.09654085496605083,332,2668
12,46,-0.22518627541164568,-0.2618303596406439,1956,1044
12,47,-0.27391383716684925,-0.01950103012729096,13,2987
12,48,-0.2552007299270074,-0.10269696109489018,125,2875
12,49,-0.22337086948495477,-0.27518689512157224,1885,1115
12,5,-0.2532915937758954,-0.15255450694390238,456,2544
12,50,-0.23566291720449928,-0.2973745877522079,2265,735
12,51,-0.28132969034608385,-0.09935330836281192,212,2788
12,52,-0.27864005912786405,-0.19998089291382787,558,2442
12,53,-0.23146788990825684,-0.07336668064540616,141,2859
12,54,-0.2844843377908042,-0.1537344451745069,265,2735
12,55,-0.24251551661190213,-0.24342696860095392,1287,1713
12,56,-0.25971892681146197,-0.30565646849988487,2070,930
12,57,-0.2334931759498341,-0.015324765334061793,6,2994
12,58,-0.24104264529796443,-0.2883494027984307,1826,1174
12,59,-0.27195336356065514,0.020941111433222557,0,3000
12,6,-0.23865530653824776,0.1003736325022806,0,3000
12,60,-0.2637393241737838,-0.036369334117045425,9,2991
12,61,-0.2357738477045726,-0.14427623280883256,434,2566
12,62,-0.2256058527663466,-0.2704990352011922,2148,852
12,63,-0.2700588884799411,-0.2500874784895816,1102,1898
12,64,-0.23873664653971197,-0.2732033314646152,1918,1082
12,65,-0.2309898242368178,0.031968754042946114,112,2888
12,66,-0.2274965164886205,-0.07092837263171572,170,2830
12,67,-0.19851508120649652,0.10082292140087307,0,3000
12,68,-0.27147480351363845,-0.14587812997409091,144,2856
12,69,-0.24326833797585892,-0.304834816986463,2151,849
12,7,-0.26455800347380937,-0.09190639022671855,100,2900
12,70,-0.2364889705882352,-0.14192561930256384,321,2679
12,71,-0.27658006264971435,0.046538430770672566,27,2973
12,72,-0.2293181190761019,-0.24020746497673645,1710,1290
12,73,-0.23696072118480369,-0.271473708358845,1750,1250
12,74,-0.2468219356036003,-0.3146568016569525,1511,1489
12,75,-0.24136329866270437,-0.05410344129638685,284,2716
12,76,-0.24667405764966743,0.007844507678538984,48,2952
12,77,-0.24090571640683006,-0.14317537370662758,390,2610
12,78,-0.2736871612782658,-0.2032180571192749,657,2343
12,79,-0.2646924412759345,0.017690513396580062,59,2941
12,8,-0.24187459718257986,-0.342717439295698,1366,1634
12,80,-0.22309396344840318,-0.2195357485365617,1021,1979
12,81,-0.2615511551155115,-0.40470608241245104,2412,588
12,82,-0.23314528807916396,-0.24268278735745746,1646,1354
12,83,-0.25907923697725604,-0.048415202388141655,105,2895
12,84,-0.2949866125011542,-0.19526747935482208,567,2433
12,85,-0.2973701328872781,-0.214180184998651,1009,1991
12,86,-0.25111856823266226,-0.4748824218135751,2320,680
12,87,-0.2605072795531544,-0.10708904029215412,92,2908
12,88,-0.2618449222749698,-0.03503485115780074,68,2932
12,89,-0.2612488521579431,-0.15823962721129906,409,2591
12,9,-0.2283904619970194,-0.32092145889785123,2427,573
12,90,-0.26067186340014853,-0.03720804916533097,12,2988
12,91,-0.2524788835842821,-0.22403338714195006,1021,1979
12,92,-0.2570351296670958,-0.19220335097540717,792,2208
12,93,-0.27290394225430314,-0.45874482454910304,1466,1534
12,94,-0.2483153327794701,0.06302436520345063,8,2992
12,95,-0.21658733064811425,-0.023598138100062675,187,2813
12,96,-0.28760375809541183,-0.18827313569292473,320,2680
12,97,-0.2169525731584258,-0.18751418797636268,1178,1822
12,98,-0.21566287183253774,-0.03779990705315018,123,2877
12,99,-0.22768587529540074,0.07199178292587112,0,3000
13,1,-0.25715081723625555,-0.18721532219965056,531,2469
13,10,-0.27144038974170426,-0.09950930384986899,57,2943
13,100,-0.27803182732760195,-0.17254367685207278,262,2738
13,11,-0.21918567075985598,-0.1548457664941502,636,2364
13,12,-0.25497934832491964,-0.3004076719081541,2098,902
13,13,-0.2705030697333456,-0.2152170342652705,876,2124
13,14,-0.2458198614318706,-0.10767160745803116,109,2891
13,15,-0.2611646033929391,-0.2553460053136713,1351,1649
13,16,-0.272710605921716,-0.30488243155950723,1439,1561
13,17,-0.2519641371660966,-0.20873754033852554,864,2136
13,18,-0.2460620747506758,-0.1467513752475449,369,2631
13,19,-0.2636989444699403,-0.11459953707259025,56,2944
13,2,-0.2733793103448276,-0.29183009858271003,1380,1620
13,20,-0.23752792256142954,-0.2234271005479294,1271,1729
13,21,-0.2607169253510717,-0.05688519899478493,56,2944
13,22,-0.28355178142883514,-0.19866428642172382,405,2595
13,23,-0.23597239876520795,-0.1196833702483088,233,2767
13,24,-0.22220161365111757,-0.23293007580815603,1162,1838
13,25,-0.2707371143543321,-0.20478394791173424,667,2333
13,26,-0.24826244092299132,-0.304678562729052,2272,728
13,27,-0.22523105360443624,-0.11329482438264495,247,2753
13,28,-0.22295927768564586,-0.17673070613194533,810,2190
13,29,-0.19912777210726557,-0.15721761351273286,844,2156
13,3,-0.2661943319838056,-0.21709866081491816,718,2282
13,30,-0.22133580705009276,-0.2664354548540169,2103,897
13,31,-0.2662954171991966,-0.3972987421227709,1381,1619
13,32,-0.2535250207354161,-0.21425790725999483,986,2014
13,33,-0.25234338747099766,-0.25287538063533793,1396,1604
13,34,-0.24841525034451084,-0.09879281528239829,183,2817
13,35,-0.20550711335474986,-0.18844468528239813,1098,1902
13,36,-0.22691605839416062,-0.3573101487705416,2600,400
13,37,-0.2708946980854198,-0.3621460801150179,2571,429
13,38,-0.22262569832402238,-0.035733522328021884,133,2867
13,39,-0.25952930318412554,-0.26442680407161323,1498,1502
13,4,-0.24321089938322749,-0.2069017671769467,932,2068
13,40,-0.27975641262225515,-0.1891045887589677,599,2401
13,41,-0.25133936818769625,-0.18269463075080628,771,2229
13,42,-0.2521246458923513,-0.20878011155854878,868,2132
13,43,-0.26771142433234424,-0.09524623300464852,11,2989
13,44,-0.23333022475053633,-0.04495793443887393,32,2968
13,45,-0.26354359925788495,-0.3517399722580894,1377,1623
13,46,-0.27504385559966765,-0.22072598426260787,663,2337
13,47,-0.3006320417697169,-0.19493092735400655,249,2751
13,48,-0.2585002328830927,-0.21215474694517567,777,2223
13,49,-0.25191403007102664,-0.06802583352814859,35,2965
13,5,-0.2585526919196552,-0.19560632826502178,572,2428
13,50,-0.23295245116107635,-0.09036711660569877,305,2695
13,51,-0.25345964521222253,-0.29847334485363414,1567,1433
13,52,-0.256578947368421,-0.05767328688718213,0,3000
13,53,-0.2825149150986691,-0.191196519999727,389,2611
13,54,-0.24609810479375693,-0.2454398271037458,1392,1608
13,55,-0.23522338359078726,-0.1484291985684494,270,2730
13,56,-0.2774603759675637,-0.026839542570069676,21,2979
13,57,-0.24072042420917908,-0.11536885520542407,88,2912
13,58,-0.22682027649769584,-0.10559762448016188,169,2831
13,59,-0.2609767229575536,-0.273728292840103,1538,1462
13,6,-0.3039691997433312,-0.21219337905541097,291,2709
13,60,-0.2649073144005114,-0.22532881038503727,739,2261
13,61,-0.2738918072067091,-0.21827008009871163,614,2386
13,62,-0.22599853426163427,-0.15752786156516127,444,2556
13,63,-0.2521635058000368,-0.2503055755888528,1335,1665
13,64,-0.2672031076581575,-0.21163713277051327,586,2414
13,65,-0.2581268993461644,-0.18599178817959128,606,2394
13,66,-0.24381428968584926,-0.06096979932261987,25,2975
13,67,-0.24511153952079306,-0.10912649828475987,147,2853
13,68,-0.23397612488521585,0.15117795357225092,72,2928
13,69,-0.2798372931496719,-0.2666396863887386,1211,1789
13,7,-0.21356621384345253,-0.05874605787487922,21,2979
13,70,-0.2525365354184121,-0.2983910685642117,1152,1848
13,71,-0.26695072248981105,-0.18913587022462822,387,2613
13,72,-0.25093598758104285,-0.23828045919289859,1057,1943
13,73,-0.2440085130008328,-0.26478734785694646,1829,1171
13,74,-0.27077797122697705,-0.23290109877476836,953,2047
13,75,-0.20677361853832446,-0.14662978200293011,879,2121
13,76,-0.2552602436323366,-0.26826853331730666,1407,1593
13,77,-0.23852100214212532,-0.008385797763974981,14,2986
13,78,-0.21761180267404345,-0.20239406880269042,1155,1845
13,79,-0.273272995936461,-0.26032428577281924,1439,1561
13,8,-0.24764890282131657,-0.04869673463439255,2,2998
13,80,-0.26061669128508114,-0.1715889532290494,591,2409
13,81,-0.2474888392857143,-0.2649569822200518,1679,1321
13,82,-0.24520021941854087,-0.15897845739570182,532,2468
13,83,-0.22728110599078344,-0.2781731053705404,2179,821
13,84,-0.26082991336069317,-0.2773191305354282,1724,1276
13,85,-0.2203405430280719,-0.19382055276554597,986,2014
13,86,-0.23624685841943596,-0.29802137315544985,2272,728
13,87,-0.22255358807082942,-0.12587046213974726,454,2546
13,88,-0.2645789328680319,-0.14000452484480091,447,2553
13,89,-0.23819150891380259,-0.12152924505988937,421,2579
13,9,-0.2282237994285188,-0.30183280134981594,2441,559
13,90,-0.28767750801649106,-0.16042892056319838,342,2658
13,91,-0.25936098141536207,-0.19176521900774762,602,2398
13,92,-0.20711433082567102,-0.2124689684665606,1585,1415
13,93,-0.2414559599888859,-0.2194770940898334,1143,1857
13,94,-0.22319597240350553,-0.12163680580844145,382,2618
13,95,-0.24464153732446425,0.0358666106698735,0,3000
13,96,-0.24711742459182734,-0.38872906535498125,1471,1529
13,97,-0.24618916437098254,-0.16642963225946397,540,2460
13,98,-0.23700969081679737,-0.1142857132612018,113,2887
13,99,-0.24979306539133628,0.044841932604273035,38,2962
14,1,-0.253947851634227,-0.22059419378911535,801,2199
14,10,-0.26278370248837846,-0.23265823709819752,836,2164
14,100,-0.27968892955169256,-0.15830118706043317,198,2802
14,11,-0.2938111344729866,-0.16443057359127033,58,2942
14,12,-0.25802889481917723,-0.19047784741359763,564,2436
14,13,-0.23025522041763338,-0.3479076942184226,1391,1609
14,14,-0.2433283914010378,-0.16834080249732383,279,2721
14,15,-0.25541085840058697,-0.250442383419516,898,2102
14,16,-0.2364261807363333,-0.15465099864638845,227,2773
14,17,-0.2682792237652901,-0.18858138979195244,579,2421
14,18,-0.2510654067074301,-0.12358430654959994,10,2990
14,19,-0.2528301886792454,-0.24916320432504,1237,1763
14,2,-0.2625579240037072,-0.14433240050979623,344,2656
14,20,-0.26736745886654484,-0.23637945992367035,764,2236
14,21,-0.25581395348837205,-0.23909761096935161,1070,1930
14,22,-0.2624501530186405,-0.18322835071168633,449,2551
14,23,-0.2539091586001489,-0.2472751838615425,1352,1648
14,24,-0.23120541430400574,-0.14382129407494623,342,2658
14,25,-0.25776140027637034,-0.15385967443834428,135,2865
14,26,-0.25589936644936184,-0.15925201207454395,306,2694
14,27,-0.20592044403330256,-0.14609505403288872,898,2102
14,28,-0.24729592308403447,-0.2612256227142313,1481,1519
14,29,-0.22648148148148145,-0.35751959320969945,1371,1629
14,3,-0.2593312957302955,-0.2620181988714777,1297,1703
14,30,-0.2585140747577296,-0.2108625352625763,641,2359
14,31,-0.27032744665195,-0.2828919176139005,1480,1520
14,32,-0.22750785146868646,-0.14417709379742513,320,2680
14,33,-0.21618655692729763,-0.03515102850070929,0,3000
14,34,-0.2565911622725584,-0.42424037933238495,2337,663
14,35,-0.2757281553398059,-0.23940666821589457,769,2231
14,36,-0.2521108663729809,-0.20568543684993496,556,2444
14,37,-0.22241811264730454,-0.20916734247825328,1161,1839
14,38,-0.24839478994679873,-0.15733864375830042,149,2851
14,39,-0.2753515914137675,-0.14545001392992374,105,2895
14,4,-0.2689331122166943,-0.2410881291109073,960,2040
14,40,-0.29120776554041444,-0.1690050110846502,163,2837
14,41,-0.21648239338474407,-0.20224273912487822,1128,1872
14,42,-0.24426987060998148,-0.2457174256026712,1441,1559
14,43,-0.27698667891593937,-0.2881171147596422,1676,1324
14,44,-0.2778951235191477,-0.12878472288903672,62,2938
14,45,-0.22073454207345425,-0.45355560635214553,2509,491
14,46,-0.26383290582630997,-0.17815535260616605,162,2838
14,47,-0.25337775310012955,0.002940622099581825,0,3000
14,48,-0.2820843306941631,-0.2374618953091961,689,2311
14,49,-0.24109914186598497,-0.27539211876914055,1673,1327
14,5,-0.2539784159502469,-0.34114952579919844,2641,359
14,50,-0.2493302540415704,-0.32891660481564977,2778,222
14,51,-0.23855845840281634,-0.13532359625875626,245,2755
14,52,-0.2390563081743619,-0.04663098409925402,36,2964
14,53,-0.23455991124260359,-0.15169732738351027,373,2627
14,54,-0.2653945427728614,-0.2052011494982804,439,2561
14,55,-0.28983630814760003,-0.2656803044194661,1037,1963
14,56,-0.24995396796170133,-0.20739323935907758,544,2456
14,57,-0.2572846769004504,-0.1958278381310012,509,2491
14,58,-0.2175066312997348,-0.13192994240945122,333,2667
14,59,-0.264328564836179,-0.09660862454757264,15,2985
14,6,-0.24102184376156988,-0.20707175253563562,876,2124
14,60,-0.25710594315245483,-0.16832379077238602,633,2367
14,61,-0.25310587798998696,-0.2085731332714002,704,2296
14,62,-0.2212667591308368,-0.2920227037417834,2512,488
14,63,-0.25564464104690815,-0.13802049786156478,62,2938
14,64,-0.2260311640696609,-0.13104852146677134,521,2479
14,65,-0.26458011099990897,-0.30066504896565605,1329,1671
14,66,-0.2462506943158675,-0.18107317822073513,384,2616
14,67,-0.24222344929136752,-0.13944824893537786,76,2924
14,68,-0.2423876717415521,-0.27363902533440454,2136,864
14,69,-0.2858981430410002,-0.320254135663931,2215,785
14,7,-0.2244481543312929,-0.15377590292936216,472,2528
14,70,-0.24323332415817972,-0.21720057945075186,922,2078
14,71,-0.2705407142201413,-0.17020023717289665,77,2923
14,72,-0.2389190200112213,-0.1684895040411303,369,2631
14,73,-0.2459778666418674,-0.24005526971537355,1307,1693
14,74,-0.22,-0.15941339176200714,384,2616
14,75,-0.2632357017462811,-0.2520013310688554,1264,1736
14,76,-0.26602209944751376,-0.19167888281887918,293,2707
14,77,-0.26418912703523134,-0.13572495207162283,423,2577
14,78,-0.2140891579526692,-0.14669016048712277,423,2577
14,79,-0.26909191891141354,-0.18766473717745316,303,2697
14,8,-0.23538147391869316,-0.18299877068571216,583,2417
14,80,-0.2415281476719625,-0.22632535579855917,1046,1954
14,81,-0.24476813865584948,-0.06450302004517412,43,2957
14,82,-0.2550122471196588,-0.2039619066638965,557,2443
14,83,-0.25984396512161545,-0.22182404576287984,836,2164
14,84,-0.2408103400861674,-0.1561836707846313,277,2723
14,85,-0.2861077954274172,-0.24294589700837618,745,2255
14,86,-0.23081882656350744,-0.21201128668079414,1040,1960
14,87,-0.25980029585798825,-0.23145453159669907,796,2204
14,88,-0.2390375325157933,-0.38110850283275016,1908,1092
14,89,-0.26415612974161623,-0.09940834565235497,5,2995
14,9,-0.2265306122448979,-0.1142766014731102,235,2765
14,90,-0.24216889540208839,-0.25244608874879426,1584,1416
14,91,-0.26899459261295944,-0.17340846960397624,117,2883
14,92,-0.24256144890038814,-0.08177246029621507,1,2999
14,93,-0.2389511720559622,-0.21751902019817937,879,2121
14,94,-0.23686627479794267,-0.23754783957375117,1321,1679
14,95,-0.19898289412852518,-0.13145893245288007,423,2577
14,96,-0.23584123768302787,-0.17662546302291152,606,2394
14,97,-0.2576007326007325,-0.22816596508381579,827,2173
14,98,-0.2711458812701335,-0.18976987558916736,513,2487
14,99,-0.2621591746499632,-0.19177823185205753,216,2784
15,1,-0.24009992598075505,-0.2564856563902249,1430,1570
15,10,-0.24448546377480393,-0.17064758690430298,338,2662
15,100,-0.24244396912489538,-0.1778933499761914,382,2618
15,11,-0.23967094925593854,-0.20263977019647741,660,2340
15,12,-0.21917934532042427,-0.16523293895206928,487,2513
15,13,-0.25993377483443714,-0.08450303559545097,0,3000
15,14,-0.24313438300988652,-0.10221159753731232,2,2998
15,15,-0.2717744179575179,-0.1846987174524172,208,2792
15,16,-0.25850773430391266,-0.1498488305893372,15,2985
15,17,-0.28545404863830953,-0.22164583654382436,335,2665
15,18,-0.23901760889712703,-0.17262052639075323,230,2770
15,19,-0.24609122027939687,-0.22149854843463096,866,2134
15,2,-0.26248979961918567,-0.1916674213034122,131,2869
15,20,-0.2287870421498251,-0.1332421503832223,29,2971
15,21,-0.24865210636936852,-0.19599544851422782,468,2532
15,22,-0.23890005481454415,-0.13776633633111646,128,2872
15,23,-0.26375227686703107,-0.17814018947121368,460,2540
15,24,-0.2646538067281707,-0.22395778389004972,567,2433
15,25,-0.23966485590645428,-0.16974539580954187,294,2706
15,26,-0.24573629194938568,-0.18091821494019328,181,2819
15,27,-0.23280472063433513,-0.26504567223055014,1166,1834
15,28,-0.2604599612080909,-0.2889469228009728,1851,1149
15,29,-0.26317246470425393,-0.3269551270831954,1250,1750
15,3,-0.2751604032997251,-0.16543519469102802,27,2973
15,30,-0.2510681775961359,-0.15958608055951273,102,2898
15,31,-0.23470787235987933,-0.22472621472264623,1243,1757
15,32,-0.28710596452531933,-0.19839035074109895,252,2748
15,33,-0.2736387049300957,-0.13912859184809034,46,2954
15,34,-0.27586206896551724,-0.13849055162651375,60,2940
15,35,-0.2620606955077945,-0.23987365028619934,962,2038
15,36,-0.22819916240111673,-0.16034662475223493,302,2698
15,37,-0.2804663643934487,-0.268121478667393,1131,1869
15,38,-0.24529177103627425,-0.21295788365425372,883,2117
15,39,-0.26786698511850077,-0.1534576132387884,3,2997
15,4,-0.2505986369497145,-0.24249148682364022,1004,1996
15,40,-0.303980145233937,-0.18612883715554035,12,2988
15,41,-0.30619906601959523,-0.18515793831593955,106,2894
15,42,-0.22021087991042262,-0.1787582304094265,658,2342
15,43,-0.21057488234751318,-0.2188151054293389,1511,1489
15,44,-0.22174360895214903,-0.18858791926996094,906,2094
15,45,-0.27592627071308884,-0.176847620031787,31,2969
15,46,-0.24394527639119998,-0.11850619199662511,181,2819
15,47,-0.25194372454646435,-0.1555355373045475,3,2997
15,48,-0.2589501020218884,-0.2523689949000861,1284,1716
15,49,-0.27216532890488043,-0.1972427280356788,241,2759
15,5,-0.2065409272507666,-0.2006757080409659,1202,1798
15,50,-0.2256719184430028,-0.16807926356801653,441,2559
15,51,-0.26508361822045645,-0.2859382124024625,1454,1546
15,52,-0.2433212324304199,-0.23650451125426594,930,2070
15,53,-0.270771787296898,-0.19735733978291603,293,2707
15,54,-0.22652909462725404,-0.21266933022003254,1095,1905
15,55,-0.24318098046443065,-0.16784544652670322,466,2534
15,56,-0.22398001665278935,-0.2637782307626017,1901,1099
15,57,-0.23164778483927428,-0.16713796462652145,272,2728
15,58,-0.2570089162606858,-0.4456187354698677,1729,1271
15,59,-0.2559232967640822,-0.22663283963551126,844,2156
15,6,-0.2526072911859714,-0.17686392610008153,295,2705
15,60,-0.27351836585142436,-0.21275382114122615,499,2501
15,61,-0.2487137081955164,-0.08397991173389187,0,3000
15,62,-0.23683477291724717,-0.19494815691357054,619,2381
15,63,-0.24030072396510113,-0.19037812690779543,372,2628
15,64,-0.24710318190178404,-0.22446012111547237,886,2114
15,65,-0.22988718328093208,-0.19325788713960063,484,2516
15,66,-0.2640044370493623,-0.5229703082585503,2534,466
15,67,-0.25099307159353346,-0.19170045818123166,493,2507
15,68,-0.25389032975175996,-0.16060459660364712,70,2930
15,69,-0.2390686589054908,-0.2000353294938509,758,2242
15,7,-0.2725359201976754,-0.18461111396222699,31,2969
15,70,-0.26707961377300055,-0.26600547377415623,1398,1602
15,71,-0.27856355620867007,-0.2820505822468826,1602,1398
15,72,-0.23729749631811492,-0.12666173214100004,29,2971
15,73,-0.26835349524425156,-0.1300600090047098,11,2989
15,74,-0.2434535799304156,-0.34474353126974155,1223,1777
15,75,-0.2597148448420463,-0.18802950732925938,344,2656
15,76,-0.2059230556324384,-0.20958246607610026,1575,1425
15,77,-0.22831431487150933,-0.18002373891536935,500,2500
15,78,-0.27141952411110104,-0.20334703254471945,198,2802
15,79,-0.25483304042179267,-0.22609387961350436,910,2090
15,8,-0.24607426565675225,-0.18240684665685158,422,2578
15,80,-0.26227378190255224,-0.26028955962618955,1648,1352
15,81,-0.24745134383688605,-0.17514235328398964,500,2500
15,82,-0.2886428113846435,-0.13613347844811657,0,3000
15,83,-0.26686780032912777,-0.2705793548020481,1530,1470
15,84,-0.26110074626865676,-0.19043137253580913,215,2785
15,85,-0.24097733843140923,-0.196126653089621,624,2376
15,86,-0.21808314937454013,-0.1876744614711559,802,2198
15,87,-0.26720014716703466,-0.20602851821349422,300,2700
15,88,-0.24747895272458137,-0.29493336338093196,2111,889
15,89,-0.27918314782448717,-0.1552173898586414,81,2919
15,9,-0.22745527564804666,-0.2763396022526263,2411,589
15,90,-0.246679490702574,-0.23581458010554102,1181,1819
15,91,-0.20770301624129933,-0.2653266972931438,2524,476
15,92,-0.23657795377106539,-0.3173747871423254,1292,1708
15,93,-0.25705876942886047,-0.28157103067585576,2001,999
15,94,-0.25691736304549684,-0.2441835994567842,1082,1918
15,95,-0.25262576008844667,-0.14933266417624763,38,2962
15,96,-0.2800913242009132,-0.19114104524290992,107,2893
15,97,-0.24457887389483474,-0.24848161240944447,1508,1492
15,98,-0.2583042760139475,-0.16257197002076831,546,2454
15,99,-0.234944789830194,-0.23542903118577047,1416,1584
16,1,-0.24276869050919508,-0.22500074098447498,1029,1971
16,10,-0.26115412979351027,-0.1456866147128102,1,2999
16,100,-0.2497009844511914,-0.5365642106920708,2184,816
16,11,-0.23632976245924547,-0.19212304515952036,347,2653
16,12,-0.2491273194929266,-0.22842136911048694,934,2066
16,13,-0.2593311160384332,-0.17661592309076754,133,2867
16,14,-0.25660517289329743,-0.22678214996514875,942,2058
16,15,-0.2545505200594354,-0.3534102309415595,1024,1976
16,16,-0.25497386999174837,-0.20883195561975956,773,2227
16,17,-0.2473543756326493,-0.2176725537492073,1027,1973
16,18,-0.24127827122058415,-0.42287844224878723,1642,1358
16,19,-0.24521563959344372,-0.2289439155674869,1183,1817
16,2,-0.23779193205944799,-0.20984518869245436,1483,1517
16,20,-0.23218369774037148,-0.5697311704341934,2043,957
16,21,-0.2546218487394958,-0.1757186315087316,93,2907
16,22,-0.27620016649708634,-0.22874170310171513,460,2540
16,23,-0.25018274853801165,-0.1660667767363827,75,2925
16,24,-0.26166589967786474,-0.5004211052867736,2604,396
16,25,-0.24275963844309173,-0.2655215516116565,1893,1107
16,26,-0.24134731372367088,-0.3284794318159326,1746,1254
16,27,-0.19936885093744197,-0.09992040523828535,8,2992
16,28,-0.22089056882087213,-0.17925375677598043,428,2572
16,29,-0.25441826215022095,-0.2214116172398785,559,2441
16,3,-0.24270410048023644,-0.4191199464865206,1290,1710
16,30,-0.2478450273426639,-0.19384097510723353,542,2458
16,31,-0.2210428305400373,-0.1899135058030419,604,2396
16,32,-0.25666082787867606,-0.13785775491552296,0,3000
16,33,-0.24878272852549385,-0.1205783369791814,0,3000
16,34,-0.23756288429290107,-0.20303837236652453,505,2495
16,35,-0.24589104339796863,-0.1236313459457401,52,2948
16,36,-0.2699098767702777,-0.27204678539906474,1059,1941
16,37,-0.26083768673815416,-0.21632720850124476,466,2534
16,38,-0.2817438185536344,-0.17332034238266106,0,3000
16,39,-0.2431503668617071,-0.18923340070776706,531,2469
16,4,-0.2629670942554378,-0.23616202891004445,825,2175
16,40,-0.24820276497695856,-0.1770209668580143,128,2872
16,41,-0.22763243645843034,-0.1578168466987443,258,2742
16,42,-0.26097740216792203,-0.26174817829727653,1293,1707
16,43,-0.2307621247113163,-0.20065321693888105,471,2529
16,44,-0.2698134121559209,-0.35728875546366234,1514,1486
16,45,-0.23581593051192015,-0.25154422230428064,1999,1001
16,46,-0.24755193557243516,-0.25514061680587025,997,2003
16,47,-0.24562368252222533,-0.19781972296711597,531,2469
16,48,-0.2655232504815188,-0.19964662621337578,336,2664
16,49,-0.24898034853540973,-0.3078389156561704,1140,1860
16,5,-0.23801131620443372,-0.1638629321739581,118,2882
16,50,-0.23852790014684286,-0.22735775133758393,1219,1781
16,51,-0.2928636779505947,-0.12389118585163336,0,3000
16,52,-0.24835693788762384,-0.1848017210528608,215,2785
16,53,-0.2831734798398361,-0.1872631113997797,9,2991
16,54,-0.2474822827303244,-0.2769342817217426,1061,1939
16,55,-0.25564748535837123,-0.20846606160814476,413,2587
16,56,-0.27112579135700526,-0.2084175493020436,511,2489
16,57,-0.26342312625984965,-0.4559234549102646,1125,1875
16,58,-0.23614302785182467,-0.2572699285636928,1000,2000
16,59,-0.24656771799628943,-0.3206231735307473,1661,1339
16,6,-0.2729797278533741,-0.21299727817602512,500,2500
16,60,-0.27144698085419744,-0.13456273447911557,61,2939
16,61,-0.26064955377679633,-0.21169643362414953,545,2455
16,62,-0.25986381867363123,-0.18830791615549305,367,2633
16,63,-0.25189779670431406,-0.23609571548708316,903,2097
16,64,-0.23933627074153932,-0.22547043556971313,1115,1885
16,65,-0.22433530280649916,-0.15123859162996867,252,2748
16,66,-0.2674311926605504,-0.17082041380127289,0,3000
16,67,-0.233320944062442,-0.15228565133068317,524,2476
16,68,-0.22112793830716354,-0.20985235161014823,999,2001
16,69,-0.25645722659827813,-0.20021897316887677,277,2723
16,7,-0.25933419164980687,-0.22856548382795186,659,2341
16,70,-0.2527980760336695,-0.2263646909483977,871,2129
16,71,-0.27346752058554435,-0.2196000707755766,379,2621
16,72,-0.2503455265825117,-0.3379758988181942,1096,1904
16,73,-0.24466891133557797,-0.16184949767701887,73,2927
16,74,-0.23537025053157076,-0.2200237562754514,1044,1956
16,75,-0.2693997071742313,-0.16023875177666014,5,2995
16,76,-0.24435336976320585,-0.25403207241738807,1525,1475
16,77,-0.259643644379133,-0.24569746374311652,1008,1992
16,78,-0.26256316031235655,-0.1958552033080637,189,2811
16,79,-0.2706947524020696,-0.11210685001829912,0,3000
16,8,-0.2583446404341927,-0.38466742670093945,1494,1506
16,80,-0.24919123763748954,-0.12548435658417664,14,2986
16,81,-0.25885735485067707,-0.2809548248041408,1841,1159
16,82,-0.2585222037958356,-0.2310042476523276,827,2173
16,83,-0.2840181801317132,-0.2251989045502468,430,2570
16,84,-0.2796850682047057,-0.1408751672304013,26,2974
16,85,-0.257581430175964,-0.21968127952924568,621,2379
16,86,-0.2555328249953506,-0.19379048894969766,738,2262
16,87,-0.24840881837468862,-0.16132479946037204,173,2827
16,88,-0.2213325970918461,-0.1555058323271272,170,2830
16,89,-0.27962434398305863,-0.2090863115500814,202,2798
16,9,-0.21348108801172275,-0.1754195097950122,711,2289
16,90,-0.2689106713519511,-0.19976797920156683,240,2760
16,91,-0.2565717415115006,-0.32968527923972313,1809,1191
16,92,-0.2563411688191025,-0.29600909991629665,1332,1668
16,93,-0.2579767267267266,-0.20658605609614158,173,2827
16,94,-0.23475778228034636,-0.20148646614965873,740,2260
16,95,-0.2731334946937256,-0.19390672382787352,20,2980
16,96,-0.274436090225564,-0.21861311928157548,318,2682
16,97,-0.24800815267741336,-0.19849166031315543,767,2233
16,98,-0.23919043238270468,-0.20567196828201822,692,2308
16,99,-0.24453261972870727,-0.18585556817997714,188,2812
17,1,-0.24266469828381626,-0.20497897411682092,512,2488
17,10,-0.2651522119010392,-0.18738669760770954,359,2641
17,100,-0.24040143633182942,-0.1793018110212184,262,2738
17,11,-0.2504646840148699,-0.2315288539740414,913,2087
17,12,-0.2698501349716095,-0.1657931211434467,563,2437
17,13,-0.23349735400612748,-0.23093542960246397,1396,1604
17,14,-0.265866837622493,-0.22456952058151067,491,2509
17,15,-0.22987337092152693,-0.1793449565375713,276,2724
17,16,-0.2580645161290322,-0.2000748783497527,182,2818
17,17,-0.24513798851639182,-0.22092054689526722,777,2223
17,18,-0.22789620018535683,-0.19406951363201588,554,2446
17,19,-0.2508020900174168,-0.18231318866359003,6,2994
17,2,-0.25845499907595637,-0.21654760687556654,423,2577
17,20,-0.25804671693948866,-0.16670772726918975,11,2989
17,21,-0.27076780758556895,-0.21498624928516327,210,2790
17,22,-0.223534840793724,-0.15098268498119088,28,2972
17,23,-0.21728164409154593,-0.1665201278546839,169,2831
17,24,-0.24464549483013284,-0.4028468633953885,1757,1243
17,25,-0.27942530852827413,-0.3425095848422682,1000,2000
17,26,-0.2550562826027271,-0.24445949251268828,941,2059
17,27,-0.24840648333636858,-0.17328732102350547,72,2928
17,28,-0.2758810572687224,-0.22372865349677193,145,2855
17,29,-0.25230287398673545,-0.2569602639522496,1405,1595
17,3,-0.25894252873563217,-0.1653541966312949,9,2991
17,30,-0.24573693427965715,-0.46722648907839437,2295,705
17,31,-0.2542341508560851,-0.1765961499974873,15,2985
17,32,-0.2566568047337279,-0.16910959796400735,89,2911
17,33,-0.2673185130523014,-0.26339346620574966,1333,1667
17,34,-0.22036697247706422,-0.20259635230955172,952,2048
17,35,-0.25628510912607044,-0.30876560110150947,1185,1815
17,36,-0.2188283353449076,-0.2526779073691098,2508,492
17,37,-0.22605399408284027,-0.19188650806967228,476,2524
17,38,-0.245243322356385,-0.07740944971380742,0,3000
17,39,-0.2599030280852621,-0.16877543779252485,67,2933
17,4,-0.24688624411846108,-0.33488530403854194,1045,1955
17,40,-0.2942045035068291,-0.15913781389835646,8,2992
17,41,-0.2170422406714715,-0.3062456491880401,2770,230
17,42,-0.24044367036391967,-0.16455624310700287,16,2984
17,43,-0.24715567477569153,-0.26275609330187694,1812,1188
17,44,-0.2742619926199262,-0.2766374899191915,1034,1966
17,45,-0.25878771104345416,-0.27575350953462496,1107,1893
17,46,-0.24824917065978624,-0.24818313350805024,1361,1639
17,47,-0.2561822728535705,-0.23814434427843226,1051,1949
17,48,-0.23671630814487962,-0.19034814985156606,372,2628
17,49,-0.25146788990825686,-0.14656100498951863,0,3000
17,5,-0.2342725173210161,-0.17848266951120317,244,2756
17,50,-0.25263543862865523,-0.1635784560858871,25,2975
17,51,-0.23259273031514355,-0.2254961536231025,1363,1637
17,52,-0.23273776288851664,-0.16710956796048973,49,2951
17,53,-0.2640632264063227,-0.21696076246900262,620,2380
17,54,-0.25574286772878846,-0.18893936678675002,104,2896
17,55,-0.2691772562842037,-0.2566048779098414,894,2106
17,56,-0.27010594196222937,-0.1759766814614654,25,2975
17,57,-0.304153473644999,-0.2824009087367602,776,2224
17,58,-0.23942236938925687,-0.2078077355070538,582,2418
17,59,-0.2573855243722304,-0.1783652325550798,58,2942
17,6,-0.26078142277921124,-0.19883466299662805,279,2721
17,60,-0.24583914458391443,-0.1921969905336687,178,2822
17,61,-0.2691561142434605,-0.24721769564655133,1017,1983
17,62,-0.23028391167192422,-0.1861241069599108,274,2726
17,63,-0.23581952117863716,-0.19714142451856403,573,2427
17,64,-0.2616348723619943,-0.19840690690750248,133,2867
17,65,-0.27338664682908687,-0.2964110414139087,1146,1854
17,66,-0.25147004777655274,-0.21266938452284992,758,2242
17,67,-0.22857668260389852,-0.3061505345256069,1029,1971
17,68,-0.23559104258443467,-0.23320399918752216,1119,1881
17,69,-0.22818729717199807,-0.20679054614898107,779,2221
17,7,-0.23222616159731288,-0.18137012837750124,242,2758
17,70,-0.2312887408640948,-0.23778260975171078,1481,1519
17,71,-0.2684489000278474,-0.2697939075672818,1205,1795
17,72,-0.2711552612214864,-0.1951977425799022,108,2892
17,73,-0.24529882703407188,-0.20843050929442136,914,2086
17,74,-0.2370809409149842,-0.22227062437698872,1012,1988
17,75,-0.22700804140863293,-0.18291768796765134,288,2712
17,76,-0.26435928365964567,-0.26049366196694557,1401,1599
17,77,-0.2342878393454816,-0.2118120250802168,796,2204
17,78,-0.2640376800886591,-0.1877804081002393,74,2926
17,79,-0.25002315886984716,-0.27171097946858996,1479,1521
17,8,-0.25189219124976925,-0.21212549915669252,609,2391
17,80,-0.2800736309249885,-0.34981794836741914,2056,944
17,81,-0.2493587394650055,-0.2333638423630949,1048,1952
17,82,-0.2733692622189185,-0.17895319015456773,30,2970
17,83,-0.2491017964071856,-0.1923461913528938,140,2860
17,84,-0.24887830784726672,-0.16399838219889595,13,2987
17,85,-0.22058958582055282,-0.12828080266189706,265,2735
17,86,-0.24801330622805393,-0.3991372489340662,2319,681
17,87,-0.23804670126019264,-0.2246059003982862,1542,1458
17,88,-0.27680983881487004,-0.33597591258528275,1066,1934
17,89,-0.23693892568064762,-0.21317120622584096,1311,1689
17,9,-0.2731350114416476,-0.2355373103725013,676,2324
17,90,-0.2512590422122516,-0.17762079387992788,5,2995
17,91,-0.25416091954022985,-0.2266977805736357,612,2388
17,92,-0.24631268436578174,-0.27356119635426596,2246,754
17,93,-0.26575746406192413,-0.14186793839968298,0,3000
17,94,-0.2648363838047699,-0.13326759604637853,0,3000
17,95,-0.21398266002582553,-0.19801701536603514,883,2117
17,96,-0.22636447733580026,-0.14487124568993467,17,2983
17,97,-0.2577177508269019,-0.2357791033026926,716,2284
17,98,-0.2743540582488816,-0.22493402571857912,264,2736
17,99,-0.23810403769749608,-0.18291634435581444,1023,1977
18,1,-0.2494068260631502,-0.15526723187357308,0,3000
18,10,-0.23663558304865673,-0.12223489094730783,0,3000
18,11,-0.2129199925747169,-0.2148470868298655,1451,1549
18,12,-0.24884877509670297,-0.24172755855801492,1320,1680
18,13,-0.26881034796866465,-0.16312634343633717,27,2973
18,2,-0.2367172675521821,-0.19536419350667766,242,2758
18,3,-0.24065161051462428,-0.19550846522403842,168,2832
18,33,-0.2504626202812732,-0.4343192651503899,2000,1000
18,4,-0.227678982769741,-0.1920054006944353,319,2681
18,43,-0.268861833610035,-0.2446160492630691,1000,2000
18,44,-0.22366842056678665,-0.16121493780664292,264,2736
18,45,-0.22526354725356018,-0.17835857586007653,430,2570
18,46,-0.23880873103958564,-0.19542630861288934,401,2599
18,47,-0.24018223234624142,-0.15157528503365772,33,2967
18,48,-0.23359144542772856,-0.14427558879892555,20,2980
18,49,-0.23338901262063855,-0.1558095286293554,913,2087
18,5,-0.2586634800992739,-0.12394312002674093,0,3000
18,50,-0.22782108389012623,-0.4000957296921817,2181,819
18,51,-0.2616839762611277,-0.22368969344538361,486,2514
18,52,-0.2406945598965549,-0.28627422734130586,1473,1527
18,53,-0.2248728617660657,-0.2656819916499536,1000,2000
18,54,-0.24005550416281224,-0.14203205101575803,0,3000
18,55,-0.24371157070989385,-0.2733884258403756,1187,1813
18,56,-0.23383403553764426,-0.2799166831898178,1504,1496
18,57,-0.22983497125903943,-0.14903928104781036,30,2970
18,58,-0.23038628192126848,-0.24407546441253491,1073,1927
18,59,-0.24158488489406585,-0.09508768259701754,0,3000
18,6,-0.2436299852289512,-0.2745799772813604,1809,1191
18,60,-0.24794684875888165,-0.2339820286768766,1111,1889
18,61,-0.24134438305709016,-0.2830101207226399,1998,1002
18,62,-0.23843151830514783,-0.2732029970142328,1002,1998
18,63,-0.2717811751703813,-0.23239287730190328,409,2591
18,64,-0.2679966902638596,-0.2593233496220494,1000,2000
18,65,-0.2630943536404161,-0.23893265298048633,1172,1828
18,66,-0.25785184506913283,-0.20234784920067547,304,2696
18,67,-0.2748793590093781,-0.21841705779026685,624,2376
18,68,-0.24137298091042583,-0.16690752009307122,0,3000
18,69,-0.21744791666666666,-0.19611274503380546,888,2112
18,7,-0.2714982065667249,-0.2722356033715857,1020,1980
18,70,-0.2540946106688627,-0.38865685057528887,1004,1996
18,71,-0.25865770559133766,-0.1238517520105248,20,2980
18,72,-0.24778761061946902,-0.36831840622239476,1766,1234
18,73,-0.26195941603158573,-0.26303431026707064,1034,1966
18,74,-0.24083817963629647,-0.2630766621453462,1223,1777
18,75,-0.23741339491916852,-0.19297267625939785,166,2834
18,76,-0.21935958778064035,-0.3156668500785169,1361,1639
18,77,-0.23861010997135196,-0.15777602824531406,0,3000
18,78,-0.21256525322831768,-0.15276800104291816,400,2600
18,79,-0.2500694380149986,-0.37877604186127384,1003,1997
18,8,-0.2586143015931827,-0.18980923039334413,0,3000
18,80,-0.22959748892171333,-0.19795830437243553,321,2679
18,81,-0.2532836516068934,-0.18574645779021765,64,2936
18,82,-0.2345161590760919,-0.20900643291071286,439,2561
18,83,-0.3011420740063956,-0.2613282868587419,454,2546
18,84,-0.23863323229539812,-0.2063589650858804,614,2386
18,85,-0.24780478787318597,-0.2763930504010711,1000,2000
18,86,-0.2180633147113594,-0.14253897421462136,35,2965
18,87,-0.22143449037841814,-0.19937616663771526,587,2413
18,88,-0.2663711092638773,-0.2645218715568875,1299,1701
18,89,-0.24817248079948184,-0.19421403412889476,333,2667
18,9,-0.24522557431497363,-0.2140089501176505,653,2347
18,90,-0.2594392523364486,-0.17472663504308797,0,3000
19,1,-0.25888707448812964,-0.3589792543016844,2443,557
19,10,-0.21762452107279695,0.05751212320424318,0,3000
19,100,-0.2627319138338936,-0.03626901978010616,417,2583
19,11,-0.25078963992419456,0.05883366837756382,21,2979
19,12,-0.2435226547543076,0.14128802488572503,0,3000
19,13,-0.2447020693093992,0.0893021980300063,0,3000
19,14,-0.2763305496696995,0.03543903616590995,108,2892
19,15,-0.2404426559356136,0.04053274836316222,0,3000
19,16,-0.22777777777777783,-0.3568868217757737,1409,1591
19,17,-0.254478930103457,-0.38267994667527283,2186,814
19,18,-0.2541619011310205,-0.05324857075052704,267,2733
19,19,-0.25651629072681703,0.03413407959298068,0,3000
19,2,-0.23698543381887274,-0.007382763167739023,145,2855
19,20,-0.2602705721732655,-0.025624645174230708,75,2925
19,21,-0.23571698827090423,-0.00969824828143791,144,2856
19,22,-0.24378109452736313,-0.22118117906339374,1241,1759
19,23,-0.28998000999500245,-0.0034397278865512413,9,2991
19,24,-0.23393970232794808,-0.0764846330274823,496,2504
19,25,-0.23333333333333325,-0.32734172365860154,2059,941
19,26,-0.22981288459123447,-0.09812679730581798,443,2557
19,27,-0.2928642220019822,-0.14183188403366986,630,2370
19,28,-0.25003109839532284,-0.09231268533011283,371,2629
19,29,-0.26914386141099667,-0.04460637038272284,141,2859
19,3,-0.2374128091312618,-0.09512123275984669,275,2725
19,30,-0.26674248167803905,0.19347514619531772,28,2972
19,31,-0.24709302325581395,-0.41629474526238985,1984,1016
19,32,-0.265177769220896,-0.20292822237919084,1204,1796
19,33,-0.20970186963112683,0.16218609536365713,0,3000
19,34,-0.27439252336448594,0.1627517054590719,0,3000
19,35,-0.248094512195122,-0.4243387911466858,2651,349
19,36,-0.22366288492706637,-0.20682373894744902,1215,1785
19,37,-0.2512910945962967,-0.1857882781407935,795,2205
19,38,-0.2387421383647799,-0.28062719853222057,1779,1221
19,39,-0.26930843008581534,0.029517246102749008,9,2991
19,4,-0.2500314901121048,0.12266919910796825,0,3000
19,40,-0.23041997729852445,-0.10075091601718437,444,2556
19,41,-0.2577833125778331,-0.16518025921351462,617,2383
19,42,-0.242397476340694,-0.016561175792912188,217,2783
19,43,-0.25076064908722107,0.07849917971943916,3,2997
19,44,-0.2628433367243133,-0.05369909743016105,88,2912
19,45,-0.2426940925623981,-0.5518210970686629,2534,466
19,46,-0.26847382101745265,-0.10100302556953256,473,2527
19,47,-0.2630461922596754,-0.0995382883909612,460,2540
19,48,-0.2587299614763265,-0.2641339637275667,1214,1786
19,49,-0.25927777083593645,-0.15098749585356772,676,2324
19,5,-0.224350894882783,-0.48751316439737225,2982,18
19,50,-0.24664408480742694,-0.41115478329567284,2719,281
19,51,-0.23811931243680487,-0.12616084091510654,901,2099
19,52,-0.22613896665818267,0.027853156644921148,36,2964
19,53,-0.24298124134458007,0.0559227737473068,0,3000
19,54,-0.25890049062775183,0.0814967790893226,46,2954
19,55,-0.2384751773049645,0.19108037313367243,101,2899
19,56,-0.26762840442731006,-0.2515203974315153,1246,1754
19,57,-0.25425624456319124,-0.5998965760345103,2328,672
19,58,-0.24470379297221873,-0.38809852565543146,2762,238
19,59,-0.2452478568766307,0.044536244908071954,0,3000
19,6,-0.2424767801857585,-0.2238289260215764,1212,1788
19,60,-0.2110901071203528,0.07995300003953053,4,2996
19,61,-0.2571753698318372,-0.31867815614882294,1988,1012
19,62,-0.21717682772577787,-0.27644022005718843,2157,843
19,63,-0.2622255489021955,-0.14489299054315738,535,2465
19,64,-0.23461441848781706,-0.040378146335468754,1041,1959
19,65,-0.2665492071482507,-0.11316496615511039,300,2700
19,66,-0.26833855799373046,0.03709624588496332,74,2926
19,67,-0.255297679112008,-0.21010540683970438,996,2004
19,68,-0.22721518987341782,0.33964568162980485,147,2853
19,69,-0.2633354153653966,0.02909836480051389,21,2979
19,7,-0.25818002222496605,-0.08548729380535085,245,2755
19,70,-0.2739124984329948,-0.044425014872586766,72,2928
19,71,-0.2456708608446493,-0.12486851888460954,602,2398
19,72,-0.23325373884629882,-0.2203401812766712,1160,1840
19,73,-0.2535071384233395,-0.19699116189837892,1065,1935
19,74,-0.22861800852771508,-0.24053880204996886,1557,1443
19,75,-0.30199851961509994,0.22198054268660042,0,3000
19,76,-0.25797939180698676,0.04331245984764387,0,3000
19,77,-0.24458165322580644,-0.09951265169999526,598,2402
19,78,-0.2754114838547556,-0.5124751376350014,1947,1053
19,79,-0.2865416089638675,-0.06383996587804511,130,2870
19,8,-0.24630541871921185,-0.05838140445689094,481,2519
19,80,-0.21766482133870163,-0.030467630366384852,476,2524
19,81,-0.22540774719673803,0.07507542218425145,0,3000
19,82,-0.26797304043934106,-0.16509948275523548,578,2422
19,83,-0.26280289782663,0.024545866997462827,16,2984
19,84,-0.250281425891182,-0.14401463123505712,503,2497
19,85,-0.2567367119901112,-0.02249694644571848,90,2910
19,86,-0.24083901945918632,-0.07404100527388979,846,2154
19,87,-0.24356559949780293,-0.42839237601075286,2428,572
19,88,-0.23733976392943265,1.2831579497351846,179,2821
19,89,-0.24402579339992408,-0.22435871977641614,1268,1732
19,9,-0.27267134243878427,-0.004815368081037594,51,2949
19,90,-0.22716923855299773,0.11929458147992511,0,3000
19,91,-0.24899446958270482,-0.2411792229932747,1350,1650
19,92,-0.24794952681388013,0.09841808719074305,0,3000
19,93,-0.25312656328164074,-0.28365193207561334,1712,1288
19,94,-0.2306629834254144,-0.41040843084367395,1821,1179
19,95,-0.2462944664031621,-0.014074721943706885,268,2732
19,96,-0.25484556708765793,-0.32883978913405326,1651,1349
19,97,-0.24698331193838252,-0.15590217986419544,808,2192
19,98,-0.28696757787666877,-0.2631417260406675,1200,1800
19,99,-0.2576585737892461,0.11860783785201094,46,2954
2,1,-0.27815570672713524,-0.3534088796441713,2172,828
2,10,-0.24738236407215852,0.1312217529051082,1,2999
2,100,-0.25440140845070425,0.04171063909732446,0,3000
2,11,-0.2469321312296519,0.11910020900662022,1,2999
2,12,-0.25850425212606304,-0.1450894037092143,1041,1959
2,13,-0.229637147931997,0.10396225434030582,0,3000
2,14,-0.2630786601430184,-0.03037568246397997,196,2804
2,15,-0.254561359660085,-0.4089589378209212,2577,423
2,16,-0.2199488491048593,0.14288261264561727,133,2867
2,17,-0.22089628030976255,-0.2858380855406677,2090,910
2,18,-0.24145785876993167,-0.016170856688822854,475,2525
2,19,-0.27152152152152154,-0.4020261364641463,2316,684
2,2,-0.269857178651967,-0.22284983790274412,1351,1649
2,20,-0.216366158113731,-0.3192243588408185,2270,730
2,21,-0.24227908735661166,-0.33512623778635986,2170,830
2,22,-0.2931937172774869,0.024235791040077066,197,2803
2,23,-0.255,-0.2782403360168648,1637,1363
2,24,-0.2232488450493196,0.0394461977441009,226,2774
2,25,-0.2369716088328075,-0.6550916489625735,2883,117
2,26,-0.2353678405815264,0.2808132252329279,0,3000
2,27,-0.289685534591195,-0.38322216499367634,2256,744
2,28,-0.2598002496878902,-0.18818738470798715,902,2098
2,29,-0.27664655605832067,-0.01218795130464874,295,2705
2,3,-0.2735597100343381,-0.2941822794531803,1606,1394
2,30,-0.22297893807541933,0.05078825570822605,74,2926
2,31,-0.22574132492113566,-0.08703269987618813,663,2337
2,32,-0.2624411983164149,0.21367875619478913,0,3000
2,33,-0.2666000998502247,0.02070685973630207,129,2871
2,34,-0.24126664991203828,0.20872772776556225,0,3000
2,35,-0.2501263902932255,-0.0608744159692343,498,2502
2,36,-0.26042869978179944,0.1014901854070242,0,3000
2,37,-0.29918134457950873,-0.1602601459248725,832,2168
2,38,-0.2206495640085935,0.12388509209784375,27,2973
2,39,-0.25924106594621144,-0.2944751687512329,1704,1296
2,4,-0.25819826611383334,-0.14297473000664798,856,2144
2,40,-0.2675560030203877,0.10400206427511174,776,2224
2,41,-0.2343886872731823,-0.1589966859731978,858,2142
2,42,-0.2641697877652933,-0.3568823125796025,2422,578
2,43,-0.24742139927923446,-0.19579396330953905,1424,1576
2,44,-0.275006267234896,-0.21107655975938852,1131,1869
2,45,-0.24747474747474751,-0.11574360281054315,645,2355
2,46,-0.2654934003771212,0.07155271426579723,0,3000
2,47,-0.26433200398803586,0.10637810971413839,71,2929
2,48,-0.2451923076923077,0.16409328520692937,2,2998
2,49,-0.23737181921762254,0.07222315329922419,207,2793
2,5,-0.24312554435734723,-0.434553670417945,2557,443
2,50,-0.28507795100222716,-0.3190282343576275,1845,1155
2,51,-0.22546284554907428,-0.33368986285264524,2057,943
2,52,-0.23749057078199654,0.1517053504160368,350,2650
2,53,-0.26381215469613256,0.10424249105257855,0,3000
2,54,-0.2350081037277148,-0.24782199882568184,1396,1604
2,55,-0.24485981308411212,0.07253652924584335,2,2998
2,56,-0.19861286254728877,0.051591974076026476,23,2977
2,57,-0.2532597793380141,-0.2745848674339622,1389,1611
2,58,-0.255234297108674,0.08309671310770014,0,3000
2,59,-0.23002667344087394,0.04578981184975473,156,2844
2,6,-0.22400697297970365,-0.2335614853909088,1479,1521
2,60,-0.2772164688052538,-0.18492271669520993,765,2235
2,61,-0.257460799190693,-0.5172496307055374,2870,130
2,62,-0.2210738593395514,-0.12598553562571574,1052,1948
2,63,-0.22505388614175226,0.15536947639108453,21,2979
2,64,-0.2410085754511711,-0.3975413191882224,2668,332
2,65,-0.21976759034606053,-0.14483663320416904,1207,1793
2,66,-0.24584219082155812,-0.05879234711790027,78,2922
2,67,-0.2806103461109043,-0.3682385690781335,1938,1062
2,68,-0.25590062111801243,-0.024880001301707425,474,2526
2,69,-0.22684358254656797,-0.19484888035639925,1135,1865
2,7,-0.24084295032614145,-0.26731846207512994,1713,1287
2,70,-0.23213615317231892,-0.10550792106526569,903,2097
2,71,-0.24946154820727226,-0.29759072259812586,1856,1144
2,72,-0.2581086119050578,0.11679163775676936,0,3000
2,73,-0.2400000000000001,-0.3067126331762879,2078,922
2,74,-0.2450356415478615,0.037600705833467064,83,2917
2,75,-0.23462844209732173,0.07393962250965716,34,2966
2,76,-0.23768410360589137,-0.25545636630608437,1732,1268
2,77,-0.252002002002002,0.005052143031488641,96,2904
2,78,-0.22042467138523758,-0.2805395711348471,2017,983
2,79,-0.24618081642875023,-0.33914515081139146,2125,875
2,8,-0.23979464062108694,-0.2920749181104495,2007,993
2,80,-0.23604445567062385,-0.1167680793779464,902,2098
2,81,-0.26413906033505474,-0.33896641752833073,1651,1349
2,82,-0.24835383277425765,0.12171056442869138,8,2992
2,83,-0.2372372372372373,0.11631672394826216,0,3000
2,84,-0.262320132433465,-0.32319064876117076,2124,876
2,85,-0.2684682409395126,-0.32354929104826247,1999,1001
2,86,-0.2544023979018359,-0.4403599318185897,2839,161
2,87,-0.2653214688557463,0.26511622191787254,125,2875
2,88,-0.24028758829465177,-0.0019131124102023203,158,2842
2,89,-0.23676636215742716,-0.16517232647867908,1670,1330
2,9,-0.24822959373835266,0.0629315019192292,0,3000
2,90,-0.21413085065680393,-0.021247615551973006,316,2684
2,91,-0.2566160792675279,-0.07626516763428944,718,2282
2,92,-0.260555486361938,0.09918773705646045,0,3000
2,93,-0.22741039878849076,-0.20315750026862625,1556,1444
2,94,-0.24965637885792824,-0.10866633110077004,663,2337
2,95,-0.25152052711606687,-0.6035032425599003,2612,388
2,96,-0.223677517802645,0.0949698533865323,0,3000
2,97,-0.23081776880363464,0.0845672111295776,47,2953
2,98,-0.25718970736629665,0.053276517530168446,185,2815
2,99,-0.21800461656835082,-0.1963747748239948,1637,1363
20,1,-0.24196787148594376,-0.25598821045784914,1305,1695
20,10,-0.23347682957710816,-0.22010247548200165,1173,1827
20,100,-0.22321761851437097,-0.124033228569321,860,2140
20,11,-0.2789493622932188,-0.15209465892120236,346,2654
20,12,-0.23821433037389025,-0.03414819310495844,18,2982
20,13,-0.24237375032043065,-0.31648379746702654,2261,739
20,14,-0.24643172919034997,-0.09739227425337656,426,2574
20,15,-0.24388988937483927,-0.04276665309540833,78,2922
20,16,-0.244949494949495,-0.04244775322796044,232,2768
20,17,-0.22287315333672958,-0.053519633976060764,381,2619
20,18,-0.27014397575145227,0.10129825693976822,0,3000
20,19,-0.2392320323354806,-0.20107971777883973,1117,1883
20,2,-0.24383527350106396,-0.14308843058713602,932,2068
20,20,-0.22910881090633675,-0.1376629857585328,728,2272
20,21,-0.26131350056725067,-0.16929259522592285,454,2546
20,22,-0.22346438889586737,-0.15243267072842961,1162,1838
20,23,-0.20273663068039163,0.04821322715292026,0,3000
20,24,-0.2535104364326375,0.12883719562012838,0,3000
20,25,-0.25294192078957356,-0.08367619833397588,167,2833
20,26,-0.2819049981396503,-0.023985479653406055,175,2825
20,27,-0.2697732997481108,-0.4031249563844857,2491,509
20,28,-0.2595866533864542,0.04725702615021904,0,3000
20,29,-0.24276872552734624,-0.31872997290566835,2198,802
20,3,-0.2342547015019563,-0.029194713459915454,66,2934
20,30,-0.25737868934467223,0.07745261253912779,3,2997
20,31,-0.28100012691965986,-0.1453964285122919,559,2441
20,32,-0.254419191919192,0.11590627510160423,717,2283
20,33,-0.21127300613496933,-0.04067082078577106,314,2686
20,34,-0.2626681755312461,0.02845626931318887,0,3000
20,35,-0.26333626208108446,0.2725299083357285,5,2995
20,36,-0.2415367059718523,-0.1062724038599118,464,2536
20,37,-0.2537462537462538,-0.23848250250341824,1276,1724
20,38,-0.2351912021994502,0.026134260609981697,18,2982
20,39,-0.26019761844438805,-0.16307238406782523,448,2552
20,4,-0.26809884515087545,-0.1715382054301874,730,2270
20,40,-0.22902609802673457,0.1967726842328426,0,3000
20,41,-0.2587879551467809,-0.12217869900306658,193,2807
20,42,-0.2517065905423854,-0.025613838846296113,85,2915
20,43,-0.27129734491002894,-0.2983028724533977,1617,1383
20,44,-0.2328886672484728,-0.07633510083455898,116,2884
20,45,-0.21315623023402902,0.04162219059169403,0,3000
20,46,-0.2547121752419766,0.012664638296854361,27,2973
20,47,-0.2734817050169747,-0.022428043281141657,148,2852
20,48,-0.2827448034059603,-0.2576062052782438,1132,1868
20,49,-0.22510386503839855,0.052970536358947724,3,2997
20,5,-0.2201100550275137,-0.15009096623786783,856,2144
20,50,-0.22218011873184287,-0.18318130039968616,1022,1978
20,51,-0.25732452312679216,-0.2072887585795933,823,2177
20,52,-0.29211649510419274,-0.4034817392645757,2372,628
20,53,-0.245158065725353,-0.10332436201626477,225,2775
20,54,-0.2416277012511058,-0.2722076224609765,1400,1600
20,55,-0.24438871473354232,-0.17696272495478882,633,2367
20,56,-0.24318210380796784,-0.057822585652785086,108,2892
20,57,-0.2401196858247102,-0.34000280057412546,2574,426
20,58,-0.24697952435457204,-0.20865581865969773,955,2045
20,59,-0.23343012245928543,-0.2526523918315762,1693,1307
20,6,-0.2351313969571231,-0.19208652877465363,893,2107
20,60,-0.26271820448877803,-0.20226050882222682,727,2273
20,61,-0.23212265929370368,-0.0409209766009313,155,2845
20,62,-0.26073505754238335,0.024603207260133566,4,2996
20,63,-0.23617263637514235,-0.0635718914378454,268,2732
20,64,-0.2812735021308599,-0.023690747240103907,7,2993
20,65,-0.2905133366884751,-0.02444951350569208,7,2993
20,66,-0.2270277046508712,-0.08946276194559917,484,2516
20,67,-0.2803691063076728,-0.2708321976739953,1302,1698
20,68,-0.27138867732927136,-0.41038190568215815,2677,323
20,69,-0.24641906452021797,0.01798098614448592,3,2997
20,7,-0.240834386852086,-0.16840454764567506,620,2380
20,70,-0.27505914580998625,-0.19193929869898796,582,2418
20,71,-0.27491323748140795,-0.5865995154506504,2422,578
20,72,-0.24141861937935397,0.020421828190333814,1,2999
20,73,-0.2238749527291063,-0.20689775909115415,1172,1828
20,74,-0.20249338874197212,-0.09860135015336628,522,2478
20,75,-0.2332742017232641,-0.15601095524618713,566,2434
20,76,-0.2432569330125365,-0.3241182220383416,1715,1285
20,77,-0.23204695891095284,-0.255230992376532,1754,1246
20,78,-0.27397432670526056,-0.3884401021344618,2073,927
20,79,-0.24429310127380496,-0.32151664534707947,1959,1041
20,8,-0.2828460283598946,-0.16549403163943768,546,2454
20,80,-0.23273005353046136,-0.0233135803698108,401,2599
20,81,-0.2376300431362598,-0.15946832971591085,519,2481
20,82,-0.24348370927318289,-0.19410893800171383,886,2114
20,83,-0.23786592320364974,-0.07234077935725616,156,2844
20,84,-0.2683933933933935,-0.39960215652430514,2835,165
20,85,-0.25774898373983735,0.17091161856631917,0,3000
20,86,-0.22564297478778672,0.15459645831758723,0,3000
20,87,-0.24291749502982107,-0.056600831116063385,130,2870
20,88,-0.22493294162728328,-0.3903850110188159,2138,862
20,89,-0.25815388490114594,-0.29828579402019256,1902,1098
20,9,-0.25303922797343026,-0.32528843751276965,2308,692
20,90,-0.25332504661280303,-0.013266726570458406,68,2932
20,91,-0.23204695891095284,-0.08286874667057174,376,2624
20,92,-0.2593525632951253,0.0267705790844382,0,3000
20,93,-0.2435400516795866,0.056675001933867535,0,3000
20,94,-0.22818366311516997,0.025240037341198316,0,3000
20,95,-0.26146846960697595,0.04373174542496638,228,2772
20,96,-0.23620449067613858,-0.03474429472661107,358,2642
20,97,-0.246606053057666,-0.2547624408235782,1552,1448
20,98,-0.22435003170577048,-0.6165113097790268,2883,117
20,99,-0.2607931726907631,-0.029604319726197918,81,2919
21,1,-0.27368157960509876,-0.05054191310157132,50,2950
21,10,-0.21662499999999996,-0.14241733443997492,684,2316
21,100,-0.2817955112219451,-0.22885161785541908,784,2216
21,11,-0.24480693258570155,-0.3163423369816134,1531,1469
21,12,-0.2638313887843433,-0.13047383953521097,446,2554
21,13,-0.2335435056746533,-0.2418019435364821,1337,1663
21,14,-0.24111961842600727,-0.2724722403533595,1630,1370
21,15,-0.24035682874733003,-0.3072293134399692,2379,621
21,16,-0.24710327455919395,-0.04489311428629985,48,2952
21,17,-0.1756413512827025,-0.2425785188302147,2072,928
21,18,-0.2547924336676399,-0.23353893582598764,980,2020
21,19,-0.2393812603017623,0.07300856790835196,0,3000
21,2,-0.24915992532669567,-0.20806333074812614,848,2152
21,20,-0.2518796992481203,-0.11863977621692755,220,2780
21,21,-0.25783314458286155,-0.4380881485273582,2830,170
21,22,-0.24554253693326542,-0.1827232944506356,600,2400
21,23,-0.24461070251077863,-0.10307570229450289,141,2859
21,24,-0.252385192723572,-0.16995712490372222,353,2647
21,25,-0.23482086737900684,-0.020957161154782925,11,2989
21,26,-0.2588205959356688,-0.2418850111529975,1155,1845
21,27,-0.2605924259467567,-0.12178633615302248,470,2530
21,28,-0.2913552566018934,-0.323781784339977,1308,1692
21,29,-0.2580118134975493,0.13668700910448098,0,3000
21,3,-0.23396510606250787,0.055658071822156326,12,2988
21,30,-0.21628466506268204,0.02535569026546886,189,2811
21,31,-0.2556789500252399,-0.23069411604894569,1059,1941
21,32,-0.23667968257966993,-0.002841105679906348,81,2919
21,33,-0.2499373590578803,-0.48865642718979957,2099,901
21,34,-0.27424032278401217,-0.2545923485506666,1281,1719
21,35,-0.2591213700670142,-0.30443451225473944,2070,930
21,36,-0.23869597801648765,-0.21030528467036727,998,2002
21,37,-0.2730983302411873,-0.1449057088007551,623,2377
21,38,-0.2585127691537306,-0.19697164222265454,704,2296
21,39,-0.2526632410076451,-0.17917748268357717,368,2632
21,4,-0.23192394295721794,-0.23208164954244176,1419,1581
21,40,-0.3047749316090525,-0.3292096245272477,1497,1503
21,41,-0.2665843113032736,-0.16177257929136174,584,2416
21,42,-0.2715107553776888,0.026285264552840994,499,2501
21,43,-0.2563716258631514,-0.1718996347294503,442,2558
21,44,-0.28773643993486153,-0.4018673261036077,2222,778
21,45,-0.24775784753363228,-0.18017668606015072,495,2505
21,46,-0.2185846153846153,-0.11633713270981356,198,2802
21,47,-0.23759360324914336,-0.08810039397277093,119,2881
21,48,-0.23417480654573128,-0.33748718933100164,2777,223
21,49,-0.23727525955938214,-0.35224750025584906,2867,133
21,5,-0.2293167701863354,0.0066548776691182044,0,3000
21,50,-0.24346405228758167,-0.21609597966329494,936,2064
21,51,-0.2718434343434344,-0.16457249187485246,235,2765
21,52,-0.23665570452820645,0.022762754178037577,0,3000
21,53,-0.22242060961612037,-0.2043105204410416,1084,1916
21,54,-0.26562889165628883,-0.13698794683654128,135,2865
21,55,-0.25982063913098397,-0.27080821580151393,1638,1362
21,56,-0.22813640367434254,0.10849492497020484,0,3000
21,57,-0.2271703777833375,-0.2316159114102783,1471,1529
21,58,-0.26590765338393424,-0.1769470518665886,295,2705
21,59,-0.27166833667334667,-0.0687224311511874,32,2968
21,6,-0.22383354350567464,-0.2234300317630729,1490,1510
21,60,-0.24622988214421485,-0.24257328687849217,1464,1536
21,61,-0.2528619952195245,-0.054279138364817577,43,2957
21,62,-0.2790928243896394,-0.31544335824334907,1552,1448
21,63,-0.21921275787874944,-0.1772012559697778,854,2146
21,64,-0.2522872540418599,-0.26291582149204906,1338,1662
21,65,-0.24578704281612784,-0.1572630926723035,575,2425
21,66,-0.21059919436052363,-0.13999444110203285,566,2434
21,67,-0.25838509316770186,-0.1978944407911247,606,2394
21,68,-0.2675754133535278,-0.06840158154743402,10,2990
21,69,-0.2310022721534966,-0.12178276587464164,478,2522
21,7,-0.23625613284689903,-0.15735244323907907,429,2571
21,70,-0.20959437397965586,-0.22497518999623062,1268,1732
21,71,-0.27772202709483185,-0.06511937624873897,29,2971
21,72,-0.23810735181887566,-0.17850448420238385,556,2444
21,73,-0.22903266490099636,-0.2667196721921082,2218,782
21,74,-0.2648865488278802,-0.21034316383956622,692,2308
21,75,-0.25743310208126863,0.007389262855535087,80,2920
21,76,-0.28341364443317274,-0.3285515145682072,1977,1023
21,77,-0.24673366834170848,-0.19708195837280473,721,2279
21,78,-0.3104093859211184,-0.34973745677750445,1622,1378
21,79,-0.2742385786802031,-0.1228818762273217,77,2923
21,8,-0.22916929282742968,-0.045119042176009906,286,2714
21,80,-0.2809356136820926,-0.22347481423342294,796,2204
21,81,-0.2710881351658051,-0.07859645282449508,89,2911
21,82,-0.23415804089876288,0.014728472285372024,0,3000
21,83,-0.24733609126237938,-0.0031297156040926526,14,2986
21,84,-0.27530364372469623,-0.30882899646415096,1785,1215
21,85,-0.24943623152092212,-0.16378681844714238,373,2627
21,86,-0.24347395768897684,0.16074453365939095,33,2967
21,87,-0.21991753092590272,0.09434854214675067,2,2998
21,88,-0.25168083217049353,-0.3076898553423243,1887,1113
21,89,-0.2651562305489854,0.03881611474168271,0,3000
21,9,-0.24358329139406143,-0.1638161777181298,372,2628
21,90,-0.24855273093380315,-0.16517868325745108,398,2602
21,91,-0.25585179621980214,-0.11693233074708068,57,2943
21,92,-0.26247827166625276,-0.18779691062303974,499,2501
21,93,-0.2707684643168515,-0.3273074368663856,1206,1794
21,94,-0.22475284695282194,-0.09205569637077551,111,2889
21,95,-0.2533432392273402,-0.329524082088053,2395,605
21,96,-0.24952597648843378,-0.22276529508480622,958,2042
21,97,-0.23705204508041033,-0.3975924131118537,2747,253
21,98,-0.28074303405572754,-0.1693409681140672,197,2803
21,99,-0.26101265822784814,-0.3572225616787431,1041,1959
22,1,-0.23571250311954073,-0.16766029619788744,339,2661
22,10,-0.2664560960202147,-0.2754612343254662,1390,1610
22,100,-0.2423707440100883,-0.2673412718057388,1600,1400
22,11,-0.2756003483887022,-0.21454211674965518,538,2462
22,12,-0.26294328431978253,-0.19449097882188732,455,2545
22,13,-0.214168039538715,-0.19140111308861776,1005,1995
22,14,-0.2803161274388738,-0.24524158440276037,692,2308
22,15,-0.2700884514762676,-0.14235459231055925,65,2935
22,16,-0.2473318441300571,-0.3948686971021836,2827,173
22,17,-0.27790885384328823,-0.2626798369978121,1246,1754
22,18,-0.2626681755312461,-0.2571800635798472,1316,1684
22,19,-0.26746928137023707,-0.1625970339084906,126,2874
22,2,-0.2936993137866501,-0.38724204561401054,2110,890
22,20,-0.2330760470707327,-0.09652222232739482,94,2906
22,21,-0.23300604229607255,-0.2287812688820632,1362,1638
22,22,-0.26972386587771197,-0.22782436186566526,844,2156
22,23,-0.2669083635454433,-0.1251731863545403,284,2716
22,24,-0.23232835064606022,-0.22451387972885117,1253,1747
22,25,-0.254666165601904,-0.09670412564108963,110,2890
22,26,-0.22309809809809814,-0.1340723095807105,127,2873
22,27,-0.23306233062330617,-0.15802597589439413,323,2677
22,28,-0.24039668591513938,-0.2577202696460248,1757,1243
22,29,-0.2512434638438975,-0.2335046591139201,868,2132
22,3,-0.20795454545454548,-0.12850205397848014,399,2601
22,30,-0.2632241813602015,-0.2018166792405585,565,2435
22,31,-0.25372947223266895,-0.3208531687254098,2141,859
22,32,-0.21877745701016701,-0.28192848574977253,1063,1937
22,33,-0.2639222124005556,-0.21721680148234399,764,2236
22,34,-0.2628084679944883,-0.1363838491780538,356,2644
22,35,-0.28571428571428575,-0.309651654897539,1624,1376
22,36,-0.2278337531486146,-0.09376031216911206,178,2822
22,37,-0.23043040523533845,-0.026708005872175627,0,3000
22,38,-0.24806588470177185,-0.1661045705430246,279,2721
22,39,-0.2825167868689381,-0.2839482316183309,1329,1671
22,4,-0.24171810051643774,-0.1831921214609027,573,2427
22,40,-0.28537647790914755,-0.20041976614178203,327,2673
22,41,-0.19829016205180552,-0.13808576360903616,322,2678
22,42,-0.24228963066378986,-0.19336788182471693,771,2229
22,43,-0.24153555695405907,-0.3035636688016533,1934,1066
22,44,-0.2352277004140008,-0.1970383202025797,1039,1961
22,45,-0.23732225997231668,-0.1716077848593324,365,2635
22,46,-0.2750062988158225,-0.18293146727539225,251,2749
22,47,-0.22000747477264224,-0.1637948335707733,459,2541
22,48,-0.23230060968022895,-0.15235913844057902,212,2788
22,49,-0.24497535077739857,-0.10212114233209468,69,2931
22,5,-0.31563608717688796,-0.3680594140561967,2079,921
22,50,-0.2565962235838439,-0.17546046820401465,376,2624
22,51,-0.2515445719329215,-0.13715855266939636,251,2749
22,52,-0.22044241037376044,-0.10871252900506433,150,2850
22,53,-0.2576024126664991,-0.2120924674261294,684,2316
22,54,-0.2785109561752988,-0.3051060756647206,1986,1014
22,55,-0.25622731255476283,-0.18945113545942996,538,2462
22,56,-0.22089963663701295,-0.1799750246911986,763,2237
22,57,-0.26576913487908255,-0.32802877427362553,2474,526
22,58,-0.21164879022200048,-0.24569667021474875,2189,811
22,59,-0.2536973833902161,-0.25567978141754705,1513,1487
22,6,-0.21860816944024203,-0.1258990430663834,423,2577
22,60,-0.2854117353930485,-0.1891068886920965,204,2796
22,61,-0.24990576705616283,-0.06565149889357752,35,2965
22,62,-0.1837364899639732,-0.2779630141308687,2541,459
22,63,-0.25472047389855607,-0.12318867363138415,75,2925
22,64,-0.2346100366578182,-0.24168906074516822,1455,1545
22,65,-0.2393227192317412,0.027088438099090947,160,2840
22,66,-0.263957509881423,-0.2972056207195543,1555,1445
22,67,-0.22858230739941623,-0.2774031099787819,1385,1615
22,68,-0.20991588070354322,-0.4371703853432443,2753,247
22,69,-0.2434760893994257,-0.17708426905658198,438,2562
22,7,-0.20815965643551856,-0.12880702131334593,320,2680
22,70,-0.25320393181535394,-0.25903403912324363,1526,1474
22,71,-0.2528230865746549,-0.20005311012071925,634,2366
22,72,-0.2340182648401826,-0.20319632111127212,815,2185
22,73,-0.2762189799226837,-0.20829937356806005,626,2374
22,74,-0.2470002552974215,-0.15631816124543865,237,2763
22,75,-0.22096998860326705,-0.27149745136365866,1870,1130
22,76,-0.25209768315591735,-0.4326199799893299,1317,1683
22,77,-0.2558786346396966,-0.17915618841485953,686,2314
22,78,-0.2544334046031945,-0.13257749672309427,113,2887
22,79,-0.2635786802030458,-0.2036800436246183,579,2421
22,8,-0.24534279558991248,-0.3719951560740876,1949,1051
22,80,-0.259683646780421,-0.046361584370042716,25,2975
22,81,-0.26453706014474665,-0.28167444367099925,1546,1454
22,82,-0.24410540915395287,-0.1958447253127636,817,2183
22,83,-0.26011994002998506,-0.3007614110848636,1630,1370
22,84,-0.259218015342737,-0.21240243199969272,753,2247
22,85,-0.24936995967741934,-0.3455905229766406,2848,152
22,86,-0.25991080277502476,-0.1222485094434646,407,2593
22,87,-0.26510109255305786,-0.15311271983128782,173,2827
22,88,-0.2757458494569966,-0.2721467369708508,1373,1627
22,89,-0.26131889763779526,-0.2325823041276093,822,2178
22,9,-0.2508732534930139,-0.2144134671779343,843,2157
22,90,-0.2626983150903948,-0.12645178568211182,38,2962
22,91,-0.27053260328521656,-0.16664283351297504,266,2734
22,92,-0.22282120395327948,-0.15093706909515525,891,2109
22,93,-0.22949987306422945,-0.12994119755678332,119,2881
22,94,-0.27576601671309187,-0.275276299333797,1206,1794
22,95,-0.25424575424575424,-0.21360175034181458,610,2390
22,96,-0.2318038969201759,-0.09778291074317128,10,2990
22,97,-0.22269699635541032,-0.13234970832360007,201,2799
22,98,-0.23736795214458437,0.02974808777764802,67,2933
22,99,-0.22023884349465733,-0.11859837478679675,507,2493
23,1,-0.2521165338645419,-0.14680250668301403,40,2960
23,10,-0.2577201677468548,-0.22720288132944058,766,2234
23,100,-0.24846433496301867,-0.21224113534048572,819,2181
23,11,-0.28180334044957933,-0.16725553180891042,119,2881
23,12,-0.2674461997760916,-0.23041662374598462,874,2126
23,13,-0.2662214942673555,-0.13622468011557468,38,2962
23,14,-0.2518849840255592,-0.21244172478329731,752,2248
23,15,-0.27208480565371024,-0.18574255984152674,424,2576
23,16,-0.2324528301886793,-0.1776298202098699,418,2582
23,17,-0.29177247333671913,-0.2011048605165683,738,2262
23,18,-0.27236028762457426,-0.22424200084677806,658,2342
23,19,-0.24370481176763897,-0.2040221960866745,1044,1956
23,2,-0.23146541036449292,-0.1020317721407658,30,2970
23,20,-0.27898137590269867,-0.2080155378290914,471,2529
23,21,-0.2193224592220828,-0.106807024054378,95,2905
23,22,-0.2548101265822785,-0.24437124515225025,1161,1839
23,23,-0.2626641651031896,-0.15233255885290628,89,2911
23,24,-0.22740851381628086,-0.17544924547323035,539,2461
23,25,-0.2409232688708671,-0.3079255385866131,1938,1062
23,26,-0.26455360525318855,-0.2360577454970002,866,2134
23,27,-0.2391895231035335,-0.13465661282951633,67,2933
23,28,-0.2654058116232465,-0.18689565650507187,312,2688
23,29,-0.2649551030732263,-0.11945585610657827,9,2991
23,3,-0.2806754221388368,-0.2775627003906541,1132,1868
23,30,-0.23525027946838903,-0.333011767719018,2744,256
23,31,-0.24706920458842813,-0.1949673414784484,397,2603
23,32,-0.2631512710797886,-0.08902039865205764,0,3000
23,33,-0.24263409720473428,-0.19941467032738455,936,2064
23,34,-0.23488489754616748,-0.18276808519573878,609,2391
23,35,-0.2610547413253163,-0.21330136470892488,510,2490
23,36,-0.22901633118116216,-0.13407043277572286,87,2913
23,37,-0.27946339017051147,-0.35302496173116743,2350,650
23,38,-0.2336705382790059,-0.2188484295725293,1023,1977
23,39,-0.24010521042084165,-0.20723820962176034,687,2313
23,4,-0.26866040533860597,-0.18041103846833662,147,2853
23,40,-0.21661833312318748,-0.16319812337423717,635,2365
23,41,-0.27450244085617714,-0.2554153655499486,1005,1995
23,42,-0.2597225662620758,-0.2928508515527271,2132,868
23,43,-0.2662039905812368,-0.179974600505471,161,2839
23,44,-0.26569324847123416,-0.3689245422636693,1393,1607
23,45,-0.22679888126112388,-0.14064660201267024,112,2888
23,46,-0.2479174437398981,-0.13775349754376998,190,2810
23,47,-0.20982702431687142,-0.22268972187435898,1072,1928
23,48,-0.23890699423414397,-0.16630759566734282,364,2636
23,49,-0.20609616120392807,-0.18960773331017214,1281,1719
23,5,-0.2454239820694807,-0.11183349426515041,77,2923
23,50,-0.24059492563429571,-0.3273753501337781,1118,1882
23,51,-0.20754008016032066,-0.15890266831722913,503,2497
23,52,-0.26332916145181473,-0.11583731182278598,5,2995
23,53,-0.23448709880427943,-0.2762412778693842,1648,1352
23,54,-0.2955658836829544,-0.23852091726389735,543,2457
23,55,-0.2799850541786026,-0.16698121679215772,137,2863
23,56,-0.22897137857767774,-0.22967111122368994,1289,1711
23,57,-0.2433208489388265,-0.08351228356244239,52,2948
23,58,-0.21368821292775675,-0.1759731833711855,716,2284
23,59,-0.2562688064192578,-0.23754370059997706,1077,1923
23,6,-0.2429286608260325,-0.06584790212790623,3,2997
23,60,-0.2623650514687421,-0.15651120196032947,57,2943
23,61,-0.2824532798193904,-0.15251522956243688,23,2977
23,62,-0.2768615692153923,-0.38176939869716237,1793,1207
23,63,-0.23015470453969067,-0.0947201590252383,263,2737
23,64,-0.2469574036511156,-0.1695725329981036,154,2846
23,65,-0.26956853760977473,-0.21723027940877718,593,2407
23,66,-0.2568575401339906,-0.13810665566642966,85,2915
23,67,-0.2564167404223038,-0.2208235218939597,765,2235
23,68,-0.245928338762215,-0.1766043397880389,184,2816
23,69,-0.2067788035917542,-0.19756843677153596,1078,1922
23,7,-0.23223526442004291,-0.2915760211887552,1506,1494
23,70,-0.24458359423919854,-0.23395861338346152,991,2009
23,71,-0.2351531963182449,-0.14771619689629342,122,2878
23,72,-0.27991962828079864,-0.331635075171111,1651,1349
23,73,-0.2546359676415681,-0.1912573308149398,291,2709
23,74,-0.27882469625588896,-0.21098414092109147,310,2690
23,75,-0.25493133583021216,-0.21970409454315284,736,2264
23,76,-0.24395686128672367,-0.12165027226834076,358,2642
23,77,-0.21851480180632202,-0.09577646372671775,107,2893
23,78,-0.2592639115688984,-0.35815833941690817,1213,1787
23,79,-0.24618126272912433,-0.31174622186199263,2200,800
23,8,-0.2557060446450965,-0.24794696122653873,1393,1607
23,80,-0.2813289540171804,-0.17654386770684444,39,2961
23,81,-0.2541117388575016,-0.08673881382206133,0,3000
23,82,-0.25709579320831216,-0.20405129501996674,372,2628
23,83,-0.2583985855013892,-0.17727050592207613,433,2567
23,84,-0.2575414781297134,-0.19150620186319087,656,2344
23,85,-0.26163007071082983,-0.11203333737348596,10,2990
23,86,-0.27791033530076603,-0.26110215832561096,795,2205
23,87,-0.24265450861195548,-0.2169192015289166,865,2135
23,88,-0.229842799188641,-0.1284220129059669,281,2719
23,89,-0.23348790575260056,-0.029874892962398553,0,3000
23,9,-0.25443711967545646,-0.23098141085477322,961,2039
23,90,-0.25928233241963616,-0.1190158084919273,31,2969
23,91,-0.2711693548387097,-0.1853203848071683,447,2553
23,92,-0.22225038013177897,-0.1667778427456597,458,2542
23,93,-0.2589676290463693,-0.22115260638803297,828,2172
23,94,-0.2382137081726583,-0.09024715474000965,62,2938
23,95,-0.1921857160979323,-0.01721050974528686,0,3000
23,96,-0.24665510406342908,-0.2589753852024669,1629,1371
23,97,-0.24478249937138555,-0.12188910784824754,46,2954
23,98,-0.27361319340329837,-0.2888193925186424,1794,1206
23,99,-0.24131419939577048,-0.3623816661979253,2666,334
24,1,-0.23897058823529402,-0.21586853316866497,806,2194
24,10,-0.25550550550550555,-0.13561109505758812,2,2998
24,100,-0.2661905934498892,-0.1897387549197999,130,2870
24,11,-0.2458107597328965,-0.19012253734366302,469,2531
24,12,-0.23410184950595384,-0.16692881736264553,263,2737
24,13,-0.23344641286593784,-0.13825096940227963,21,2979
24,14,-0.2576608784473954,-0.23665901794673103,930,2070
24,15,-0.2584767206477733,-0.1898039450925446,185,2815
24,16,-0.2819328255712324,-0.20776561185587072,177,2823
24,17,-0.25367878254307635,-0.16974187077496783,82,2918
24,18,-0.2344983089064261,-0.20228126388792753,995,2005
24,19,-0.267151126986082,-0.19698171509180173,189,2811
24,2,-0.2296851193499238,-0.18979200225930581,718,2282
24,20,-0.27200101445599795,-0.11994375048211717,0,3000
24,21,-0.2740195456276177,-0.3354480514084348,1847,1153
24,22,-0.24169787765293374,-0.1855853563166748,587,2413
24,23,-0.23423878711307647,-0.13044397663766547,75,2925
24,24,-0.22848553175497924,-0.20618793784827366,898,2102
24,25,-0.237015817660979,-0.13342908086434882,5,2995
24,26,-0.2661961179732796,-0.19125078931233797,36,2964
24,27,-0.23496311116668744,-0.24701526503426263,1169,1831
24,28,-0.2590660389362514,-0.18272807621508666,283,2717
24,29,-0.24928008013021152,-0.17632038809992648,519,2481
24,3,-0.24068913098555864,-0.2918733095506032,1795,1205
24,30,-0.2522611820096642,-0.4202449212677346,2077,923
24,31,-0.23540513336688476,-0.36010825383666645,1408,1592
24,32,-0.25362049758633487,-0.283574842249465,1009,1991
24,33,-0.24132252343552055,-0.22129845040182036,867,2133
24,34,-0.2210144927536232,-0.189956692041019,815,2185
24,35,-0.25110243164923773,-0.3893757752149622,2099,901
24,36,-0.23492303810244758,-0.1451280392389505,114,2886
24,37,-0.2579757287626673,-0.19025761745970737,232,2768
24,38,-0.22176616915422878,-0.18595558466815698,597,2403
24,39,-0.23762626262626269,-0.11935328772451906,29,2971
24,4,-0.23512427818227463,-0.20471263736860365,667,2333
24,40,-0.266375,-0.20199162730893933,416,2584
24,41,-0.2512512512512513,-0.205267560592931,364,2636
24,42,-0.2641766968606527,-0.2084113671007779,342,2658
24,43,-0.24717818642993028,-0.11148056122804076,24,2976
24,44,-0.25589519650655024,-0.24651658097646703,1125,1875
24,45,-0.25875094434651214,-0.20660699972279023,688,2312
24,46,-0.2746522992106252,-0.23237808296664605,479,2521
24,47,-0.2529389457717102,-0.20306224129888334,389,2611
24,48,-0.23255813953488372,-0.22768703832673007,1104,1896
24,49,-0.2554552294958616,-0.17707003318550818,70,2930
24,5,-0.25496605481518736,-0.37434613808925427,1057,1943
24,50,-0.25717174270188303,-0.37469296231629645,1010,1990
24,51,-0.2556667088767888,-0.15369620204042297,22,2978
24,52,-0.24831788752062958,-0.28718532797944335,1127,1873
24,53,-0.27662796567390213,-0.18992534735903135,744,2256
24,54,-0.27979015738196356,-0.20699804328721072,351,2649
24,55,-0.2696403959403583,-0.14943371448420353,243,2757
24,56,-0.2549360486775116,-0.20377351923857007,480,2520
24,57,-0.24955684983540133,-0.14586082375212944,74,2926
24,58,-0.2840909090909091,-0.1350944483774836,0,3000
24,59,-0.24875000000000005,-0.36736407686098826,2222,778
24,6,-0.2324358171571698,-0.19277042140154002,798,2202
24,60,-0.28976556591883035,-0.2538349135397269,856,2144
24,61,-0.25642609985170545,-0.14587517208055809,23,2977
24,62,-0.24161073825503354,-0.11351802192391776,87,2913
24,63,-0.24045896732352207,-0.3249270578751948,1296,1704
24,64,-0.23241628283331248,-0.20042658409440467,787,2213
24,65,-0.24033149171270715,-0.23626223583075595,1326,1674
24,66,-0.25432222500626406,-0.13109903575437906,370,2630
24,67,-0.22006554071086468,-0.2772750505011319,1943,1057
24,68,-0.26008398015014633,-0.11662291313987547,0,3000
24,69,-0.24379543745299573,-0.18090318284462978,400,2600
24,7,-0.2178594046865104,-0.04956672698031804,3,2997
24,70,-0.26363061353573686,-0.1604230586106929,267,2733
24,71,-0.26165770721340176,-0.2360838142920408,900,2100
24,72,-0.23605313092979124,-0.12971254637122268,462,2538
24,73,-0.22055513878469626,-0.2328594477372662,1326,1674
24,74,-0.22505886726979799,-0.24153096587043177,1129,1871
24,75,-0.2567567567567568,-0.14197536521033724,65,2935
24,76,-0.23158817635270537,-0.24304506864308492,1437,1563
24,77,-0.2556486417872557,-0.43644784885672516,1372,1628
24,78,-0.2585985626283367,-0.20517854803887556,280,2720
24,79,-0.24187452758881328,-0.17661966663754805,236,2764
24,8,-0.2566393958464443,-0.22526293722402604,583,2417
24,80,-0.23620449067613858,-0.25973800870666025,1026,1974
24,81,-0.24833396202690805,-0.15110149809287396,93,2907
24,82,-0.26904376012965964,-0.2260129022370049,552,2448
24,83,-0.23194059904354392,-0.05775076646800745,6,2994
24,84,-0.23894139886578444,-0.11704349870871661,54,2946
24,85,-0.2793064455333585,-0.2997591583405629,1006,1994
24,86,-0.22827853481685223,-0.15865904592295083,126,2874
24,87,-0.2681647940074906,-0.17219232016121785,249,2751
24,88,-0.24298124134458007,-0.2628057119131879,1721,1279
24,89,-0.24114285714285721,-0.2067867743576823,580,2420
24,9,-0.29915169660678637,-0.26651731464949363,574,2426
24,90,-0.270591145189216,-0.16149097255389597,50,2950
24,91,-0.2393183811552438,-0.17941179628643472,368,2632
24,92,-0.22547914317925596,-0.20199838432368256,763,2237
24,93,-0.2546389167502507,-0.1891520528656428,217,2783
24,94,-0.24513715710723197,-0.17396465559018365,128,2872
24,95,-0.26647384305835004,-0.23025409840616587,654,2346
24,96,-0.2772917459109927,-0.2802572961042652,1262,1738
24,97,-0.2780426599749059,-0.382758141062301,1888,1112
24,98,-0.25413948820873056,-0.2611401449196601,1509,1491
24,99,-0.2537465074930149,-0.203543244015546,489,2511
25,1,-0.2399650959860384,-0.1558781218848988,19,2981
25,10,-0.24917783961548196,-0.20773816227877184,540,2460
25,100,-0.21768012263668882,-0.13119284304462142,0,3000
25,11,-0.2523905385002517,-0.23345612359053822,1004,1996
25,12,-0.24587039390088944,-0.43611453296310115,1251,1749
25,13,-0.23826173826173827,-0.1515440317469175,20,2980
25,14,-0.24543864033991508,-0.22350853618571254,565,2435
25,15,-0.2867132867132868,-0.30218980106444865,1207,1793
25,16,-0.2237055520898316,-0.10105926679820941,6,2994
25,17,-0.24451810300866905,-0.14134808450835681,0,3000
25,18,-0.2720821188695982,-0.18210051104602237,81,2919
25,19,-0.23644635410084672,-0.16872172901808943,391,2609
25,2,-0.23709369024856594,-0.11324744259054566,0,3000
25,20,-0.2323476930920214,-0.1146558130189933,115,2885
25,21,-0.25894632206759444,-0.17342898888173988,203,2797
25,22,-0.25746549560853194,-0.15950551685208073,120,2880
25,23,-0.28139649642240316,-0.18421552229600674,147,2853
25,24,-0.2474971486503611,-0.17937554717296425,427,2573
25,25,-0.24416562107904646,-0.16522666975981154,56,2944
25,26,-0.2618837473206406,-0.1997349501526491,160,2840
25,27,-0.2546778852191384,-0.179051152338088,9,2991
25,28,-0.23325751832196118,-0.3168676536706362,1188,1812
25,29,-0.23756486520693584,-0.17661137069463143,142,2858
25,3,-0.25146709951304785,-0.2193112479495077,720,2280
25,30,-0.21480643539467062,-0.16028536238312385,271,2729
25,31,-0.26402886649247237,-0.2108663113487013,430,2570
25,32,-0.25130824819337155,-0.16502290631720193,43,2957
25,33,-0.2270061150630226,-0.1535856642055354,110,2890
25,34,-0.2588952475740234,-0.1441341402836247,0,3000
25,35,-0.230788643533123,-0.15449576528588138,34,2966
25,36,-0.2626527050610821,-0.15454135146020614,71,2929
25,37,-0.258249458529749,-0.20247322900240616,965,2035
25,38,-0.18826374745417523,-0.22530624163958232,2472,528
25,39,-0.2462877624167948,-0.2644644277954773,1371,1629
25,4,-0.23556058890147233,-0.12282488014585205,0,3000
25,40,-0.22184213860382615,-0.11972373002457523,106,2894
25,41,-0.25357821405953135,-0.1564492662200637,14,2986
25,42,-0.2485707183693761,-0.1605149048554788,36,2964
25,43,-0.23706680060271224,-0.18907269315614542,433,2567
25,44,-0.28083700440528636,-0.21485003723593682,81,2919
25,45,-0.23541172060477322,-0.13000894991055253,361,2639
25,46,-0.2444779116465863,-0.14416741452728674,9,2991
25,47,-0.25584886775928933,-0.20089738302840565,271,2729
25,48,-0.25053052053426544,-0.276085291317134,1413,1587
25,49,-0.27802019698291985,-0.19063088650615992,98,2902
25,5,-0.24897502795378312,-0.2608281481569571,1503,1497
25,50,-0.24767178454568334,-0.1663015627779797,3,2997
25,51,-0.2590126868483859,-0.1969995313393328,384,2616
25,52,-0.2599949710837315,-0.17008429241075212,27,2973
25,53,-0.24328358208955214,-0.1655113038580321,59,2941
25,54,-0.24480968858131483,-0.24020529097420348,1183,1817
25,55,-0.24784919028340072,-0.42963858483320894,1754,1246
25,56,-0.26337397362527987,-0.41344183651161776,2221,779
25,57,-0.2229943145925458,-0.11729163040504398,195,2805
25,58,-0.25601006922592817,-0.3756822049249831,1059,1941
25,59,-0.2606167846309403,-0.25473680852825115,1471,1529
25,6,-0.25106329747310485,-0.1557485354915856,35,2965
25,60,-0.2665231704228919,-0.35571245888528963,1121,1879
25,61,-0.26797223599405057,-0.18431494600726878,125,2875
25,62,-0.23127447265378304,-0.2706386797285193,1105,1895
25,63,-0.23147346282320921,-0.14098715430830777,38,2962
25,64,-0.20616113744075829,-0.16755205314499325,577,2423
25,65,-0.23746238716148446,-0.20331857638845857,592,2408
25,66,-0.2633487557834187,-0.31864832387468706,2484,516
25,67,-0.24322667647419402,-0.10317452674124636,0,3000
25,68,-0.25726452905811625,-0.233081671844327,802,2198
25,69,-0.23560472718129244,-0.15372696674282238,64,2936
25,7,-0.25581098339719033,-0.15035609820578297,44,2956
25,70,-0.2700300450676015,-0.17819715126544766,26,2974
25,71,-0.2713100326879557,-0.23600410821274467,373,2627
25,72,-0.27910745450012475,-0.39861656773480686,2304,696
25,73,-0.2277165748622934,-0.15336612288667098,285,2715
25,74,-0.22626159908478446,-0.15160872030910558,140,2860
25,75,-0.24619675456389453,-0.13035088195107347,0,3000
25,76,-0.24138807677640772,-0.1858129284544123,464,2536
25,77,-0.2673022161693698,-0.16599899551129624,1,2999
25,78,-0.27964951252622494,-0.31432367628855173,1244,1756
25,79,-0.25103241146289573,-0.192202213124322,201,2799
25,8,-0.25893195303623273,-0.12653358217708927,27,2973
25,80,-0.26436495076654615,-0.2047541505749798,299,2701
25,81,-0.2530740276035132,-0.12230547174772702,20,2980
25,82,-0.24712643678160917,-0.2945645547995864,1809,1191
25,83,-0.2262086513994911,-0.3923736474548421,1355,1645
25,84,-0.2360971943887776,-0.17282883553042452,384,2616
25,85,-0.23162779031853525,-0.11751515352778331,0,3000
25,86,-0.2405630995390557,-0.2765462329066027,1122,1878
25,87,-0.2648418947631546,-0.22577051635358553,391,2609
25,88,-0.2549731014637807,-0.2227366615827588,682,2318
25,89,-0.2627171603549557,-0.24691554725502873,1053,1947
25,9,-0.24155877126174152,-0.3559013518203625,1161,1839
25,90,-0.2532981530343008,-0.12058336130103964,185,2815
25,91,-0.23024830699774265,-0.24328862491311617,1691,1309
25,92,-0.23045788009107004,-0.1611115190879684,465,2535
25,93,-0.20745216515609272,-0.14370818159895873,369,2631
25,94,-0.21307353865493392,-0.19741326954821445,976,2024
25,95,-0.250882946518668,-0.11249769324608985,0,3000
25,96,-0.2929330831769856,-0.1910978833517289,0,3000
25,97,-0.242797836205812,-0.1492392766706387,75,2925
25,98,-0.24043032274205658,-0.19001329946007803,172,2828
25,99,-0.2531344032096289,-0.24918482230140804,1254,1746
26,1,-0.26621552604698673,-0.1838869244862755,155,2845
26,10,-0.23171496675448502,-0.2022639357705957,765,2235
26,100,-0.2643606393606393,-0.292900262663392,1062,1938
26,11,-0.22423191278493562,-0.2437983109552611,1080,1920
26,12,-0.24915698763581862,-0.23460066904786706,1530,1470
26,13,-0.24740572007086814,-0.12438311519636933,22,2978
26,14,-0.2454960669880741,-0.16415654805378913,84,2916
26,15,-0.20771663504111318,-0.14079878613800256,23,2977
26,16,-0.26130653266331655,-0.1589682821819798,0,3000
26,17,-0.22742221097900325,-0.38353138904319795,2125,875
26,18,-0.22022387121116851,-0.1605663300176499,187,2813
26,19,-0.2240259740259741,-0.09663712085771521,0,3000
26,2,-0.23308842158601473,-0.2073958157514865,892,2108
26,20,-0.2537125597785049,-0.46410860690547173,1649,1351
26,21,-0.2513564668769716,-0.21282335576215008,408,2592
26,22,-0.2306918238993711,-0.15278100920705118,40,2960
26,23,-0.261198738170347,-0.17517267940563166,7,2993
26,24,-0.26999376169681855,-0.15115943827247552,0,3000
26,25,-0.24872654988197287,-0.1176151101555923,0,3000
26,26,-0.2593613024420789,-0.29490039414695307,1158,1842
26,27,-0.24806692863480803,-0.22163479530417676,990,2010
26,28,-0.2555458077453315,-0.19817809543854698,71,2929
26,29,-0.24128276915245603,-0.160137356575944,120,2880
26,3,-0.22415324115184582,-0.17557738680132384,329,2671
26,30,-0.21592324943932226,-0.1365004701878755,73,2927
26,31,-0.2751519662572881,-0.1729996380897792,25,2975
26,32,-0.24427672955974844,-0.1776541853612853,195,2805
26,33,-0.23946869070208726,-0.2059116770524576,962,2038
26,34,-0.25613458133063505,-0.170607468338748,3,2997
26,35,-0.21232263837402524,-0.3663622153674975,1095,1905
26,36,-0.23156435144333798,-0.33052197256671156,1034,1966
26,37,-0.2464521033958439,-0.1853926846713985,128,2872
26,38,-0.24066441863369548,-0.21486718877106722,539,2461
26,39,-0.22855329949238584,-0.08805549411601717,0,3000
26,4,-0.22959630046244223,-0.14431192183914635,0,3000
26,40,-0.25515923566878984,-0.21979709930277314,374,2626
26,41,-0.27407221664994985,-0.13805603290617038,0,3000
26,42,-0.2668673187860547,-0.14919525172973977,17,2983
26,43,-0.25975000000000004,-0.25713168516303586,1000,2000
26,44,-0.2525315664458057,-0.14137517971375754,17,2983
26,45,-0.25456364091022754,-0.23765399262265074,998,2002
26,46,-0.25183800623052965,-0.22416123569977234,639,2361
26,47,-0.25236832133383863,-0.2493045177321818,1176,1824
26,48,-0.24426807760141084,-0.22278720965398036,854,2146
26,49,-0.2795324546132803,-0.2721841225911405,1127,1873
26,5,-0.24701595677848978,-0.4023709041771799,2041,959
26,50,-0.2609024451726747,-0.15676830261100252,2,2998
26,51,-0.23614792376625018,-0.3456711643212364,1005,1995
26,52,-0.262081084473453,-0.20769652137561895,201,2799
26,53,-0.24722741433021814,-0.1760221721012346,101,2899
26,54,-0.2670604499183109,-0.19519038660082177,122,2878
26,55,-0.24870792890457585,-0.24529855547593882,1201,1799
26,56,-0.25849831901382136,-0.1983613113611244,14,2986
26,57,-0.26733173380477326,-0.2280547757857144,412,2588
26,58,-0.23218390804597697,-0.2262240483239117,1186,1814
26,59,-0.2757969005921633,-0.18809662224130236,8,2992
26,6,-0.22507303442144036,-0.13694798864549423,5,2995
26,60,-0.2559949780288764,-0.3817383105940439,1344,1656
26,61,-0.22770518838005846,-0.2510354960942526,1864,1136
26,62,-0.2586853286678331,-0.16404285907864202,0,3000
26,63,-0.25624063904143796,-0.15469343201431512,14,2986
26,64,-0.22834447106291772,-0.2419460779611929,1193,1807
26,65,-0.21348884381338745,-0.22578175030703948,1000,2000
26,66,-0.24253542510121456,-0.22849036177129994,1102,1898
26,67,-0.2394595270862004,-0.37485080263512444,2196,804
26,68,-0.23909736308316426,-0.15710194466834806,118,2882
26,69,-0.21937751004016062,-0.35135041992687593,1402,1598
26,7,-0.25623526492120613,-0.25048028742664674,1000,2000
26,70,-0.2681494439585155,-0.40200248495404545,1157,1843
26,71,-0.22113428280773134,-0.152955406000161,22,2978
26,72,-0.2584130137836831,-0.13064987883348173,21,2979
26,73,-0.23995465423856913,-0.1785288289169579,390,2610
26,74,-0.2579026593075765,-0.22116776049177964,389,2611
26,75,-0.25240141557128415,-0.2373658218690386,856,2144
26,76,-0.23842414939882325,-0.12927809690347736,0,3000
26,77,-0.2541582661290323,-0.2673443368055258,1753,1247
26,78,-0.25313126252505014,-0.19644602607180953,127,2873
26,79,-0.2868010650437428,-0.22709417279156027,76,2924
26,8,-0.26806439535754395,-0.16164806250519514,32,2968
26,80,-0.25869837296620773,-0.1787364556206603,256,2744
26,81,-0.2726258368460203,-0.3434508854963591,1264,1736
26,82,-0.25147891755821267,-0.20346332351226834,313,2687
26,83,-0.2803995006242197,-0.3070039718675591,1000,2000
26,84,-0.2840554376326633,-0.3334227603823423,1548,1452
26,85,-0.24153846153846154,-0.17289196241902116,46,2954
26,86,-0.2730099502487562,-0.17783885726995724,53,2947
26,87,-0.28507960014809336,-0.1765406004488744,0,3000
26,88,-0.25816543611563003,-0.16731464658473552,60,2940
26,89,-0.23336291038154397,-0.2527428495432885,2087,913
26,9,-0.27022244691607683,-0.28100297534257446,1069,1931
26,90,-0.22324120603015082,-0.1718816769514322,174,2826
26,91,-0.2742160721086707,-0.1780844824283651,0,3000
26,92,-0.2608313449704885,-0.26728181775214344,1069,1931
26,93,-0.23419979612640168,-0.21822034244231658,914,2086
26,94,-0.26709935097353976,-0.19370370129255893,10,2990
26,95,-0.26802704056084137,-0.19972989477190492,739,2261
26,96,-0.2186111463755236,-0.15035424973345912,297,2703
26,97,-0.2575339025615269,-0.21511512802853341,699,2301
26,98,-0.24281230382925306,-0.18732014144055154,802,2198
26,99,-0.26112573649241566,-0.1527598004368634,0,3000
27,1,-0.2769211483013664,-0.1450347737155454,11,2989
27,10,-0.24166039628793576,-0.12721478066967226,0,3000
27,100,-0.2656211102813044,-0.2320763729256652,1058,1942
27,11,-0.22998102466793163,-0.1549826061246935,199,2801
27,12,-0.2581377744133232,-0.19424964093933034,50,2950
27,13,-0.23252922158666997,-0.22651540019608976,1073,1927
27,14,-0.26727477196051486,-0.24439143202315475,887,2113
27,15,-0.2182630906768837,-0.44877879863003645,2004,996
27,16,-0.2486082995951417,-0.2676979086870956,1424,1576
27,17,-0.2685657420077124,-0.21388484523397489,16,2984
27,18,-0.25413814561294346,-0.22181420687376685,465,2535
27,19,-0.2680968510851839,-0.2190550170899978,217,2783
27,2,-0.3176588294147073,-0.2635094507336025,709,2291
27,20,-0.22660836976889448,-0.1374373969442763,0,3000
27,21,-0.23701462430660614,-0.25483233256411714,1509,1491
27,22,-0.25292122125895217,-0.29761136080030093,1260,1740
27,23,-0.25116572148708255,-0.2559599240527391,1000,2000
27,24,-0.24382207578253706,-0.21197700276865944,411,2589
27,25,-0.25782920387372654,-0.35695586804416973,1082,1918
27,26,-0.23809523809523805,-0.2296078702448274,1132,1868
27,27,-0.273834419977857,-0.19665359190240578,18,2982
27,28,-0.2543716190715813,-0.2732214149682536,1000,2000
27,29,-0.24611889435819773,-0.10056565032661395,0,3000
27,3,-0.2622021893110109,-0.19808529729487515,150,2850
27,30,-0.2844619489264388,-0.19511548501241105,41,2959
27,31,-0.2423827882104216,-0.39845164450739184,1501,1499
27,32,-0.2571031695921202,-0.22769896469060794,514,2486
27,33,-0.21222929936305732,-0.5720153798680127,2986,14
27,34,-0.2339004410838059,-0.19168787621323322,1001,1999
27,35,-0.24291497975708498,-0.2529544321792178,1000,2000
27,36,-0.27006845052893597,-0.2843001596229329,1443,1557
27,37,-0.2439054572453904,-0.146088670159518,772,2228
27,38,-0.2699409621906796,-0.35101206157164183,1000,2000
27,39,-0.26441102756892226,-0.20307196627862636,76,2924
27,4,-0.2726375524302986,-0.22740250620765975,151,2849
27,40,-0.21192556019749337,-0.1635418818171236,93,2907
27,41,-0.2651533742331288,-0.1671172279771275,0,3000
27,42,-0.2455239764617503,-0.19986050185897422,756,2244
27,43,-0.21408770161290316,-0.2781522725532294,1923,1077
27,44,-0.261221945137157,-0.1807479367113339,28,2972
27,45,-0.2558694287507847,-0.6538116459754133,3000,0
27,46,-0.26317752362008945,-0.17522639157754386,1,2999
27,47,-0.3015892879489426,-0.24149429317964238,352,2648
27,5,-0.23629489603024567,-0.1354576211428847,0,3000
27,6,-0.18604946100190237,-0.10848040648088222,0,3000
27,7,-0.25175967823026646,-0.2705160581236294,1200,1800
27,8,-0.26106421079559994,-0.2475192697224196,877,2123
27,9,-0.22582697201017812,-0.2824532818534151,1234,1766
27,98,-0.2629347961600798,-0.25133163130397745,1008,1992
27,99,-0.2474619289340102,-0.24467457374040513,1064,1936
28,1,-0.2640313257505128,-0.0524382577412809,203,2797
28,10,-0.23863008654023196,-0.13657102537269536,536,2464
28,100,-0.26096187575002305,0.11102565727182435,0,3000
28,11,-0.2661469933184856,-0.01233493497778862,114,2886
28,12,-0.24501954943213558,-0.3026746795875288,2113,887
28,13,-0.22830634891759144,-0.038299654047914446,237,2763
28,14,-0.27536231884057966,-0.026946023629624,97,2903
28,15,-0.25062656641604003,-0.16272223099248806,923,2077
28,16,-0.24607716448218567,-0.30381928435896927,2204,796
28,17,-0.23107313487688347,-0.21768055409370843,1301,1699
28,18,-0.25362914270063,-0.13413902137746483,607,2393
28,19,-0.2635608253197647,0.07740122051205194,116,2884
28,2,-0.2150887299080183,-0.06577977770505376,477,2523
28,20,-0.26066961000735844,-0.11258091525295515,481,2519
28,21,-0.27595099935525474,-0.02923694707564833,160,2840
28,22,-0.2675382065917879,-0.24592877961930948,1029,1971
28,23,-0.270837183515062,-0.3283616989890724,1994,1006
28,24,-0.2378528459046737,-0.08716625754750719,329,2671
28,25,-0.26132339235787505,-0.061292061413044344,137,2863
28,26,-0.26096551724137934,-0.39923251374395663,2326,674
28,27,-0.28853030164114785,-0.12388905041818535,544,2456
28,28,-0.2432930764266617,-0.22402140996768294,1071,1929
28,29,-0.2502068965517241,-0.05603439360386884,147,2853
28,3,-0.2623265157048941,-0.31019687287789605,2022,978
28,30,-0.24136667582669233,0.027862161182570393,21,2979
28,31,-0.27307976366322007,-0.17709730082609243,430,2570
28,32,-0.27159361819182104,-5.227983315654035e-4,19,2981
28,33,-0.2434564692778912,-0.31918891093047347,1060,1940
28,34,-0.25775480059084194,0.025899190323872587,5,2995
28,35,-0.23952262003885658,-0.33155663830841603,2183,817
28,36,-0.23864905098623004,0.0253480670160005,19,2981
28,37,-0.2259522272433829,0.04531037145048183,0,3000
28,38,-0.28436756360973825,-0.4908765780939497,2279,721
28,39,-0.24952259707192864,0.018224013654474153,43,2957
28,4,-0.23707533234859673,-0.5144761497928513,2074,926
28,40,-0.2338395999259121,0.036091388112499165,0,3000
28,41,-0.2544221427916782,0.040138955590554255,0,3000
28,42,-0.24094371168493398,0.04644009806981846,10,2990
28,43,-0.21770091556459814,0.035952346106510685,1,2999
28,44,-0.2698295716259788,-0.37357618600164505,2599,401
28,45,-0.24182643326850062,-0.18162208440589928,763,2237
28,46,-0.2262313329004731,-0.17069511606960697,778,2222
28,47,-0.26147631289019474,-0.12141593825779291,87,2913
28,48,-0.2524289812158786,-0.3209249019470313,2229,771
28,49,-0.24429517850570484,-0.13742279684063394,874,2126
28,5,-0.25555759691346674,-0.23020084062169255,1085,1915
28,50,-0.24791494821739526,-0.1593319067414704,566,2434
28,51,-0.2483134645596525,0.04660870032415916,0,3000
28,52,-0.25185735512630014,-0.17170242555375262,676,2324
28,53,-0.24404597701149425,0.1825636569494857,701,2299
28,54,-0.2531820697288323,-0.22107960660718448,996,2004
28,55,-0.2706959706959706,-0.17345910653714447,428,2572
28,56,-0.23090470893585463,-0.039356681959780024,52,2948
28,57,-0.21356341033491041,-0.07656579229073447,173,2827
28,58,-0.24877778802693473,-0.16798792729925524,991,2009
28,59,-0.2523175768701239,-0.0975124801845233,262,2738
28,6,-0.2511368909512761,0.004280533555660256,147,2853
28,60,-0.2861387057840497,-0.1908215144822431,532,2468
28,61,-0.2351528585942551,-0.021188461513088674,63,2937
28,62,-0.2581451314328027,-0.19709670020233336,770,2230
28,63,-0.25290778821996834,-0.4507413953273556,2279,721
28,64,-0.24428676741614455,-0.06323408086986475,192,2808
28,65,-0.2773340677499311,0.07140702813034935,0,3000
28,66,-0.23560689402273552,0.04617162568859093,0,3000
28,67,-0.23037669326405638,4.320184245673356e-4,14,2986
28,68,-0.2679465776293823,-0.2089588963460813,843,2157
28,69,-0.2625265294823291,-0.20507834844365216,996,2004
28,7,-0.2578680203045685,-0.18954836022729732,911,2089
28,70,-0.2631338510735496,-0.27536457697800903,1529,1471
28,71,-0.25351064819120245,-0.20404409947351998,985,2015
28,72,-0.2557307903906107,-0.015450539790742802,67,2933
28,73,-0.28967300942176233,-0.18257861688037894,339,2661
28,74,-0.25461355746391384,-0.33159781782539066,2124,876
28,75,-0.22449735939961085,-0.049660672764679836,210,2790
28,76,-0.27307869305108157,-0.0440030608254069,726,2274
28,77,-0.2432556854801583,-0.2468604124837654,1465,1535
28,78,-0.22973970832564145,0.027116342971452767,0,3000
28,79,-0.21768833087149175,0.025905800601436785,1,2999
28,8,-0.24864716133174353,-0.0352881282844084,90,2910
28,80,-0.24931481819842874,-0.0142377760007168,249,2751
28,81,-0.27928431646631247,-0.14233783796933389,325,2675
28,82,-0.23678434241814514,-0.592809610132606,2032,968
28,83,-0.2605529953917051,-0.15284076312195488,318,2682
28,84,-0.23559384843431538,-0.12056268007249558,390,2610
28,85,-0.2526558891454964,-0.08704649436878728,311,2689
28,86,-0.26636754875927104,-0.04348311261797169,286,2714
28,87,-0.25975096136238784,-0.08293149247428264,526,2474
28,88,-0.23002398966599005,-0.5243649493033061,2555,445
28,89,-0.2751269035532995,-0.11352610333189542,182,2818
28,9,-0.2468209678894886,-0.3089773048611181,1861,1139
28,90,-0.19547687459449442,0.028713852886352517,48,2952
28,91,-0.2648363838047699,0.05295276286203839,0,3000
28,92,-0.2244539059607553,-0.2500536817028241,1672,1328
28,93,-0.23418249189439552,-0.2979187673064049,1944,1056
28,94,-0.2562021580743337,-0.2857564317636742,1833,1167
28,95,-0.24635241301907967,-0.3158099845559678,1781,1219
28,96,-0.2645939675174014,-0.13764254129385411,281,2719
28,97,-0.2586143357287636,-0.3093265702474061,1342,1658
28,98,-0.29736167094173693,-0.06987068501718058,380,2620
28,99,-0.2505082239881722,0.018040910305788475,477,2523
29,1,-0.2853211009174311,0.005184353313200883,0,3000
29,10,-0.23380756271059527,-0.05025871771487858,139,2861
29,100,-0.24275696622993181,-0.09445240498301313,308,2692
29,11,-0.2590611454394541,-0.20265492067091972,805,2195
29,12,-0.2315808959644577,-0.21568800695561216,1160,1840
29,13,-0.2596471885336274,-0.2405122437792246,1160,1840
29,14,-0.2627497491104826,-0.213436288553573,725,2275
29,15,-0.22921494114375757,-0.09759835154708732,316,2684
29,16,-0.247646897560084,0.09339237833107676,0,3000
29,17,-0.25543229118914446,-0.20182296978079384,713,2287
29,18,-0.2661046458352424,-0.23404551684016522,889,2111
29,19,-0.24096611121512837,0.09571479055285202,155,2845
29,2,-0.2996073417952699,-0.22260892377816205,476,2524
29,20,-0.24157043879907616,-0.11462157925027237,598,2402
29,21,-0.27569662299317227,-0.22013564253420143,614,2386
29,22,-0.2541628545288198,-0.0561665932490072,474,2526
29,23,-0.24689987044234676,-0.11902770593248085,137,2863
29,24,-0.24871387148068463,-0.178733260580642,479,2521
29,25,-0.2768038383465585,-0.7521639085685546,2584,416
29,26,-0.2583819241982507,-0.25528794505845753,1237,1763
29,27,-0.24338770620219344,-0.2999353349295089,2365,635
29,28,-0.2275029934604403,-0.05556463664171811,131,2869
29,29,-0.25293132328308204,-0.15626597991921637,276,2724
29,3,-0.24467691168302172,-0.14655470749899085,509,2491
29,30,-0.2889505316689782,-0.12861750184262657,165,2835
29,31,-0.25391128290079135,-0.15770334795757915,526,2474
29,32,-0.22773572563311847,-0.11301450245988792,480,2520
29,33,-0.2503224617652478,0.09066088346957225,191,2809
29,34,-0.24843057607090094,-0.0292918014915721,167,2833
29,35,-0.24046620046620046,-0.1270706260572678,351,2649
29,36,-0.25062471078204523,-0.10546617344602655,89,2911
29,37,-0.2668694690265487,-0.2543522878500153,1052,1948
29,38,-0.21270871985157694,-0.04217870340472193,219,2781
29,39,-0.24391817176557323,-0.25212108717628906,1470,1530
29,4,-0.2594348391894404,-0.09176186741714129,185,2815
29,40,-0.2542733068465306,-0.258729232876238,1520,1480
29,41,-0.2564639475600874,-0.07542525176727517,45,2955
29,42,-0.24334006981444053,-0.2712584489111039,1859,1141
29,43,-0.25846833578792344,-0.052053273589218935,7,2993
29,44,-0.2469489644970415,0.0577992777416085,0,3000
29,45,-0.24502212389380532,-0.13948191128479523,355,2645
29,46,-0.2592695330559408,-0.3222056321838259,1127,1873
29,47,-0.2667826724058981,-0.1889000302813688,558,2442
29,48,-0.2517250897046646,0.03524996095680638,0,3000
29,49,-0.2258953168044077,-0.18530456461356504,912,2088
29,5,-0.25615348619560124,0.014201634744122211,0,3000
29,50,-0.25959864381929815,-0.204774604261846,630,2370
29,51,-0.23671991084695393,0.010933741906162373,0,3000
29,52,-0.2753960857409133,-0.13162997949425898,146,2854
29,53,-0.2552624322088428,-0.034275914568920866,121,2879
29,54,-0.2513590712245462,-0.0772959679619279,456,2544
29,55,-0.27547479912344786,-0.11432429358577083,64,2936
29,56,-0.25478523674329157,-0.3026634402860477,1158,1842
29,57,-0.24307918697691527,0.04670913133996744,0,3000
29,58,-0.23385036496350373,-0.15181808837851074,424,2576
29,59,-0.26423774036249886,-0.16969393466346427,339,2661
29,6,-0.24612116734392317,-0.19403017961143637,556,2444
29,60,-0.2568569310600445,-0.18825210400515377,725,2275
29,61,-0.22302158273381298,-0.18839189510377627,937,2063
29,62,-0.26050884955752207,-0.1675466533169987,296,2704
29,63,-0.26803741780124113,-0.19956083980305803,594,2406
29,64,-0.2540322580645162,-0.09564852087737791,121,2879
29,65,-0.26451254513470973,-0.11795991748546568,114,2886
29,66,-0.2539594843462246,-0.1724952245674674,419,2581
29,67,-0.26716988165129063,-0.0028080659934291716,80,2920
29,68,-0.2339449541284403,-0.17491670077533333,526,2474
29,69,-0.2365359354475511,-0.12993573665020197,319,2681
29,7,-0.2564647210934614,-0.3073089155484899,1515,1485
29,70,-0.2677473448854109,-0.5005914337928097,1924,1076
29,71,-0.24456721915285448,-0.20259251223001806,959,2041
29,72,-0.29599853827882333,0.002135895683841924,200,2800
29,73,-0.2348526450668132,0.014331856882512128,0,3000
29,74,-0.2482592145576083,-0.16902495876950271,453,2547
29,75,-0.2095167834747326,6.057733215135062e-4,190,2810
29,76,-0.2324430332461711,-0.021807643422403055,51,2949
29,77,-0.2421759941089838,-0.15604116627032918,525,2475
29,78,-0.2603648424543947,-0.22398267772302413,1323,1677
29,79,-0.21831892587824162,-0.3970943095027479,1964,1036
29,8,-0.2333983468004087,-0.15952334313621708,548,2452
29,80,-0.21815982882128576,-0.13233435105183836,388,2612
29,81,-0.27150488119359,-0.12789645341189504,268,2732
29,82,-0.25805560670226474,0.051693543663226524,251,2749
29,83,-0.2681125980618366,-0.23464690567747307,859,2141
29,84,-0.22408300719031585,-0.26163267528389617,1970,1030
29,85,-0.2711864406779661,-0.2571495500665623,1168,1832
29,86,-0.2248542611270473,0.023742679273331888,0,3000
29,87,-0.25936098141536207,-0.16956550007513785,424,2576
29,88,-0.2450129294421869,-0.26657416172603027,1208,1792
29,89,-0.252634498058791,-0.33113880031626597,1894,1106
29,9,-0.22465245597775726,-0.10798151835396974,558,2442
29,90,-0.25306197624090604,0.0276257729444143,41,2959
29,91,-0.24655520852471052,-0.2114600560958516,865,2135
29,92,-0.27166450176285023,-0.2872425058981973,1733,1267
29,93,-0.2395862196360949,-0.08207316147224694,655,2345
29,94,-0.2508768691157467,0.04964948021352174,0,3000
29,95,-0.26446433514810375,-0.15930071157957726,741,2259
29,96,-0.2389487369985141,-0.5133545398762782,1906,1094
29,97,-0.21327800829875532,-0.13847926478625985,411,2589
29,98,-0.23371897742116068,-0.06540688923664736,137,2863
29,99,-0.2546163125173983,-0.038791727208460323,85,2915
3,1,-0.2409986199974909,-0.10723291608403943,658,2342
3,10,-0.2579883128186001,-0.038055688340528464,243,2757
3,100,-0.23306096794468878,-0.21421898395491634,1192,1808
3,11,-0.2736775818639799,-0.316238881112196,1887,1113
3,12,-0.25757952286282304,-0.04064154242452933,78,2922
3,13,-0.22265872512989476,-0.3361698621730862,2648,352
3,14,-0.28773466833541933,0.08040620925028057,0,3000
3,15,-0.21818410462776663,-0.12372077316198497,882,2118
3,16,-0.24318210380796784,-0.06448421338768126,263,2737
3,17,-0.2539903724347605,-0.2575659092910167,1459,1541
3,18,-0.28249154029326984,-0.03477856018978769,57,2943
3,19,-0.2364027321022008,0.2577392135300302,49,2951
3,2,-0.21685379084142808,0.1409836613845829,0,3000
3,20,-0.25433160490704443,0.037016817455572795,0,3000
3,21,-0.22704761904761903,-0.12279547731871385,539,2461
3,22,-0.27711907164480315,-0.2745653545714475,1393,1607
3,23,-0.24561849123698246,-0.5600969938749404,2770,230
3,24,-0.266641547349912,-0.03698864803847482,68,2932
3,25,-0.22659974905897115,-0.40697147885379276,2836,164
3,26,-0.24064711830131444,0.0688197150154627,6,2994
3,27,-0.2769058295964125,0.022418105011578048,101,2899
3,28,-0.2492012779552716,-0.16325872159083246,591,2409
3,29,-0.20544113907958303,0.03300807715026193,153,2847
3,3,-0.28650763599646595,-0.02149004344268045,134,2866
3,30,-0.25751879699248115,-0.2741307101959399,1481,1519
3,31,-0.2253538614353116,-0.3780288348904163,2092,908
3,32,-0.21543367346938772,-0.16480393127171764,1543,1457
3,33,-0.24853428498598018,-0.2739274934470638,1231,1769
3,34,-0.24550080675189273,0.08455537331548862,0,3000
3,35,-0.27312775330396466,-0.13081768275317962,496,2504
3,36,-0.24451371571072317,-0.1329981896891642,518,2482
3,37,-0.24843710927731938,-0.3832148945838099,2420,580
3,38,-0.2416183513990422,-0.17485630604475844,959,2041
3,39,-0.22328173374613006,-0.0433340133082276,110,2890
3,4,-0.25314877166729016,-0.17952134065691755,703,2297
3,40,-0.254554592285463,-0.12144890288085715,453,2547
3,41,-0.24133537206931702,-0.22778205815873567,1305,1695
3,42,-0.24245866464722957,0.0314528013287373,43,2957
3,43,-0.2558808808808809,0.09663690933413745,0,3000
3,44,-0.2629801075941448,-0.24893841203017827,1468,1532
3,45,-0.2339472374315581,-0.06770369214414738,220,2780
3,46,-0.25611888111888115,-0.18809538056115932,735,2265
3,47,-0.2551096709870389,-0.3860383277450392,2659,341
3,48,-0.23811306626731563,-0.33154126099189185,2463,537
3,49,-0.2424627909935122,-0.09860739664200101,202,2798
3,5,-0.27340267459138196,-0.31849353650090534,1989,1011
3,50,-0.2719243687025749,-0.25255853864425143,1287,1713
3,51,-0.23708206686930097,-0.21542419929742188,1221,1779
3,52,-0.23856086247962888,-0.23667102308628254,1556,1444
3,53,-0.2506064087833524,-0.18838663777844822,835,2165
3,54,-0.25749250749250757,-0.06281742053645518,105,2895
3,55,-0.25458172297718484,-0.20983817339717972,1118,1882
3,56,-0.2604140368593789,-0.05668569645185031,224,2776
3,57,-0.25746835443037974,-0.10074320595957813,207,2793
3,58,-0.24465798457453536,0.04759853644990613,0,3000
3,59,-0.2540499811628783,-0.3235656410846276,1923,1077
3,6,-0.2543206761700517,-0.053438128784881654,179,2821
3,60,-0.2557146445616679,-0.23987712966860966,1171,1829
3,61,-0.21315362535879187,-0.29348423778248833,2153,847
3,62,-0.2569323007744192,-0.19507598354338723,692,2308
3,63,-0.2842276830491474,-0.3381020319983735,1695,1305
3,64,-0.23323760769134727,-0.048629275685141936,119,2881
3,65,-0.21738585047666828,-0.12855553271678477,507,2493
3,66,-0.24732266599470837,-0.1927675256314535,1095,1905
3,67,-0.2643880371952753,-0.2327263533163818,1195,1805
3,68,-0.256792619739669,-0.2448580326632941,1326,1674
3,69,-0.23847695390781562,-0.09519245360333459,226,2774
3,7,-0.25162988966900696,-0.33633489003475864,2203,797
3,70,-0.21464456166792256,-0.3612442740733952,2304,696
3,71,-0.2647904940587868,-0.40930403227386186,2258,742
3,72,-0.22264485862812214,-0.2551472362694677,1851,1149
3,73,-0.25722868944799093,0.06406515353975518,0,3000
3,74,-0.26489482302556994,-0.0032809991957999003,110,2890
3,75,-0.238052985169223,0.11179515672270446,29,2971
3,76,-0.2299224418313736,-0.26587101177986744,1626,1374
3,77,-0.2611696787148594,-0.2354535610365197,1014,1986
3,78,-0.2419743687349321,0.17797432829214482,5,2995
3,79,-0.23846345722125223,-0.20429188140641097,1137,1863
3,8,-0.23105776444111034,0.12031765283271359,0,3000
3,80,-0.23746867167919802,-0.22390788305117942,1285,1715
3,81,-0.2873962077085141,-0.2322538132488608,911,2089
3,82,-0.21635043932255194,-0.31233878091177797,2549,451
3,83,-0.2210578842315368,-0.28468311057433376,2122,878
3,84,-0.2734277902063137,-0.024128065779112567,2,2998
3,85,-0.22715206674251037,-0.17385296288980293,877,2123
3,86,-0.2624513862752478,-0.4065832668283225,2865,135
3,87,-0.27852182539682535,-0.12119547192141712,487,2513
3,88,-0.26895690193628985,-0.28200762566481097,1281,1719
3,89,-0.21800050492299922,0.015624843486205657,12,2988
3,9,-0.2257373329972272,-0.1598301660580746,1107,1893
3,90,-0.22930016333710262,-0.12098695444952637,516,2484
3,91,-0.20848985725018776,0.0416905671684028,0,3000
3,92,-0.2523929471032746,0.033924770598575564,26,2974
3,93,-0.27338928659590217,-0.09720669287653994,155,2845
3,94,-0.2606837606837607,-0.02086123618255823,124,2876
3,95,-0.23003154574132495,-0.07375072061274608,558,2442
3,96,-0.2508466072996363,-0.059203667154591445,197,2803
3,97,-0.27154145240185623,-0.19813589424657396,720,2280
3,98,-0.25225559263379055,-0.09535146586633146,279,2721
3,99,-0.23016759776536316,-0.170112201106685,930,2070
30,1,-0.2875929620896064,-0.10797735399394,18,2982
30,10,-0.2084063047285464,-0.2466692480346581,1483,1517
30,100,-0.2610656114843103,-0.2096513821215774,640,2360
30,11,-0.2393861422532622,-0.16102149613054348,502,2498
30,12,-0.28360413589364836,-0.27101697692159205,1227,1773
30,13,-0.2622860298177802,-0.1703564614729003,256,2744
30,14,-0.2753900903367095,-0.12026106825224922,63,2937
30,15,-0.28102088167053363,-0.20053826183473847,294,2706
30,16,-0.2733786172885457,-0.25287928059169734,852,2148
30,17,-0.22885849846497355,-0.15275615112820373,405,2595
30,18,-0.25584782015108776,-0.16389514432216512,277,2723
30,19,-0.273581429624171,-0.21082623181214316,504,2496
30,2,-0.2511835143414091,-0.21987962850805448,825,2175
30,20,-0.21998166819431714,-0.09811329174875304,442,2558
30,21,-0.2383892370070034,-0.16905771687217486,471,2529
30,22,-0.24891193629039715,-0.1295603578490358,225,2775
30,23,-0.2653004707837164,-0.09586750017177562,6,2994
30,24,-0.2683465146220342,-0.20176445730963144,426,2574
30,25,-0.27054794520547953,-0.18902788351203018,531,2469
30,26,-0.24206607724523027,-0.3099437179103137,1503,1497
30,27,-0.20507380073800738,-0.1280911997294481,344,2656
30,28,-0.274730298043518,-0.1968900581110176,399,2601
30,29,-0.2485479856181432,-0.19972197536270353,566,2434
30,3,-0.25514061779621955,-0.14021358876464238,107,2893
30,30,-0.23272123281350937,-0.30919756882181326,1083,1917
30,31,-0.2642454032404879,-0.16600714536139752,390,2610
30,32,-0.24068294474022395,-0.11409732890988154,27,2973
30,33,-0.21578458681522752,-0.1259136606963675,186,2814
30,34,-0.2581391046984831,-0.21587763046161867,861,2139
30,35,-0.2702827573461467,-0.22920223861056624,896,2104
30,36,-0.24678874009292157,-0.3532847405347699,1343,1657
30,37,-0.2583417131364842,-0.1450886849598618,90,2910
30,38,-0.267183934276586,-0.17538386913157653,227,2773
30,39,-0.2330437996673443,-0.21018780881198526,1051,1949
30,4,-0.24609955423476976,0.036112760280701366,0,3000
30,40,-0.24660301138450239,-0.12348040864659278,139,2861
30,41,-0.21610403984504706,-0.15754632515072745,785,2215
30,42,-0.20164378444008593,-0.18205730670240733,1064,1936
30,43,-0.22600647848218414,-0.28543111794192094,1727,1273
30,44,-0.25339742997134146,-0.177148487599122,534,2466
30,45,-0.256098692143586,-0.17295345360196623,406,2594
30,46,-0.27157196795285005,-0.3756116152181911,1820,1180
30,47,-0.21503884572696993,-0.21201976961607047,1416,1584
30,48,-0.2783204016430853,-0.22722704967209928,882,2118
30,49,-0.2637301879837819,-0.24174122416002597,1103,1897
30,5,-0.24504041146216018,-0.18108994137133366,638,2362
30,50,-0.25195895522388057,-0.13018945013734984,211,2789
30,51,-0.2824983854599132,-0.1733368519355136,519,2481
30,52,-0.23354779411764703,-0.16050699720488315,452,2548
30,53,-0.26325878594249197,-0.16646230662835787,223,2777
30,54,-0.26008473015288275,-0.19841853353207428,596,2404
30,55,-0.24453703703703705,-0.13188151757670025,322,2678
30,56,-0.25002318464249285,-0.3892151277686416,1597,1403
30,57,-0.2721150345831816,-0.3778971699214399,1268,1732
30,58,-0.24484296599145142,-0.09949145695876092,221,2779
30,59,-0.20568887241730752,-0.10643540222667379,202,2798
30,6,-0.26252743233357717,-0.24331848968288342,966,2034
30,60,-0.24642333088774768,-0.10597637786495165,64,2936
30,61,-0.26294453657637734,-0.14357765623984808,145,2855
30,62,-0.2412329272794389,-0.1872633747707435,678,2322
30,63,-0.2615370387496531,-0.13718579229889322,303,2697
30,64,-0.2079769431015248,-0.17011597022023575,755,2245
30,65,-0.21388888888888885,-0.1258639334979537,225,2775
30,66,-0.28114243185412596,-0.1999474058158953,461,2539
30,67,-0.21626121542873006,-0.17172734293758113,719,2281
30,68,-0.2388351321176033,-0.0513130886113771,15,2985
30,69,-0.2857012584351633,-0.2434430713354448,815,2185
30,7,-0.27323316638842515,-0.1774098205237337,593,2407
30,70,-0.22227314390467465,-0.16058411597746397,753,2247
30,71,-0.24204930803776006,-0.10182993965164601,54,2946
30,72,-0.2262310170271515,-0.12446317844523319,387,2613
30,73,-0.2722676716609983,-0.16509609892507301,190,2810
30,74,-0.2505726065048099,-0.0689227767654236,76,2924
30,75,-0.2822433321154548,-0.09613052227364359,37,2963
30,76,-0.2680561848663344,-0.22116990726456195,615,2385
30,77,-0.2777159807193178,-0.29796020924730815,1003,1997
30,78,-0.21563045275048212,-0.021294583891457393,8,2992
30,79,-0.2475629942983262,-0.1347700208314584,574,2426
30,8,-0.2430208911074136,-0.14791612450546165,462,2538
30,80,-0.235954014463193,-0.14602039865433405,305,2695
30,81,-0.27546996790463096,-0.13531981311958213,231,2769
30,82,-0.22970095361540596,-0.15048723723703275,445,2555
30,83,-0.2691883951524055,-0.16482391837532132,338,2662
30,84,-0.25551555432474843,-0.15152911437377126,197,2803
30,85,-0.2500456287643731,-0.09097633212423098,259,2741
30,86,-0.2202594534915816,-0.168089695443703,627,2373
30,87,-0.22701653885244394,-0.2153354735391271,1139,1861
30,88,-0.2555053902146871,-0.13180947393646061,33,2967
30,89,-0.2545487793727713,-0.32020776909701437,2082,918
30,9,-0.2515291936978684,-0.40086639569650895,1613,1387
30,90,-0.2677208789188195,-0.16700776859075853,409,2591
30,91,-0.2620893318567738,-0.13152994999922013,92,2908
30,92,-0.24972129319955397,-0.19978357084079948,716,2284
30,93,-0.22996483435128623,-0.15219381522995457,385,2615
30,94,-0.24765461335276437,-0.1865101669349613,490,2510
30,95,-0.27210884353741505,-0.19051547214428202,659,2341
30,96,-0.23544997715851987,-0.1617339649815784,464,2536
30,97,-0.24550898203592816,-0.20568947878415508,798,2202
30,98,-0.2539726279048406,-0.20289843578552685,738,2262
30,99,-0.2541537337958736,-0.25578191747112067,1315,1685
31,1,-0.23946146703806875,-0.1912303887410592,519,2481
31,10,-0.24694175643600502,-0.14347744271741578,141,2859
31,100,-0.25046296296296294,-0.23286115171802693,823,2177
31,11,-0.2714521452145214,-0.21428410536106027,808,2192
31,12,-0.284026378457593,-0.24540471281748016,853,2147
31,13,-0.227760310708341,-0.12950127463659794,445,2555
31,14,-0.2661680197026361,-0.0509104367936367,0,3000
31,15,-0.23436921938586752,-0.1091273480004506,0,3000
31,16,-0.26528206058407405,-0.39360029205084,1398,1602
31,17,-0.2834199777200148,-0.41353140016886936,1023,1977
31,18,-0.2701872031293656,-0.11091913143808438,164,2836
31,19,-0.2573630608312689,-0.18480760609627483,248,2752
31,2,-0.25310933729348434,-0.19245961853128193,600,2400
31,20,-0.24513798851639182,-0.34568787471286827,1233,1767
31,21,-0.25059974164975096,-0.08766502580535306,284,2716
31,22,-0.27031509121061353,-0.2317808022523872,616,2384
31,23,-0.24294410625345877,-0.07350299326371132,85,2915
31,24,-0.28420666238414244,-0.25819801093073386,903,2097
31,25,-0.22094308344078104,-0.17193946148236902,580,2420
31,26,-0.25930752047654493,-0.2160816101606443,586,2414
31,27,-0.23973107386258985,-0.11222840359737092,26,2974
31,28,-0.27269396354309794,-0.21637615270227692,683,2317
31,29,-0.25797847880069896,-0.4335826833481541,2022,978
31,3,-0.28155969250717794,-0.20816618265119283,394,2606
31,30,-0.24682144831398556,-0.08693440909215881,3,2997
31,31,-0.2756138083810227,-0.21327247396978402,526,2474
31,32,-0.24988414125498193,-0.2653244332479615,1089,1911
31,33,-0.2786266568483064,-0.19770962501036635,388,2612
31,34,-0.22428002592832666,-0.14958813147783454,302,2698
31,35,-0.24882715481556442,-0.10927470537612574,209,2791
31,36,-0.258524545205229,-0.18543129376335665,240,2760
31,37,-0.2446632315053367,-0.16567609900142027,528,2472
31,38,-0.2293670422277182,-0.19747654715316665,676,2324
31,39,-0.2094956585996674,-0.21032478745581096,1331,1669
31,4,-0.253683241252302,-0.14796825747010275,93,2907
31,40,-0.2531841339155749,-0.12119969000621102,146,2854
31,41,-0.271082686158063,-0.21081507638316396,647,2353
31,42,-0.23844869177955086,-0.1905842725718573,382,2618
31,43,-0.2563771986370752,-0.20838436740127284,641,2359
31,44,-0.25046159527326434,-0.21165338038163956,830,2170
31,45,-0.26216611781924626,-0.11718224683709508,88,2912
31,46,-0.2532025074952304,-0.13037883954982887,127,2873
31,47,-0.2620247366010078,-0.26815035185370095,1699,1301
31,48,-0.26155695266272194,-0.16611889709210825,335,2665
31,49,-0.28192023364059504,-0.3094876324095775,1100,1900
31,5,-0.26172410640826405,-0.4547296897075823,1710,1290
31,50,-0.24045274684825618,-0.10284735905810172,151,2849
31,51,-0.2569659442724458,-0.19624065003942873,687,2313
31,52,-0.23452708907254366,-0.3028933543511865,1572,1428
31,53,-0.24442616959064328,-0.07725205878555572,71,2929
31,54,-0.256452649949481,-0.14467582797364878,34,2966
31,55,-0.2719266055045871,-0.17108695902644683,713,2287
31,56,-0.23944572748267887,-0.457853746297241,2695,305
31,57,-0.258977647489923,-0.18952969902161354,653,2347
31,58,-0.21888570636607232,-0.05131359307921966,2,2998
31,59,-0.2600147004777656,-0.14223277187914365,47,2953
31,6,-0.27441687575504137,-0.13864439983678764,33,2967
31,60,-0.2557925707980875,-0.054181608109498985,0,3000
31,61,-0.25615808823529407,-0.14460456687235618,89,2911
31,62,-0.20616748222694126,-0.13037016789880587,340,2660
31,63,-0.2631530621614177,-0.2366134438225453,656,2344
31,64,-0.26008591707134854,-0.2794742219052504,1874,1126
31,65,-0.2653398147298909,-0.21706386072262915,682,2318
31,66,-0.25322878228782286,-0.19618367775886694,849,2151
31,67,-0.25111399925733385,-0.19225662813117622,514,2486
31,68,-0.24437418634926542,-0.379518710784429,1621,1379
31,69,-0.25834329318745985,-0.12049291936565366,113,2887
31,7,-0.2512730302749745,-0.16935006912734518,267,2733
31,70,-0.23935525948010805,-0.19446816667490902,564,2436
31,71,-0.24697093923658556,-0.3463873676700159,1963,1037
31,72,-0.23577690729341547,-0.2420922713539183,1093,1907
31,73,-0.2509442653155228,-0.08675538767926594,12,2988
31,74,-0.2785714285714285,-0.23821092422269757,661,2339
31,75,-0.23569054652880347,-0.17261872357974095,580,2420
31,76,-0.2715250161842227,-0.15172952108033202,43,2957
31,77,-0.2690293622592108,-0.2727092855898178,1596,1404
31,78,-0.253430258973194,-0.2198445799898214,708,2292
31,79,-0.22593374323208226,-0.10962649978574354,28,2972
31,8,-0.26421681212678,-0.12979236631882296,223,2777
31,80,-0.2512919896640827,-0.3166835010439254,1740,1260
31,81,-0.25383414454954545,-0.2122325222377528,792,2208
31,82,-0.25821943110454376,-0.2338067676754718,949,2051
31,83,-0.22305994851048178,-0.23052053578489917,1195,1805
31,84,-0.26180061964643714,-0.09082613308978886,188,2812
31,85,-0.2772831574116567,-0.1499974366188904,78,2922
31,86,-0.24956402019274898,-0.09974311196262843,3,2997
31,87,-0.25841968911917096,-0.1592874038848283,240,2760
31,88,-0.27385968126030413,-0.22438517425336124,612,2388
31,89,-0.2547248087028672,-0.19080824033469723,285,2715
31,9,-0.24327832375301317,-0.20541533130191014,956,2044
31,90,-0.25424344195334475,-0.17396134718657585,335,2665
31,91,-0.25567447868610454,-0.2162201337925446,626,2374
31,92,-0.22352176738141644,-0.1556211682037932,244,2756
31,93,-0.25436661150946865,-0.35484610201321326,1291,1709
31,94,-0.2738623751387347,-0.25741536610427135,1067,1933
31,95,-0.2617805837679568,-0.4932800161404211,2674,326
31,96,-0.2203767282175003,-0.301911001349916,1611,1389
31,97,-0.3147026431718062,-0.24324646596846358,350,2650
31,98,-0.257986850634318,-0.1854201816295406,403,2597
31,99,-0.260023746460864,-0.12433563850714192,46,2954
32,1,-0.2443388314229801,-0.18597387675938742,568,2432
32,10,-0.2567443567627088,-0.12153650182524359,10,2990
32,100,-0.25572413793103443,-0.20379813203102734,494,2506
32,11,-0.2195167286245353,-0.11331988498586655,66,2934
32,12,-0.23661660370404494,-0.23322585411101793,1191,1809
32,13,-0.21329383447509728,-0.16805079703957357,462,2538
32,14,-0.23522925663879446,-0.09087097647036033,4,2996
32,15,-0.24168739062356082,-0.2650325493137007,919,2081
32,16,-0.248348623853211,-0.14366754357283856,71,2929
32,17,-0.26097425449157247,-0.1471213690920024,18,2982
32,18,-0.23539692760555614,-0.18097173441939537,558,2442
32,19,-0.26694329183955745,-0.2501739492910748,1065,1935
32,2,-0.24361584011843077,-0.09670256496184718,84,2916
32,20,-0.2538619021031081,-0.08952043950019954,4,2996
32,21,-0.27144038974170426,-0.31173015122606984,1043,1957
32,22,-0.23946377743090627,-0.12942476076313264,44,2956
32,23,-0.2612867848656552,-0.18956501092701572,193,2807
32,24,-0.2290295671517286,-0.26073563535697136,1703,1297
32,25,-0.23009502721653277,-0.15385763953595105,155,2845
32,26,-0.2408450704225352,-0.2175860364899547,895,2105
32,27,-0.26425347701943447,-0.11798598120245828,28,2972
32,28,-0.24575342465753422,-0.10690028175712703,5,2995
32,29,-0.2778852353320439,-0.2570818933605273,1091,1909
32,3,-0.23042671614100182,-0.1607192662030183,195,2805
32,30,-0.2663385288487831,-0.17608366772971348,193,2807
32,31,-0.21354166666666663,-0.12854866612139437,110,2890
32,32,-0.250986872303314,-0.16401918906101098,656,2344
32,33,-0.2570748237018043,-0.12060165924872679,54,2946
32,34,-0.24120975971797012,-0.1781372902296427,163,2837
32,35,-0.28147268408551074,-0.12543309938547656,38,2962
32,36,-0.2737219566016918,-0.1625611141286556,80,2920
32,37,-0.2488612066561308,-0.09043326317607946,3,2997
32,38,-0.23314423881707427,-0.07572436006288089,0,3000
32,39,-0.2784752130486577,-0.2358149312603227,533,2467
32,4,-0.26154404427106953,-0.1537169382070578,30,2970
32,40,-0.2472024415055951,-0.18295032275842926,358,2642
32,41,-0.2476851851851852,-0.11529707008932531,40,2960
32,42,-0.20163964627855563,-0.09233214220608774,26,2974
32,43,-0.24001486160133748,-0.15953128402412362,518,2482
32,44,-0.2667460826537158,-0.144836799546159,58,2942
32,45,-0.25288098091638234,-0.2004554739601721,699,2301
32,46,-0.21312849162011177,-0.18496553623719428,771,2229
32,47,-0.267132096270439,-0.242866168841474,619,2381
32,48,-0.2467687230726923,-0.23113672678567695,1055,1945
32,49,-0.2351640250645043,-0.15197643592589122,75,2925
32,5,-0.24705226998421678,-0.1232949243598045,10,2990
32,50,-0.2597103053787249,-0.17592097085025327,207,2793
32,51,-0.23740542535523168,-0.1859287936166154,674,2326
32,52,-0.21434475158416746,-0.12912247837576918,110,2890
32,53,-0.2393533487297921,-0.15922893675434494,60,2940
32,54,-0.25230457227138636,-0.15081712817001103,244,2756
32,55,-0.2669042397660819,-0.14105558398443407,0,3000
32,56,-0.2594599559147685,-0.2043775256904107,655,2345
32,57,-0.2565759113982464,-0.19463167067616866,495,2505
32,58,-0.2654172821270309,-0.20686103651662754,656,2344
32,59,-0.24796220822526868,-0.21209454315101609,725,2275
32,6,-0.24411115200588882,-0.12746568849109358,8,2992
32,60,-0.25706531910911473,-0.14163385389758998,393,2607
32,61,-0.23455651853217774,-0.261039890505613,1225,1775
32,62,-0.2599739000745713,-0.3061748036794722,1516,1484
32,63,-0.2630520252354393,-0.1255015092233036,121,2879
32,64,-0.25148920327624713,-0.198106500536932,377,2623
32,65,-0.2522045855379188,-0.14975723194349783,132,2868
32,66,-0.24831657596162718,-0.1704115477130023,152,2848
32,67,-0.285740809506127,-0.1917045294263419,145,2855
32,68,-0.2476691590510477,-0.12374763695168038,14,2986
32,69,-0.22762863534675618,-0.32302167276450167,1522,1478
32,7,-0.2594569719282099,-0.14396163511643656,65,2935
32,70,-0.2560624361237574,-0.16165351789979485,89,2911
32,71,-0.25712171661117267,-0.10797391452127567,68,2932
32,72,-0.2915824297004227,-0.2586673200230295,880,2120
32,73,-0.23127753303964763,-0.15185336374046088,323,2677
32,74,-0.26268382352941166,-0.169790854695056,34,2966
32,75,-0.2523099441954076,-0.18721590205052882,438,2562
32,76,-0.2454990305604284,-0.16106303308459496,121,2879
32,77,-0.28710973160489317,-0.16854214110455917,119,2881
32,78,-0.2451678535096643,-0.0969673302350599,2,2998
32,79,-0.280987927379965,-0.21662045505030028,180,2820
32,8,-0.27458679572641764,-0.20220963144509385,475,2525
32,80,-0.25861440291704646,-0.1563787840704355,21,2979
32,81,-0.26625642909625274,-0.2275941399105734,966,2034
32,82,-0.27270212962109336,-0.2219761754033306,540,2460
32,83,-0.24644506001846725,-0.18889022199061314,268,2732
32,84,-0.19706047556637343,-0.32890869223585073,1827,1173
32,85,-0.21773518191123106,-0.21758567349646793,1026,1974
32,86,-0.22289979066169113,-0.1889443808677588,739,2261
32,87,-0.24285320341943203,-0.16676586728383525,224,2776
32,88,-0.26550226411607053,-0.2278652159253317,619,2381
32,89,-0.2547490134899513,-0.16296088585640212,631,2369
32,9,-0.23336118072960174,-0.1384944365284552,32,2968
32,90,-0.2609213297921055,-0.21694334422172507,699,2301
32,91,-0.2699216950713957,-0.1622376221312068,154,2846
32,92,-0.23360503890329762,-0.4395266125903467,2115,885
32,93,-0.26204096696807533,-0.18360865859211445,254,2746
32,94,-0.21797587254811673,-0.29041032101406317,1598,1402
32,95,-0.25772245274319977,-0.20388733839925596,446,2554
32,96,-0.23237621939996309,-0.15229692599875239,128,2872
32,97,-0.25601327066629803,-0.2295823006888363,878,2122
32,98,-0.23905817174515243,-0.15772733111510162,90,2910
32,99,-0.23745173745173753,-0.18959013962056218,793,2207
33,1,-0.2542920435665497,-0.2043588580121832,342,2658
33,10,-0.23158476998248356,-0.0878730727713403,22,2978
33,100,-0.27451879010082497,-0.15382299522701517,15,2985
33,11,-0.2629888011749586,-0.21020130824351002,477,2523
33,12,-0.2167176918081454,-0.18813766784929772,593,2407
33,13,-0.22702052894396155,-0.13375173205964594,4,2996
33,14,-0.2535328345802161,-0.3117853267455332,1043,1957
33,15,-0.23393220966845707,-0.24131070190005163,1616,1384
33,16,-0.22077321494635585,-0.14621611906234738,411,2589
33,17,-0.25553709856035445,-0.45121233893761276,1459,1541
33,18,-0.24496921804649457,-0.16186709960683235,9,2991
33,19,-0.2813636363636364,-0.20994063786388398,482,2518
33,2,-0.26307521715024945,-0.21972343416744097,461,2539
33,20,-0.26317246470425393,-0.40680401116106674,1083,1917
33,21,-0.24003664681630782,-0.1539220433909919,64,2936
33,22,-0.23613165680473375,-0.18926995542789,737,2263
33,23,-0.26941143962420566,-0.245905601281004,745,2255
33,24,-0.25829340213785484,-0.11990039032408377,49,2951
33,25,-0.28833575581395354,-0.3489998066368839,1137,1863
33,26,-0.2556053811659192,-0.1913105055393072,249,2751
33,27,-0.2606613244911118,-0.2054779215992927,213,2787
33,28,-0.23467406380027736,-0.19894208291355173,560,2440
33,29,-0.23431001016729816,-0.19476969484977844,562,2438
33,3,-0.2587137498856463,-0.21666861683939334,776,2224
33,30,-0.2769583142464498,-0.24518426871080856,779,2221
33,31,-0.2623665893271461,-0.1370499184309237,48,2952
33,32,-0.23869767441860473,-0.14434383518550545,18,2982
33,33,-0.2646787296898079,-0.195186242152486,192,2808
33,34,-0.21921113689095126,-0.1695129504869203,451,2549
33,35,-0.24877507626883616,-0.16331230549783363,49,2951
33,36,-0.23115253298883462,-0.11318621644417438,256,2744
33,37,-0.2230401177769599,-0.19148229915398465,701,2299
33,38,-0.23726173020527866,-0.12431953741369381,34,2966
33,39,-0.21860206070732385,-0.17944891402223936,488,2512
33,4,-0.2195076809180085,-0.11723376286871862,1,2999
33,40,-0.26847313419032637,-0.11921808238513192,0,3000
33,41,-0.2537534754402225,-0.17173425540043089,106,2894
33,42,-0.2937437573776446,-0.17982296219475719,156,2844
33,43,-0.23851264070861786,-0.20901153704351189,852,2148
33,44,-0.23269513991163482,-0.06459546941132846,14,2986
33,45,-0.2558609910820998,-0.11186458407525383,0,3000
33,46,-0.22237775289287057,-0.1917286505271706,910,2090
33,47,-0.23655913978494622,-0.1406583328485336,77,2923
33,48,-0.28425357873210627,-0.19533276124611804,233,2767
33,49,-0.2550721988667519,-0.1418492921890344,148,2852
33,5,-0.2578238719068413,-0.21832062667256039,561,2439
33,50,-0.23019571295433353,-0.16497622891149788,200,2800
33,51,-0.22963853194046416,-0.3715649333838304,1006,1994
33,52,-0.2254819782062028,-0.11507403499680552,0,3000
33,53,-0.27648626297895806,-0.13073510653066164,1,2999
33,54,-0.24245510090723946,-0.09849151560350472,0,3000
33,55,-0.27420390933284394,-0.21467971540642047,524,2476
33,56,-0.2683327252827435,-0.15660944480794803,0,3000
33,57,-0.22990100841891017,-0.19652528775206896,372,2628
33,58,-0.27232142857142855,-0.18325733013344045,214,2786
33,59,-0.26598583126322567,-0.3604570461898683,1125,1875
33,6,-0.2184586986617444,-0.166850777758794,306,2694
33,60,-0.2509691711279306,-0.155163826295264,12,2988
33,61,-0.2571349147516679,-0.14101729783515174,10,2990
33,62,-0.23213786679087098,-0.20802391287183267,749,2251
33,63,-0.23022847100175758,-0.15242713461279978,215,2785
33,64,-0.21785187914517315,-0.23186508849903145,1000,2000
33,65,-0.2026789838337182,-0.18783588268620605,922,2078
33,66,-0.26803934185127315,-0.157218966575242,413,2587
33,67,-0.2528672355261951,-0.23193904742541455,892,2108
33,68,-0.22465373961218843,-0.10809210471896967,152,2848
33,69,-0.22312598206858297,-0.18523357376210833,741,2259
33,7,-0.25832723279648606,-0.2200198951696276,799,2201
33,70,-0.2522712673212811,-0.18614516934175948,315,2685
33,71,-0.2637997432605905,-0.25784417368962614,657,2343
33,72,-0.21557719054241994,-0.1936948723841556,794,2206
33,73,-0.24553777859983347,-0.18141105655669676,107,2893
33,74,-0.23954719737082336,-0.18100193370148968,380,2620
33,75,-0.2673617575870415,-0.24861914756634657,857,2143
33,76,-0.22363263020347207,-0.14907188745918473,120,2880
33,77,-0.24525155193180764,-0.24839352981444174,1024,1976
33,78,-0.24004813923347526,-0.15632471849833285,4,2996
33,79,-0.22844189489267214,-0.13157985883445392,0,3000
33,8,-0.22058008498060222,-0.19463492970316787,807,2193
33,80,-0.26760432190760064,-0.25506139619824597,1001,1999
33,81,-0.2698559290727743,-0.40906629596879307,2348,652
33,82,-0.2440036900369003,-0.40814553815378013,1057,1943
33,83,-0.2553329623446485,-0.14131656885814722,2,2998
33,84,-0.22774115680995252,-0.1776409293758983,511,2489
33,85,-0.29415560471976404,-0.20245251626625949,36,2964
33,86,-0.260011072153534,-0.14300875161870608,2,2998
33,87,-0.21706422018348617,-0.15533511951521395,72,2928
33,88,-0.25975934600900147,-0.18974542968698066,448,2552
33,89,-0.25004589682393974,-0.24833282874496984,1094,1906
33,9,-0.25813328390026885,-0.1919655465707225,421,2579
33,90,-0.2559211132614507,-0.18108763664896307,424,2576
33,91,-0.290991156963891,-0.14502657094978685,3,2997
33,92,-0.2549091914815156,-0.3453347012385668,1000,2000
33,93,-0.2467556544308491,-0.2044758600602618,387,2613
33,94,-0.23377100358093839,-0.1813534295704161,167,2833
33,95,-0.24098057354301575,-0.42550436318675944,2111,889
33,96,-0.24038017901633296,-0.1602484108851673,116,2884
33,97,-0.23975791433891988,-0.15347079708219996,151,2849
33,98,-0.267352423315726,-0.16080511664958286,46,2954
33,99,-0.23328394147064263,-0.22147104787058733,888,2112
34,1,-0.24619383587077603,-0.16916611556594438,73,2927
34,10,-0.2771594149572257,-0.2282670517513889,223,2777
34,100,-0.22312598206858297,-0.1808834600738719,277,2723
34,11,-0.2430619371439074,-0.15292726599911013,32,2968
34,12,-0.2451070901033973,-0.19320492272372342,442,2558
34,13,-0.26058091286307056,-0.14485654894812394,62,2938
34,14,-0.23804679552390634,-0.22259725315182818,1009,1991
34,15,-0.25828057619965145,-0.3718089169121371,1000,2000
34,16,-0.20698324022346368,-0.1143884996890765,7,2993
34,17,-0.23147632311977717,-0.14462916333668266,133,2867
34,18,-0.27491440732858324,-0.36897754006903755,1000,2000
34,19,-0.23036309744349764,-0.1487427719864643,128,2872
34,2,-0.22740851381628077,-0.17016655368661177,99,2901
34,20,-0.20984932010290341,-0.1511483040337313,72,2928
34,21,-0.25233299454864644,-0.13692018678808274,1,2999
34,22,-0.2629751461988304,-0.2110185004232524,295,2705
34,23,-0.2556179775280898,-0.1766013332769214,144,2856
34,24,-0.24155170817516894,-0.1165869629921505,0,3000
34,25,-0.2556854801583648,-0.22096718103342008,633,2367
34,26,-0.2329688814129521,-0.2647871009780536,1000,2000
34,27,-0.24561563755937152,-0.09108278588012887,0,3000
34,28,-0.2357671570867221,-0.19284585049468558,217,2783
34,29,-0.21254290750533444,-0.1404337343629264,5,2995
34,3,-0.26039008384979956,-0.20093695218482754,472,2528
34,30,-0.2421578606458777,-0.1385984431111722,168,2832
34,31,-0.22999723782340484,-0.1783377933035802,446,2554
34,32,-0.25898745935903383,-0.14056744450661335,0,3000
34,33,-0.2574685173269603,-0.16009973280320278,0,3000
34,34,-0.27538222100155635,-0.14463108000825553,0,3000
34,35,-0.2543289051763628,-0.18326866124929353,330,2670
34,36,-0.23487875127752492,-0.17998598406282934,446,2554
34,37,-0.23286661753868826,-0.19191665023730536,725,2275
34,38,-0.27752166697399955,-0.1958230744903317,31,2969
34,39,-0.23005938784833263,-0.0950990040478213,0,3000
34,4,-0.2508414360508601,-0.17778471523339476,26,2974
34,40,-0.2157884937628003,-0.21142735111066654,1442,1558
34,41,-0.26477866373384656,-0.19314465167679679,639,2361
34,42,-0.2577550069864928,-0.4030304731189476,1242,1758
34,43,-0.24132521225544484,-0.1740191718177737,86,2914
34,44,-0.2623574144486692,-0.15138248534742713,0,3000
34,45,-0.25678169403949075,-0.24811528388885926,879,2121
34,46,-0.28126149319602795,-0.11122756417386072,0,3000
34,47,-0.29497927222478126,-0.5543590292784977,2000,1000
34,48,-0.26690030434381634,-0.22557547546230444,282,2718
34,49,-0.2371694462360637,-0.2385014659794755,1030,1970
34,5,-0.2719815668202765,-0.19888247546560697,249,2751
34,50,-0.262320706141964,-0.18224378134364688,26,2974
34,51,-0.2408530979959552,-0.23072613201261327,1142,1858
34,52,-0.2789613239462375,-0.21167614339000448,128,2872
34,53,-0.26758241758241746,-0.13745908458492165,0,3000
34,54,-0.28182154073526694,-0.38504926730832967,1395,1605
34,55,-0.22433530280649916,-0.31289099027126444,1031,1969
34,56,-0.2387555879937961,-0.17046755545565279,62,2938
34,57,-0.265633646928611,-0.24412502278981946,856,2144
34,58,-0.263060904818944,-0.1751818675203014,6,2994
34,59,-0.24586069743779493,-0.3091678468568342,1123,1877
34,6,-0.2978468899521531,-0.2717908546208474,769,2231
34,60,-0.24862085086489016,-0.18648208149555853,206,2794
34,61,-0.25304765422977465,-0.17044605481694244,0,3000
34,62,-0.23053221288515402,-0.1169151660930646,0,3000
34,63,-0.25312985470163574,-0.15663921014148857,308,2692
34,64,-0.2210353327855383,-0.11493642932956313,0,3000
34,65,-0.23633336416612713,-0.18491778378470797,416,2584
34,66,-0.2539254854594445,-0.16812542438248254,167,2833
34,67,-0.2667706708268331,-0.1467669590564438,24,2976
34,68,-0.2665183949587619,-0.2246898285853015,476,2524
34,69,-0.22670693758008426,-0.15068216018386846,78,2922
34,7,-0.21707656612529003,-0.2095940333255514,1096,1904
34,70,-0.25996099191975475,-0.18218112845630102,10,2990
34,71,-0.2635665996711128,-0.5181257781598994,2000,1000
34,72,-0.2553579571363429,-0.12807499760176494,0,3000
34,73,-0.24009280742459396,-0.19138125313383764,456,2544
34,74,-0.2362501147736663,-0.1390830873244636,0,3000
34,75,-0.2503203368112759,-0.14299165413531065,92,2908
34,76,-0.2784346072770598,-0.39467436438258485,1047,1953
34,77,-0.2590588019447756,-0.12948792910886245,0,3000
34,78,-0.26719237117183203,-0.17363280370088988,91,2909
34,79,-0.21114314947446738,-0.19561707668916636,740,2260
34,8,-0.2645586053412463,-0.30707438774998547,1030,1970
34,80,-0.25532909498878076,-0.2510401924036954,1360,1640
34,81,-0.2581624206750666,-0.13455499067709709,84,2916
34,82,-0.2585415135929463,-0.16232116410156278,15,2985
34,83,-0.235539875591867,-0.1553423972348093,56,2944
34,84,-0.2612861617836742,-0.1974005709466198,143,2857
34,85,-0.27741994847258,-0.12243055471808216,0,3000
34,86,-0.2726184997699034,-0.2054298325114946,569,2431
34,87,-0.2735019241341396,-0.21320116533898942,235,2765
34,88,-0.24690452169127763,-0.17915960767769978,61,2939
34,89,-0.30456946890351283,-0.2324766839465726,195,2805
34,9,-0.23633691558739772,-0.320380763164989,2254,746
34,90,-0.2619922808307296,-0.23897221515266576,712,2288
34,91,-0.27326805161526485,-0.17868886206959325,25,2975
34,92,-0.2640890023709648,-0.23064356469634018,786,2214
34,93,-0.23819225782552314,-0.27950859721007687,1591,1409
34,94,-0.23235483574123494,-0.2039799055349272,819,2181
34,95,-0.2907509157509157,-0.3594205658745435,1004,1996
34,96,-0.2667706708268331,-0.2906199967929753,1138,1862
34,97,-0.2878170709127939,-0.20951248667377992,16,2984
34,98,-0.27296900788556766,-0.1665635093920496,12,2988
34,99,-0.25850152059718,-0.1487665873885296,14,2986
35,1,-0.23571824736550204,-0.32026223829519307,1002,1998
35,10,-0.2409969760835701,-0.10147598190025789,0,3000
35,100,-0.25426083734716565,-0.1699807233011734,74,2926
35,11,-0.26347858197932045,-0.18083814107574528,16,2984
35,12,-0.2443434718100891,-0.17313357301496135,29,2971
35,13,-0.2724252491694353,-0.19014137062501063,1,2999
35,14,-0.2829667801601178,-0.19911023172282993,29,2971
35,15,-0.25203632618668675,-0.16986963303803163,58,2942
35,16,-0.24468378900856116,-0.16042062935134124,14,2986
35,17,-0.2771184869274986,-0.16703291353318322,14,2986
35,18,-0.2747101049144119,-0.22551052363143692,1000,2000
35,19,-0.23895434462444778,-0.13128017217518753,0,3000
35,2,-0.26746634923541796,-0.3796865440586872,1030,1970
35,20,-0.23215923683727754,-0.16179395634481195,28,2972
35,21,-0.246831955922865,-0.1704770219494002,56,2944
35,22,-0.24196493791088391,-0.14227853192165407,0,3000
35,23,-0.2823303457106274,-0.283054504057091,1632,1368
35,24,-0.23414135785269802,-0.11960971793362413,0,3000
35,25,-0.2794480489810838,-0.22708233889599572,588,2412
35,26,-0.25963041279764637,-0.13186319993109633,0,3000
35,27,-0.25469976273042527,-0.15306870766893327,0,3000
35,28,-0.2528884370089656,-0.4022418349851769,1006,1994
35,29,-0.26826588536898,-0.19441773424461906,350,2650
35,3,-0.24720450974956104,-0.22200409326739817,977,2023
35,30,-0.24201417656264387,-0.1570202685982879,34,2966
35,31,-0.24642857142857133,-0.3240085388138257,1314,1686
35,32,-0.24477064220183478,-0.1427750707152551,2,2998
35,33,-0.23370620319866883,-0.19303489163046766,339,2661
35,34,-0.24955916473317866,-0.16586961541405387,0,3000
35,35,-0.23990804597701146,-0.15379982440756312,2,2998
35,36,-0.2620902010505344,-0.3910245649775026,1001,1999
35,37,-0.23744626360559778,-0.20089298158846308,505,2495
35,38,-0.21513353115727005,-0.14431011255324913,1,2999
35,39,-0.25156177156177156,-0.17644746955585222,156,2844
35,4,-0.25966239276819475,-0.348018213608894,1000,2000
35,40,-0.24801404027341575,-0.16314510542305288,3,2997
35,41,-0.24541890783116047,-0.28634026505827476,1000,2000
35,42,-0.24361672920289187,-0.1666759507689362,27,2973
35,43,-0.2559393274853801,-0.35109361335505856,1026,1974
35,44,-0.24856931881115002,-0.08232009089746434,0,3000
35,45,-0.2840080233406272,-0.23751115777918677,635,2365
35,46,-0.23331504845492784,-0.142433343403569,2,2998
35,47,-0.21772479438129563,-0.18971853751062015,521,2479
35,48,-0.2324364037101662,-0.12620915498038832,0,3000
35,49,-0.27750183958793234,-0.19660172174034285,47,2953
35,5,-0.256667279749862,-0.4077153377178573,1035,1965
35,50,-0.23713646532438482,-0.1385858776558802,9,2991
35,51,-0.25912476722532585,-0.1900350911051664,221,2779
35,52,-0.24369202226345082,-0.15781473974898697,380,2620
35,53,-0.2701661007616776,-0.20505874595993748,487,2513
35,54,-0.24914958168612672,-0.14085135172757654,0,3000
35,55,-0.27681026581118234,-0.20128016575152471,155,2845
35,56,-0.26204930095658585,-0.20748329407949498,438,2562
35,57,-0.2452464463725309,-0.1600457273882734,49,2951
35,58,-0.26733400679584896,-0.4255831865980022,2000,1000
35,59,-0.24332810047095763,-0.3971144034836679,2000,1000
35,6,-0.2692981647145624,-0.20322904089708513,75,2925
35,60,-0.27005029721079093,-0.30472407195118506,1000,2000
35,61,-0.24395644952943354,-0.21258175242854274,890,2110
35,62,-0.24787666174298367,-0.12562899318840817,89,2911
35,63,-0.23821820529373788,-0.21592576931697524,989,2011
35,64,-0.24605445316105218,-0.1670595646551581,237,2763
35,65,-0.2488696133616315,-0.28259671213318677,1063,1937
35,66,-0.23669298653042264,-0.17122067767168855,14,2986
35,67,-0.2838715579544415,-0.16563910945041704,70,2930
35,68,-0.25094705719301486,-0.1432439734493382,0,3000
35,69,-0.23281350927378427,-0.1712370494022061,133,2867
35,7,-0.26211799464500046,-0.17623102317614053,0,3000
35,70,-0.24017187785701224,-0.31761993067468947,1020,1980
35,71,-0.22698251133524563,-0.20769079087441739,986,2014
35,72,-0.2715366168603579,-0.11630393319508428,85,2915
35,73,-0.222458803925199,-0.2030927208392711,706,2294
35,74,-0.25426385175624594,-0.16471315814059287,171,2829
35,75,-0.2544045752236878,-0.17170622744817488,162,2838
35,76,-0.27506021863998514,-0.16894073757912076,0,3000
35,77,-0.2692661394151186,-0.2032655879610288,463,2537
35,78,-0.2943444730077121,-0.35947045891274815,1234,1766
35,79,-0.2648558449986094,-0.21076891334687264,111,2889
35,8,-0.2515850408894607,-0.18153305324652583,122,2878
35,80,-0.22066468622354246,-0.1580826357431578,12,2988
35,81,-0.23516830946624512,-0.2653024948772216,1105,1895
35,82,-0.20158321060382917,-0.3148849635549714,1687,1313
35,83,-0.23586548153578313,-0.34472575661569094,1015,1985
35,84,-0.24559932942162607,-0.18866178294601138,227,2773
35,85,-0.20578295155839277,-0.20325305081987932,1037,1963
35,86,-0.23703295694482684,-0.1612511573526013,0,3000
35,87,-0.24882844803822474,-0.17380792181225674,150,2850
35,88,-0.24139530568698392,-0.17905676822253347,237,2763
35,89,-0.20819778789850357,-0.11788001625559846,0,3000
35,9,-0.24585302566953932,-0.210117136415083,624,2376
35,90,-0.28717241379310343,-0.23607495430979517,673,2327
35,91,-0.27981442736286727,-0.14587303540862193,0,3000
35,92,-0.2551667125930008,-0.2698763899832406,1000,2000
35,93,-0.2551679586563308,-0.18418076004613299,45,2955
35,94,-0.23319425127491877,-0.18308858250219806,87,2913
35,95,-0.26984998170508595,-0.20208956655493038,74,2926
35,96,-0.24106810569408263,-0.148208760507934,136,2864
35,97,-0.2547612475848744,-0.15951222771976667,76,2924
35,98,-0.31464288997150486,-0.21127354272673418,185,2815
35,99,-0.29265402843601895,-0.18547799792589198,166,2834
36,1,-0.2834609353380684,-0.20799205593173392,8,2992
36,10,-0.2450581932384999,-0.1656764827387568,0,3000
36,11,-0.20900083341050088,-0.18546997231841247,547,2453
36,12,-0.25207986688851924,-0.16844405890785127,0,3000
36,13,-0.29070194781330394,-0.14756659167816244,1,2999
36,14,-0.26789859782709635,-0.18794685757673846,0,3000
36,15,-0.2247086247086247,-0.1572652942960003,282,2718
36,16,-0.261113667740451,-0.36750425920807384,1000,2000
36,17,-0.2372399890039403,-0.33789040742468024,1000,2000
36,18,-0.25935828877005346,-0.2046221827444516,548,2452
36,19,-0.27570351296670953,-0.4937857834963381,2016,984
36,2,-0.2803909032788382,-0.11985593702128663,0,3000
36,20,-0.24375633582158326,-0.32804393560468464,1000,2000
36,21,-0.24475138121546952,-0.25162666960752667,1002,1998
36,22,-0.27261980540147307,-0.187996557815597,221,2779
36,23,-0.2859113481699467,-0.3369500440107058,1427,1573
36,24,-0.2451035254616676,-0.13440456638211618,0,3000
36,25,-0.28398433943367024,-0.16946216933423233,0,3000
36,26,-0.24866703438132018,-0.37774076433460685,1309,1691
36,27,-0.22356439323545815,-0.12910318084891248,232,2768
36,28,-0.2848112861854159,-0.18195030610821988,0,3000
36,29,-0.25538321167883216,-0.40820983641330755,1868,1132
36,3,-0.2610532244438187,-0.2355710224900942,1000,2000
36,30,-0.2555565718467027,-0.3847884212585229,1000,2000
36,31,-0.22438979289940827,-0.10559367852483081,0,3000
36,4,-0.2659310344827586,-0.37769915881129695,1294,1706
36,5,-0.27614636405743404,-0.13917312090136452,0,3000
36,6,-0.2168985533953745,-0.13785451889744277,0,3000
36,7,-0.22800037013047098,-0.22962788102740578,1291,1709
36,8,-0.27424718270829485,-0.18612831219791912,30,2970
36,9,-0.25177337632427454,-0.18348754898599104,1,2999
37,1,-0.2643116622823499,-0.15293127501481235,983,2017
37,10,-0.25148115467036425,-0.22139767837714042,1369,1631
37,100,-0.25426082565332653,-0.5212521804872845,2868,132
37,11,-0.26706344181334685,0.06001734295499119,53,2947
37,12,-0.25423516124984313,-0.28247383314655955,1527,1473
37,13,-0.2729306487695749,0.22147447099488893,31,2969
37,14,-0.2663172344939473,-0.09553333391476662,673,2327
37,15,-0.24968851233491157,0.02333724572376932,206,2794
37,16,-0.2637913741223671,0.06576581828971433,217,2783
37,17,-0.2697326745217281,-0.3816178079335469,2100,900
37,18,-0.2557755775577557,0.09221142669125616,20,2980
37,19,-0.2629456973667632,0.4631793178901714,8,2992
37,2,-0.250721545990714,-0.2970805642022263,1741,1259
37,20,-0.27501871724482163,-0.29217135353446977,1261,1739
37,21,-0.2662751468199425,-0.5309805547727993,2946,54
37,22,-0.2453416149068323,-0.44191450370122,2734,266
37,23,-0.2751342575246659,0.141897729269897,0,3000
37,24,-0.20791829529693617,0.1634084232090637,0,3000
37,25,-0.276940610358364,-0.03582837964442064,265,2735
37,26,-0.247403328744838,0.03236655567404431,378,2622
37,27,-0.23289573340065634,-0.22390234776391726,1577,1423
37,28,-0.25058808963724155,0.1359711743406174,0,3000
37,29,-0.25250250250250256,-0.11987423032387004,869,2131
37,3,-0.25185371371119775,-0.07049576749695219,590,2410
37,30,-0.2700188560653677,-0.05144603033237146,657,2343
37,31,-0.269434628975265,-0.48722458223686144,2767,233
37,32,-0.22137020741671903,-0.01947006809938535,680,2320
37,33,-0.2739221225893625,0.11700311024997351,431,2569
37,34,-0.27048162859980135,-0.0014442546054139291,442,2558
37,35,-0.24251948705054063,-0.35519438664822756,2361,639
37,36,-0.2674866443036402,-0.3754736460023071,2282,718
37,37,-0.25980819529206634,-0.3581316611219499,2299,701
37,38,-0.2606335983844504,-0.2288305773735936,1130,1870
37,39,-0.25103500188182165,-0.31754890945778996,1558,1442
37,4,-0.24012043658261195,-0.4434406894071984,2703,297
37,40,-0.2701914542918727,-0.42293958526933256,2361,639
37,41,-0.25295067710274566,-0.006715374654660721,437,2563
37,42,-0.2662189559047136,-0.08155172314481542,495,2505
37,43,-0.23798046429024491,-0.13512820657658836,1019,1981
37,44,-0.24723106301718653,-0.5877242104909409,2890,110
37,45,-0.21795511221945138,-0.012193184968362717,337,2663
37,46,-0.2712380952380953,-0.3237538525068173,1975,1025
37,47,-0.24599470165257983,-0.0571910130864657,413,2587
37,48,-0.22806354009077157,-0.14981070748294598,1031,1969
37,49,-0.22158309366012255,0.4588919166078127,509,2491
37,5,-0.24773641851106631,0.09344675313515474,0,3000
37,50,-0.28019751835907825,0.13008812763753116,49,2951
37,51,-0.2776515151515151,-0.17036040682349296,1031,1969
37,52,-0.24727182539682532,0.12839957260448556,177,2823
37,53,-0.2528562460765851,-0.08311262577516298,809,2191
37,54,-0.22535562765160969,0.08374746960789554,1072,1928
37,55,-0.2792061907139291,0.07262260490506915,0,3000
37,56,-0.25930536536785753,0.06561872922118166,314,2686
37,57,-0.25636180398085157,-0.0924290476480657,659,2341
37,58,-0.2418704310562138,0.06432752217844177,79,2921
37,59,-0.2384105960264901,0.4081656645303567,13,2987
37,6,-0.23444009594748128,-0.23011321274999857,1403,1597
37,60,-0.2634745550263224,-0.17544877311281398,858,2142
37,61,-0.28747795414462074,-0.0598088191122749,256,2744
37,62,-0.20976469107839438,-0.2087396779594482,1522,1478
37,63,-0.2358156028368795,0.021577230633851037,105,2895
37,64,-0.2740978744438951,0.012111445964906755,475,2525
37,65,-0.22881143430290868,-0.032630306932208315,930,2070
37,66,-0.23878909684712976,-0.4807269604694809,2821,179
37,67,-0.25003123828564283,0.15626121619744354,27,2973
37,68,-0.2676799397060672,0.0636817139495772,0,3000
37,69,-0.23352992847283213,-0.05082889177833789,633,2367
37,7,-0.22665320545179202,-0.06687806021235508,491,2509
37,70,-0.23923444976076552,0.23517906175836337,4,2996
37,71,-0.29715146191492026,0.039666460333958965,51,2949
37,72,-0.283469438257857,-0.0636193685156036,307,2693
37,73,-0.26033057851239666,-0.19988002498019827,1254,1746
37,74,-0.23760640961442164,0.12034247950104446,0,3000
37,75,-0.23990528414755735,0.41062235298000194,107,2893
37,76,-0.22323462414578585,0.12934363164326293,0,3000
37,77,-0.23998502433545482,0.04705364417913998,40,2960
37,78,-0.21092583374813342,0.09795583325416118,78,2922
37,79,-0.2890209967113585,-0.46339612609969416,2749,251
37,8,-0.2329459322890349,-0.04657296564456898,604,2396
37,80,-0.23996990972918755,-0.7659474883106094,2848,152
37,81,-0.27674909904312167,-0.3935717526333543,2259,741
37,82,-0.2460667086217747,0.12685712405230762,0,3000
37,83,-0.2757971378358022,-0.5019957290943837,2841,159
37,84,-0.2398537937988405,0.07243927544932476,11,2989
37,85,-0.23126119212074708,-0.24222359084682882,1592,1408
37,86,-0.25617053103964105,-0.34387216766321377,2117,883
37,87,-0.2702331961591221,-0.030496878129490874,157,2843
37,88,-0.2370472837022132,-0.4663128030630849,2262,738
37,89,-0.24425179042593287,0.12555424903610435,16,2984
37,9,-0.26699029126213586,0.17057217467343827,0,3000
37,90,-0.24865203761755486,0.08947905883905227,6,2994
37,91,-0.2485707183693761,0.051304438861046485,232,2768
37,92,-0.2648447204968943,-0.3622618821384709,2271,729
37,93,-0.22215075894005656,0.22292755778724768,29,2971
37,94,-0.20403730675865586,0.23438980078310578,0,3000
37,95,-0.2587920489296637,-0.24360281239269446,1564,1436
37,96,-0.22890496129932744,0.11091097892510017,2,2998
37,97,-0.25886924909113707,-0.03409239089706414,278,2722
37,98,-0.2112746948534039,0.06703818144322767,78,2922
37,99,-0.28191220988900095,0.3078433242502716,11,2989
38,1,-0.21342316003559167,0.19880688584626016,40,2960
38,10,-0.29625482145079,-0.4233635872519437,2572,428
38,100,-0.24924924924924935,0.025211825076560328,30,2970
38,11,-0.2409623535277986,-0.482953276099942,2909,91
38,12,-0.2212468193384223,0.1571031452660734,102,2898
38,13,-0.24246627159248524,-0.06246694881019998,349,2651
38,14,-0.2527691350342253,0.07200602432757576,0,3000
38,15,-0.25,0.04797921361078788,12,2988
38,16,-0.2683018395695158,-0.29883340741256564,1812,1188
38,17,-0.2506501547987616,-0.24090319633582943,1353,1647
38,18,-0.24587458745874582,0.04302494538305692,196,2804
38,19,-0.24664811535542633,-0.7173238394895012,2449,551
38,2,-0.2710604558969276,-0.04364605449175641,99,2901
38,20,-0.2095274007038713,0.05706805798752604,0,3000
38,21,-0.2501554919766141,-0.02536266216569116,267,2733
38,22,-0.26698789226587605,-0.07075249637637346,379,2621
38,23,-0.22322106862496827,-0.26188197094460913,1687,1313
38,24,-0.20784213223987696,0.22428382912275432,0,3000
38,25,-0.22455390801708977,0.03784322247628274,85,2915
38,26,-0.2299357439838731,-0.2018264259059941,1425,1575
38,27,-0.26909722222222215,-0.44367231624268483,2428,572
38,28,-0.22654778349868132,-0.66961251593902,2810,190
38,29,-0.252622267155314,-0.24911970680966397,1477,1523
38,3,-0.22399999999999995,-0.12870114252052617,815,2185
38,30,-0.2671574744197654,0.060333797540362034,0,3000
38,31,-0.2582855718913532,0.11463335510027486,0,3000
38,32,-0.27213849794494965,-0.3503901335024901,2229,771
38,33,-0.24640423921271767,-0.48558412045447436,2929,71
38,34,-0.2127713276123171,0.04599495254842948,91,2909
38,35,-0.24539415966913147,-0.1459473588587181,718,2282
38,36,-0.20865139949109404,-0.19675330753995807,1501,1499
38,37,-0.26053256657082147,-0.09421409206261172,305,2695
38,38,-0.24354757085020232,0.5578511868855451,244,2756
38,39,-0.23498661226571466,-0.13383117964401844,902,2098
38,4,-0.27916719563285514,-0.30597908004004887,1795,1205
38,40,-0.23388211637551845,-0.2410007959220315,1421,1579
38,41,-0.2669125127161749,0.03766330904552888,36,2964
38,42,-0.22935663627152997,-0.03729359868028516,262,2738
38,43,-0.25000000000000006,0.12424631689154382,0,3000
38,44,-0.2748159431327748,-0.28048136014174035,1190,1810
38,45,-0.23162919231252357,-0.38231571006549553,2714,286
38,46,-0.2225448119161827,-0.12519811536164865,796,2204
38,47,-0.22171945701357462,0.2573284180941785,34,2966
38,48,-0.26282616916677176,-0.12111943458696478,498,2502
38,49,-0.26220275344180227,-0.1553825642877336,923,2077
38,5,-0.22541906429822364,0.0889097709576103,71,2929
38,50,-0.22213939619828546,-0.1434629303085629,812,2188
38,51,-0.26164383561643834,-0.1824472287387959,1114,1886
38,52,-0.26598496981643466,-0.07985436887082964,540,2460
38,53,-0.25817361894024804,-0.526829056575138,2966,34
38,54,-0.232420894023104,-0.34563350712650637,2329,671
38,55,-0.2632245001265502,0.04015268183021032,21,2979
38,56,-0.20539577500636289,-0.15558415443786786,1292,1708
38,57,-0.22501906941266214,0.16536060748041578,0,3000
38,58,-0.22888249280440492,-0.10400599961903444,618,2382
38,59,-0.2515866971312516,-0.1726456103632318,1118,1882
38,6,-0.2552921789833946,-0.11903266820842426,555,2445
38,60,-0.275438596491228,0.09781905216518653,0,3000
38,61,-0.26299962410725475,0.009889298279354636,103,2897
38,62,-0.2471343997984633,0.13534082520175034,0,3000
38,63,-0.2411712957144653,-0.08850362366982147,493,2507
38,64,-0.22148822136357965,-0.08588817303290583,624,2376
38,65,-0.25888004045000623,-0.6889870915870034,2505,495
38,66,-0.28209270535603326,0.016459408990419016,111,2889
38,67,-0.2806236080178174,-0.26994096535193945,1217,1783
38,68,-0.26196410767696915,-0.33702633588878506,2229,771
38,69,-0.22938888191742998,-0.4072723367983064,2813,187
38,7,-0.23940275844615974,-0.036132797318359354,207,2793
38,70,-0.26646593902898014,-0.10692976624043388,521,2479
38,71,-0.24739681344875172,-0.21584137890105778,1163,1837
38,72,-0.23792056665823427,0.18437083776148236,0,3000
38,73,-0.21987609052977625,-0.26648216930353513,1612,1388
38,74,-0.269805112629714,0.09975152654085001,12,2988
38,75,-0.24725975019118027,-0.06556697117701105,244,2756
38,76,-0.27032418952618453,-0.2312820907592292,1220,1780
38,77,-0.2975998010197737,0.19295167981394715,0,3000
38,78,-0.2504378283712784,0.04234523001259131,272,2728
38,79,-0.23319116909182133,0.07237696520048537,1,2999
38,8,-0.2466641725900986,0.1923059896238952,0,3000
38,80,-0.24203423716106456,-0.13219539577759684,673,2327
38,81,-0.24809303488808296,-0.24829624401741304,1490,1510
38,82,-0.25056039850560397,-0.25329206672995147,1398,1602
38,83,-0.23821924603174605,0.22075420109753124,0,3000
38,84,-0.26464595007641367,0.571363557238119,47,2953
38,85,-0.2594116180503615,-0.1695000286818039,1148,1852
38,86,-0.2232488450493196,0.0631522955445876,81,2919
38,87,-0.2554470323065364,0.06478471042798067,32,2968
38,88,-0.2417705735660847,-0.21621366425457358,1267,1733
38,89,-0.23914689550731955,-0.25950808887635846,1675,1325
38,9,-0.2225571464456167,0.3088347066937263,11,2989
38,90,-0.2304711911011124,0.0697466805603953,0,3000
38,91,-0.24853546055091605,-0.34922945268465466,1725,1275
38,92,-0.2704795204795205,-0.24118588891873874,1129,1871
38,93,-0.24087316522393684,0.0692126370518415,0,3000
38,94,-0.2410548470966944,-0.10664623531169397,588,2412
38,95,-0.2487411883182276,-0.3465065670591473,2490,510
38,96,-0.25684760956175295,-0.15374908134304555,858,2142
38,97,-0.2567854909318325,-0.12257495691836925,485,2515
38,98,-0.24160738799450884,0.08523622921006425,48,2952
38,99,-0.25941369724538804,0.013695358204536889,64,2936
39,1,-0.256359102244389,-0.08571472151950747,427,2573
39,10,-0.28221941992433797,-0.37756612604636836,2506,494
39,100,-0.27694817417492773,-0.26325441455650206,1343,1657
39,11,-0.2589845248753038,0.009062473994064603,68,2932
39,12,-0.2215852442671984,-0.169040175553446,1175,1825
39,13,-0.24448897795591182,0.17443483914402416,38,2962
39,14,-0.2339055793991416,-0.21090414733243437,1176,1824
39,15,-0.2502177429389075,0.03499374046810738,17,2983
39,16,-0.2554096310193872,-0.32628538691341635,1895,1105
39,17,-0.2476433121019108,-0.33928654964686866,2186,814
39,18,-0.22646278276254264,-0.3657847913361575,2836,164
39,19,-0.26275637818909453,0.11387871715870569,0,3000
39,2,-0.28034966756956414,-0.27970172932662457,1527,1473
39,20,-0.27004008016032066,-0.28689993298262,1647,1353
39,21,-0.23086527656386574,-0.3021996503035288,2225,775
39,22,-0.24714303654401604,-0.30623812406441764,2342,658
39,23,-0.25037556334501754,0.05081854373836374,93,2907
39,24,-0.2511046585027143,-0.04701003270401132,161,2839
39,25,-0.24253450439146793,-0.11848513585989767,489,2511
39,26,-0.28019925280199254,-0.5014657525050894,2958,42
39,27,-0.2515098137896327,0.023942346325544595,16,2984
39,28,-0.25265791119449654,0.10329227805876989,0,3000
39,29,-0.2526854858855858,0.02560745736580651,20,2980
39,3,-0.2494401592435929,-0.3019111207079168,2006,994
39,30,-0.24004522044969223,-0.2790208378096838,1833,1167
39,31,-0.2603860411606801,-0.02602152863472966,273,2727
39,32,-0.28243700639338093,-0.14742268526988173,304,2696
39,33,-0.23216080402010056,-0.3121489861539773,2359,641
39,34,-0.24275914634146342,0.06566682913968089,0,3000
39,35,-0.2029633414229148,-0.2474428581770574,1919,1081
39,36,-0.20074732637546708,-0.021450402912487374,333,2667
39,37,-0.25488721804511283,0.08240305442590255,0,3000
39,38,-0.24713295526149967,-0.3819945853424574,2497,503
39,39,-0.2313573129464845,0.05493326558747062,17,2983
39,4,-0.23283356431901228,-0.13122324335057914,579,2421
39,40,-0.25487759413445993,-0.035436395809615565,16,2984
39,41,-0.238474956391727,0.05851001488292007,0,3000
39,42,-0.2204179254783484,0.07288252733871846,7,2993
39,43,-0.24688532926519197,-0.6376478544355622,2899,101
39,44,-0.22399698151175962,-0.21468601331091172,1236,1764
39,45,-0.2292834890965732,-0.17712787343351763,925,2075
39,46,-0.23557201225740557,-0.3777742295627289,2512,488
39,47,-0.22879016064257027,-0.45184450697910633,2456,544
39,48,-0.259653961885657,-0.3750009573773312,2110,890
39,49,-0.26074426763563463,-0.10613774767171896,489,2511
39,5,-0.2537931034482759,-0.298925314847297,2001,999
39,50,-0.25428145941921065,-0.3428162844008865,2212,788
39,51,-0.24572278700719066,-0.026060348223918953,51,2949
39,52,-0.23922305764411034,-0.058659269712429685,121,2879
39,53,-0.24899849774661992,-0.31897985931024425,2238,762
39,54,-0.2620843120286809,-0.1769178728013516,685,2315
39,55,-0.2383289291556562,-0.0939587445356561,649,2351
39,56,-0.2368919772583701,0.05439472434422591,0,3000
39,57,-0.2297973480110083,0.06716232959196342,0,3000
39,58,-0.25830627029727693,-0.23693952733198398,1234,1766
39,59,-0.24504549420416294,-0.4033246817190409,2945,55
39,6,-0.21768622032407994,-0.36987344891441826,2776,224
39,60,-0.23436322532027126,-0.08850675007628372,168,2832
39,61,-0.28451515910799297,-0.25803816334190394,1197,1803
39,62,-0.24972198195971831,-0.038432784313790505,318,2682
39,63,-0.23226372524442213,-0.018973374077095248,187,2813
39,64,-0.2601242236024845,-0.2941250318123184,1858,1142
39,65,-0.24297163210787429,0.08066177823790248,0,3000
39,66,-0.24715945359376987,0.04883415417269531,24,2976
39,67,-0.2850368151753401,-0.15352444797194967,472,2528
39,68,-0.27905523619095235,-0.2310972537395543,942,2058
39,69,-0.2427869472092731,-0.29732508957914755,1828,1172
39,7,-0.27462686567164174,0.17421694980993463,0,3000
39,70,-0.2694035437983529,-0.024271768363223766,203,2797
39,71,-0.23584787247395514,-0.025481741931549565,537,2463
39,72,-0.2286581510054383,-0.1313454194091589,671,2329
39,73,-0.24968071519795657,-0.3375758109445109,1830,1170
39,74,-0.28314299900695133,-0.15511907073936515,481,2519
39,75,-0.28039858728557016,-0.07959017255948415,263,2737
39,76,-0.2182842830306826,-0.11213181035407611,585,2415
39,77,-0.22140175219023783,-0.12493962465596846,540,2460
39,78,-0.2529968454258675,0.052727937571936785,2,2998
39,79,-0.2475334082677657,0.08944780310810746,0,3000
39,8,-0.269596049132582,-0.3465120882314606,1840,1160
39,80,-0.26256630462237934,-0.11826392124673112,137,2863
39,81,-0.2375287797390637,-0.1604725924439733,866,2134
39,82,-0.23982013489882584,-0.2935721544000502,1972,1028
39,83,-0.21655645981688704,-0.31701959838688243,2615,385
39,84,-0.27817296892549603,-0.2242061113911657,802,2198
39,85,-0.26290141197051103,-0.27614770945249123,1445,1555
39,86,-0.2270452839629722,-0.4575840594722465,2683,317
39,87,-0.27051863041289026,-0.3993003276880757,2644,356
39,88,-0.26024844720496887,-0.1402588800508189,506,2494
39,89,-0.24531170805879376,-0.2663648937228334,1631,1369
39,9,-0.2222222222222222,0.09693368442511183,31,2969
39,90,-0.24442216094259217,-0.281850678860026,1882,1118
39,91,-0.21531100478468898,0.05342705186206515,35,2965
39,92,-0.2524125830304549,-5.909432718706198e-5,174,2826
39,93,-0.28,-0.09212670428300565,120,2880
39,94,-0.24863837872070935,-0.45491856565029365,2976,24
39,95,-0.25549518399604837,-0.11997794019389828,382,2618
39,96,-0.26416287303995944,-0.3693203705459845,2475,525
39,97,-0.22845146949864165,-0.29606094439924235,2315,685
39,98,-0.2710529658325925,-0.06337318939118354,479,2521
39,99,-0.26228686058174516,-0.15489549088563023,571,2429
4,1,-0.22568922305764405,-0.14448483245797203,610,2390
4,10,-0.28309288787648695,-0.2964833632303438,1332,1668
4,100,-0.2347213324791801,-0.0656789475389058,158,2842
4,11,-0.2410782080485953,-0.1280661593391102,701,2299
4,12,-0.26011777972685135,-0.12185534176535538,205,2795
4,13,-0.2517931294828238,-0.18646006538094714,626,2374
4,14,-0.23995465423856913,-0.09908975436988698,432,2568
4,15,-0.2429109159347554,-0.005270450153320585,91,2909
4,16,-0.21919734151329248,-0.35785141779916335,2928,72
4,17,-0.2488122030507627,-0.25468594477032225,1444,1556
4,18,-0.27011494252873564,-0.3749091551109282,2426,574
4,19,-0.2365782459703008,-0.18018829288616794,991,2009
4,2,-0.2540232730873978,-0.2056718815054779,689,2311
4,20,-0.24152171192591673,-0.19182390298134214,742,2258
4,21,-0.25920360631104433,-0.2928348206458002,1370,1630
4,22,-0.27285406364904274,-0.05299326830722692,6,2994
4,23,-0.2192861615529118,-0.21567512332850988,1543,1457
4,24,-0.2517535070140281,-0.06066319193011001,29,2971
4,25,-0.2448241456722375,-0.04656156440450808,63,2937
4,26,-0.2674154467440687,-0.21061271628405223,864,2136
4,27,-0.26781420073408424,-0.2576759051991784,1520,1480
4,28,-0.21829055569399453,-0.27731118270531063,2281,719
4,29,-0.22868265728996603,0.024194593748052058,0,3000
4,3,-0.2609287925696594,-0.11450116977087675,167,2833
4,30,-0.2470455116922303,-0.28246576683779445,2070,930
4,31,-0.25080665177463385,-0.2391174198713273,1312,1688
4,32,-0.2619780761177484,-0.21600742215150387,943,2057
4,33,-0.2812812812812813,-0.21270961016631834,586,2414
4,34,-0.2274839844240674,0.1140416532615157,0,3000
4,35,-0.2608152038009503,-0.20040564330907032,602,2398
4,36,-0.2548378989695904,-0.020146084474234917,25,2975
4,37,-0.2721336179831721,-0.1553842205851938,387,2613
4,38,-0.22646570443223915,-0.13559326690135642,391,2609
4,39,-0.28126952392852683,-0.252544638218392,1083,1917
4,4,-0.26252377932783766,-0.1437922378611443,360,2640
4,40,-0.2501261352169525,0.018477945341637925,1,2999
4,41,-0.26049993655627457,-0.15902257452750415,284,2716
4,42,-0.2523364485981308,-0.1752923839230761,482,2518
4,43,-0.30231693718250524,-0.007500352088962113,187,2813
4,44,-0.2426088059890876,-0.3098478884234631,1919,1081
4,45,-0.23691842138444086,-0.3022730862126571,1931,1069
4,46,-0.2538808212318478,-0.282166254458154,1792,1208
4,47,-0.2551071878940731,-0.12099373021782103,249,2751
4,48,-0.2542627883650952,-0.19688491897841684,880,2120
4,49,-0.2127712646545274,-0.2468576009511688,1952,1048
4,5,-0.25682852807283757,-0.3010000935878678,1943,1057
4,50,-0.23017456359102242,-0.20892776011346692,1172,1828
4,51,-0.26150364596429465,-0.1714003757102547,782,2218
4,52,-0.251478173355139,-0.06504593259371068,151,2849
4,53,-0.2831483098415866,-0.1778330150352839,548,2452
4,54,-0.24768547875713384,-0.2765529979110692,1561,1439
4,55,-0.22202731487282296,-0.09883748273638775,461,2539
4,56,-0.2961267169904715,-0.03485416754261998,132,2868
4,57,-0.2525189700211469,-0.21158828153961048,1002,1998
4,58,-0.2402115069872844,0.053873149757060965,0,3000
4,59,-0.24310216256524983,-0.17868487970596586,705,2295
4,6,-0.28448928121059275,0.016544561525755522,0,3000
4,60,-0.2731958762886599,-0.17418286728225502,297,2703
4,61,-0.2713274556066063,-0.2997396768328772,1795,1205
4,62,-0.22706221053949174,-0.12661208855395353,456,2544
4,63,-0.23455537232018275,-0.12676869191697865,240,2760
4,64,-0.21946924915105018,-0.2944908855066406,2385,615
4,65,-0.26787726988102695,0.0017929161741283958,0,3000
4,66,-0.23685540950455006,-0.33118991331515835,2681,319
4,67,-0.25849223386791265,-0.29803229977193274,1375,1625
4,68,-0.25650745514278495,-0.10552107940137585,347,2653
4,69,-0.2843259406927486,-0.19211563109347393,422,2578
4,7,-0.2525176233635448,0.05658119615100006,0,3000
4,70,-0.2597648843382631,-0.22448639741100487,1014,1986
4,71,-0.23328699608239603,-0.2221789313337728,1269,1731
4,72,-0.23884910164593542,-0.2428991855881173,1423,1577
4,73,-0.23674145843957167,-0.031358215824973674,109,2891
4,74,-0.25427565392354123,-0.1861042842728013,477,2523
4,75,-0.26016260162601634,-0.2790817794173732,1544,1456
4,76,-0.21869488536155196,-0.02790832470687456,80,2920
4,77,-0.22172466734902757,-0.18691014709682424,932,2068
4,78,-0.25027974636329725,-0.31175259144963485,2299,701
4,79,-0.21873411286222674,-0.2790891611131792,2261,739
4,8,-0.24348370927318289,-0.30708114943927545,2513,487
4,80,-0.26138814871209237,-0.13747329200132666,274,2726
4,81,-0.2365782459703008,-0.08744556420672381,332,2668
4,82,-0.2661852589641434,-0.251478047013758,1247,1753
4,83,-0.2562398093565784,-0.11867070882624363,239,2761
4,84,-0.2689750345000628,-0.297186041252526,1184,1816
4,85,-0.2609355246523388,-0.28419916321375405,1678,1322
4,86,-0.2694144257351094,-0.09052674539329883,64,2936
4,87,-0.2222222222222222,-0.22106452223072495,1472,1528
4,88,-0.24031492126968262,-0.24000096065578272,1245,1755
4,89,-0.2640577507598785,-0.019561372167759074,22,2978
4,9,-0.24559177977927188,-0.10407483437536522,151,2849
4,90,-0.2569651741293532,-0.09780701304743218,232,2768
4,91,-0.23184253145633477,0.062411923706178776,10,2990
4,92,-0.23958596314062108,-0.3357475582807633,2596,404
4,93,-0.21344880285277631,-0.2724623858437563,1326,1674
4,94,-0.26614114114114124,-0.05491720021351867,64,2936
4,95,-0.23792712142226716,-0.24321871117462887,1647,1353
4,96,-0.23855878634639693,-0.12376668967449449,292,2708
4,97,-0.23423086512091754,-0.12427290231435392,378,2622
4,98,-0.25336351062492135,-0.3132311879559813,2230,770
4,99,-0.2378860155661562,-0.09586541143476503,88,2912
40,1,-0.2057519320917269,-0.23507476787872134,1901,1099
40,10,-0.2533902561526872,-0.2265776127002137,1103,1897
40,100,-0.2558110315366252,-0.16619906910311907,1176,1824
40,11,-0.21204089360090872,0.03580631633326923,0,3000
40,12,-0.27947488008078775,-0.36440759716412446,2402,598
40,13,-0.2676003966286564,-0.16619058148783383,362,2638
40,14,-0.23568170299037,-0.16472858619318612,467,2533
40,15,-0.2731567822951635,-0.11085142623008835,60,2940
40,16,-0.23285244241964062,-0.5565252465951326,2708,292
40,17,-0.21353838396571284,-0.2371097293137133,1648,1352
40,18,-0.28135550831561834,-0.19521379830991573,498,2502
40,19,-0.20080777483276532,0.02403077825673444,22,2978
40,2,-0.22390127188011594,-0.0145661710180836,23,2977
40,20,-0.2339800868011233,-0.12658447940217063,749,2251
40,21,-0.22658759574993825,-0.13841150867541427,545,2455
40,22,-0.27667337695017624,-0.17072662398408778,259,2741
40,23,-0.24927682052572,-0.2589569827971324,1631,1369
40,24,-0.21604548325963358,-0.06081872906511262,123,2877
40,25,-0.23144543513751098,-0.2288135761349297,1154,1846
40,26,-0.29456193353474325,-0.17617016525291704,942,2058
40,27,-0.2568098314962625,-0.17258461138439474,461,2539
40,28,-0.2721249999999999,-0.15733585079959211,371,2629
40,29,-0.2528521825396825,-0.0996171872288467,100,2900
40,3,-0.2282267186125424,-0.14619308124723032,639,2361
40,30,-0.24165722201234105,-0.388595177457375,2799,201
40,31,-0.2612310747083644,-0.29155052065447706,2005,995
40,32,-0.24697366778984153,-0.24250752944218368,1410,1590
40,33,-0.24601280924274774,-0.2906224865663365,2024,976
40,34,-0.2574645748987854,-0.13024787388856457,183,2817
40,35,-0.2687915673233781,-0.33660393900742003,2388,612
40,36,-0.2634482758620689,0.07145539258200237,213,2787
40,37,-0.2622050193532277,-0.14867556652887004,328,2672
40,38,-0.22837504863182465,0.0023999011934947557,46,2954
40,39,-0.280367943548387,-0.2247830759133179,674,2326
40,4,-0.2314791403286979,-0.20013153179417464,1101,1899
40,40,-0.2709451866650019,-0.23470303540793847,849,2151
40,41,-0.25159355080614926,0.03690975412307053,99,2901
40,42,-0.24690895466466833,-0.2630386728391854,1775,1225
40,43,-0.23973460190285428,-0.08100115205102575,238,2762
40,44,-0.3067644864461576,-0.2354003629105182,631,2369
40,45,-0.2381717109326745,-0.18598702764954864,785,2215
40,46,-0.21760266086734043,-0.15838280706669433,757,2243
40,47,-0.25236951851383804,-0.12949895641553177,516,2484
40,48,-0.2751420805534964,-0.17966929724897376,492,2508
40,49,-0.2682957393483709,-0.33283838793285364,1993,1007
40,5,-0.23477818736494205,-0.2820715815869438,1820,1180
40,50,-0.30057876195269256,-0.3338587814687684,1878,1122
40,51,-0.23159235668789804,-0.1518820485693097,672,2328
40,52,-0.22670340681362727,-0.31563692932897996,1807,1193
40,53,-0.23198594024604563,-0.4636437953175528,2855,145
40,54,-0.27343261168814914,-0.20754323358988586,558,2442
40,55,-0.23073066800350914,-0.06642728396726644,20,2980
40,56,-0.2749089081542907,-0.39174451734917065,2356,644
40,57,-0.2480863345463671,-0.19982948355855729,794,2206
40,58,-0.27386839102320265,-0.06454359694063722,24,2976
40,59,-0.25843260188087774,-0.09685384891059429,129,2871
40,6,-0.26142227816236624,-0.28007347931553817,1540,1460
40,60,-0.21948743973610754,-0.04515012145206233,35,2965
40,61,-0.23881158330199326,0.02649548317356856,133,2867
40,62,-0.29111882907467135,-0.2030618659139982,444,2556
40,63,-0.30105655686761973,-0.3576678290375918,2065,935
40,64,-0.21837330288034515,-0.15580045303149917,631,2369
40,65,-0.23781651609619553,-0.05604022257668683,85,2915
40,66,-0.25485316077650577,-0.3296089367855241,2352,648
40,67,-0.260952380952381,-0.3488201017915084,2498,502
40,68,-0.25034267912772584,-0.11243408562216384,258,2742
40,69,-0.26901461221431244,-0.1303418717292699,217,2783
40,7,-0.2382155945911791,-0.2174883047474006,1249,1751
40,70,-0.23144323444736511,-0.276425694364168,2226,774
40,71,-0.26151727591387086,-0.169861742791688,323,2677
40,72,-0.20897615708274894,0.07186463117093994,0,3000
40,73,-0.25746691871455574,-0.29434194914222966,1762,1238
40,74,-0.23189493433395875,-0.2558885369568818,1584,1416
40,75,-0.2700151057401812,-0.365928428853925,2350,650
40,76,-0.2291215096264184,-0.1132185677881116,548,2452
40,77,-0.24014561888024097,-0.26495225583619614,1731,1269
40,78,-0.22589982381072235,-2.2190859993598635e-4,2,2998
40,79,-0.23574478774177343,0.05040872087708116,11,2989
40,8,-0.2681904761904762,-0.3504666203795251,2297,703
40,80,-0.20184544405997693,-0.09390089647128944,239,2761
40,81,-0.24598191863385235,-0.15740304485966689,541,2459
40,82,-0.27544233906387244,-0.03491432684358546,2,2998
40,83,-0.2101596148973904,-0.004828755010638121,166,2834
40,84,-0.20698348670112185,-0.2916233929822368,1712,1288
40,85,-0.2525391849529781,0.004723850847611866,25,2975
40,86,-0.28101736972704716,-0.23656236510012932,890,2110
40,87,-0.21755676772802235,-0.18029947532654148,768,2232
40,88,-0.2605669450771956,-0.1579466212768546,536,2464
40,89,-0.2583959899749373,-0.283114278199232,1502,1498
40,9,-0.2247769820329187,0.021340391862440272,0,3000
40,90,-0.245235707121364,-0.19363320830700279,781,2219
40,91,-0.2513429106808246,-0.26223369152444076,1653,1347
40,92,-0.2522969952818475,-0.009134481049282175,6,2994
40,93,-0.25634549816896074,-0.38149679812817266,2514,486
40,94,-0.24885647175176165,0.061224396897631005,0,3000
40,95,-0.23658505645058991,-0.25749233433888685,1621,1379
40,96,-0.2414609822986787,-0.13072811433799056,239,2761
40,97,-0.25141991669822034,-0.3704133434467565,1661,1339
40,98,-0.27309236947791166,0.025313986438876647,0,3000
40,99,-0.24847275900760504,-0.09382783235308102,232,2768
41,1,-0.26496267240288496,-0.15910896012007064,201,2799
41,10,-0.22231876861966243,-0.06372648398479627,277,2723
41,100,-0.26858573216520654,-0.23383697837563416,850,2150
41,11,-0.23524999999999993,-0.17805698674490528,645,2355
41,12,-0.2511233150274589,0.005809439396332989,0,3000
41,13,-0.25505462765289466,-0.14190031822198276,129,2871
41,14,-0.24912935323383073,-0.20799998509146456,717,2283
41,15,-0.27043239190202456,-0.2232612044080478,900,2100
41,16,-0.2186756790587057,-0.04909690966779774,45,2955
41,17,-0.27031446540880505,-0.11028312021847685,13,2987
41,18,-0.2451104902209804,-0.3628849955319338,2641,359
41,19,-0.2615831334427471,-0.40729713577174,1502,1498
41,2,-0.2601252076146672,-0.16642859408759786,189,2811
41,20,-0.24114544084400902,-0.13744955281387608,297,2703
41,21,-0.24253920080930705,-0.22802800470450435,1317,1683
41,22,-0.2326078752044282,-0.2349105084277563,1049,1951
41,23,-0.2702805155420773,-0.23794123223713565,1110,1890
41,24,-0.2523528673610239,-0.24261107028360338,1037,1963
41,25,-0.25272083016957736,-0.001435004898932456,2,2998
41,26,-0.24949799196787156,-0.25866272850406397,1684,1316
41,27,-0.2669083635454433,-0.15553605033990434,135,2865
41,28,-0.2550461001744331,-0.0314572625134088,9,2991
41,29,-0.2268419057247567,-0.07573586372002658,86,2914
41,3,-0.27158476812869164,-0.12457385719064276,486,2514
41,30,-0.20659505370971762,-0.07335268050516103,345,2655
41,31,-0.23907584128578602,-0.14127731701969648,183,2817
41,32,-0.2619136493716561,-0.22266390826509777,796,2204
41,33,-0.2814619442351167,-0.3533702415952421,2603,397
41,34,-0.25503943908851884,-0.17300963745509243,261,2739
41,35,-0.23822610868207367,-0.11025764431152187,57,2943
41,36,-0.26120246014811094,-0.10549528322106806,106,2894
41,37,-0.22640796270631225,-0.0510361257821936,137,2863
41,38,-0.21957403651115623,-0.28177526978844725,2168,832
41,39,-0.26358148893360156,-0.3280914911597993,2483,517
41,4,-0.23592799188640978,-0.2480520910214569,1493,1507
41,40,-0.2909913305691669,-0.339341825182138,2301,699
41,41,-0.25310734463276846,-0.22188044621281255,976,2024
41,42,-0.2569539728077834,-0.2366462282079457,1192,1808
41,43,-0.23896965059933692,-0.1536906499610367,441,2559
41,44,-0.23689779658907004,-0.11376644696979554,170,2830
41,45,-0.2819162277401555,-0.20718412921205615,526,2474
41,46,-0.2393388846833207,0.07081864011506128,0,3000
41,47,-0.30069067587567827,-0.206204602462719,169,2831
41,48,-0.3014724232592962,-0.12180998016811959,57,2943
41,49,-0.25614884669300375,-0.20500145555966628,735,2265
41,5,-0.24439687736086627,-0.4014019019487898,2873,127
41,50,-0.2521210586298595,-0.25066872450611744,1421,1579
41,51,-0.21374045801526717,-0.26114043804336495,1809,1191
41,52,-0.2528160200250313,-0.369148062968948,2553,447
41,53,-0.2601908065915004,-0.14509555921675127,296,2704
41,54,-0.2678101915612871,-0.32038543236393585,2289,711
41,55,-0.21407297096053615,-0.08341511369080641,104,2896
41,56,-0.2690406792548472,-0.16887149623001776,332,2668
41,57,-0.2978481012658228,-0.3215298698806201,1771,1229
41,58,-0.25371086441312213,-0.19386735976430472,557,2443
41,59,-0.27006466337010265,-0.44376233361664236,1859,1141
41,6,-0.27066246056782334,-0.3389349923463138,2556,444
41,60,-0.27085414585414586,-0.31015573242234107,2145,855
41,61,-0.20659788561966627,-0.08054999471325884,254,2746
41,62,-0.2629857879512011,-0.14026613045423325,134,2866
41,63,-0.22747211430003758,-0.1606487357823564,303,2697
41,64,-0.26224783861671475,-0.22496284936436797,1173,1827
41,65,-0.27467227306455605,-0.11395982860231796,7,2993
41,66,-0.25054466230936817,-0.28261465406012093,1659,1341
41,67,-0.25867269984917046,-0.07101262351143707,81,2919
41,68,-0.27484433374844325,-0.3411424217456674,2385,615
41,69,-0.25844383287465594,-0.07479550189608347,44,2956
41,7,-0.22661870503597126,-0.21524916463241112,1176,1824
41,70,-0.24854200272986723,-0.2716939474269515,1664,1336
41,71,-0.24439944310846728,-0.17948785005145512,671,2329
41,72,-0.22965482489292002,-0.1650930996463818,796,2204
41,73,-0.27109492717227524,-0.15223441534664758,223,2777
41,74,-0.2431584232990208,-0.025537113659490664,48,2952
41,75,-0.197940216026124,-0.24299647480434355,2189,811
41,76,-0.23228995057660626,-0.06995589503397821,0,3000
41,77,-0.24038941587618576,-0.06932172444964403,48,2952
41,78,-0.2795645100738331,-0.13002410376208234,146,2854
41,79,-0.2544970863947302,-0.1281663693196904,346,2654
41,8,-0.2364452199925215,-0.27902663249135684,2202,798
41,80,-0.28408947301908255,-0.287520131863678,1568,1432
41,81,-0.2567137584319714,-0.24550184793670393,1209,1791
41,82,-0.25861632032437915,-0.059646808647861815,7,2993
41,83,-0.27159868254370406,-0.37048355856418524,2823,177
41,84,-0.25059278672157737,-0.16033071329873264,613,2387
41,85,-0.26728456913827653,-0.14369314308989758,111,2889
41,86,-0.2328767123287671,-0.46223279811525836,1974,1026
41,87,-0.27709942686269623,-0.07511024828383646,4,2996
41,88,-0.26557418063547666,-0.2766385647360621,1615,1385
41,89,-0.2654504839910648,-0.31645885313162003,2275,725
41,9,-0.27045682730923704,-0.2731263928323369,1153,1847
41,90,-0.2212554381603481,-0.21346109577906164,1319,1681
41,91,-0.25538847117794494,-0.32664170918587204,2622,378
41,92,-0.2450398079110325,-0.29838997745251716,2331,669
41,93,-0.24695585996955854,-0.015713633359671287,0,3000
41,94,-0.2645275391611925,-0.10270736576505939,6,2994
41,95,-0.2578463893850473,-0.3538178839719536,1114,1886
41,96,-0.24226996150502927,-0.10515470062739499,301,2699
41,97,-0.2316377013827223,-0.11060899046959764,112,2888
41,98,-0.23827486483088148,0.019535558940332518,1,2999
41,99,-0.22559181062060146,-0.11752134185987054,93,2907
42,1,-0.25897564649761484,-0.22334515196645524,1087,1913
42,10,-0.25708860759493674,-0.31604413833012224,2569,431
42,100,-0.27667131802613226,-0.1062441658148444,1,2999
42,11,-0.28418065153010863,-0.16053997027570818,122,2878
42,12,-0.22968553459119495,-0.1373039643462987,157,2843
42,13,-0.2885420631899505,-0.3584074177647764,2694,306
42,14,-0.23027215111221572,-0.22995861537018472,1562,1438
42,15,-0.26845554593792514,-0.2408167786214108,896,2104
42,16,-0.2638888888888889,-0.2584392127027324,1296,1704
42,17,-0.2494612751933071,-0.14230911024635856,206,2794
42,18,-0.2674171357098186,-0.2880631456025291,2040,960
42,19,-0.21257185703574108,-0.13215544768555537,270,2730
42,2,-0.2644463775319995,-0.16279402577904242,96,2904
42,20,-0.23866649829523928,-0.2635220924921765,1549,1451
42,21,-0.2774940839456969,-0.3184122282118392,2013,987
42,22,-0.18025860965305335,-0.1192249559676268,236,2764
42,23,-0.20053475935828877,-0.23827334499935432,2291,709
42,24,-0.24906600249065994,-0.14280146921966536,83,2917
42,25,-0.25128591142892986,-0.30011649765840065,2364,636
42,26,-0.22837500000000005,-0.08500792661810773,11,2989
42,27,-0.24580095261970428,-0.15693009688299722,275,2725
42,28,-0.20132941326856704,-0.19527956242679143,1381,1619
42,29,-0.2165829145728643,-0.08164386038085632,0,3000
42,3,-0.20601675552170604,-0.16675203253808946,812,2188
42,30,-0.2340716774514684,-0.35795979852318577,2119,881
42,31,-0.20470764993113805,-0.10250738587105979,138,2862
42,32,-0.2655296900286318,-0.22777246496322817,639,2361
42,33,-0.2313715584743622,-0.2898866027161144,2396,604
42,34,-0.26584351770190257,-0.3187156295573325,2523,477
42,35,-0.2505342551854179,-0.25529244922230865,1431,1569
42,36,-0.21860816944024203,-0.1887042805782436,1081,1919
42,37,-0.22043832823649331,-0.07061723310028929,0,3000
42,38,-0.23705926481620412,-0.0864325437417357,50,2950
42,39,-0.23701380175658712,-0.15615584413260145,383,2617
42,4,-0.21995406991579483,-0.2680737262791794,2321,679
42,40,-0.24661903546823175,-0.1920062897284938,581,2419
42,41,-0.26240517348588477,-0.26402624068330954,874,2126
42,42,-0.251000500250125,-0.2606214952432879,1696,1304
42,43,-0.27001373797926814,-0.2644834723708237,1023,1977
42,44,-0.2520733852726816,-0.17480031776394225,238,2762
42,45,-0.23467203827269295,-0.3898583792338703,2955,45
42,46,-0.22842065586128907,-0.3043352654822044,2547,453
42,47,-0.2590399395237496,-0.21441199572886302,498,2502
42,48,-0.283304173956511,-0.30092504781626844,1777,1223
42,49,-0.27204478941341137,-0.16874965437775488,139,2861
42,5,-0.2392622536634664,-0.1745591739698951,374,2626
42,50,-0.2530227822324042,-0.2817929834018063,2011,989
42,51,-0.25322318187507825,-0.3539122392598923,2747,253
42,52,-0.27965248048350533,-0.24142023157715573,858,2142
42,53,-0.21490225945671487,-0.18661710097824055,864,2136
42,54,-0.2472174128122681,-0.4062494961056277,2864,136
42,55,-0.25077978789769184,-0.29035383403192744,2171,829
42,56,-0.1996195307545973,-0.2556656609355496,1945,1055
42,57,-0.2632429743844814,-0.13365988509331095,10,2990
42,58,-0.2340265597594588,-0.2376896627540812,1378,1622
42,59,-0.22070946789907564,-0.15211396455144321,477,2523
42,6,-0.24732279449260575,-0.32891413178540374,2582,418
42,60,-0.22744648318042812,-0.18674462165022068,770,2230
42,61,-0.216195951012247,-0.16436535490267687,901,2099
42,62,-0.27443037974683554,-0.21178175935338153,556,2444
42,63,-0.25853719110890355,-0.17684934130541488,291,2709
42,64,-0.28205765407554667,-0.3166403855514727,2201,799
42,65,-0.280758672323434,-0.22906984546620282,613,2387
42,66,-0.25377417342482844,-0.2807098508558055,1616,1384
42,67,-0.2342410489157841,-0.32905670106556656,2279,721
42,68,-0.28119884145573615,-0.3100649693908957,1984,1016
42,69,-0.25180585477125833,-0.2336081984965849,776,2224
42,7,-0.24703656998738968,-0.0940714741432606,57,2943
42,70,-0.2478513650151668,-0.2275873283530443,1173,1827
42,71,-0.2742684917744568,-0.2670890385088631,1327,1673
42,72,-0.2740342542817853,-0.32745713719015257,2587,413
42,73,-0.25196066226814384,-0.17950202330991447,267,2733
42,74,-0.24501136650669356,-0.3643174869477406,1675,1325
42,75,-0.28620945778658086,-0.09409626463689363,0,3000
42,76,-0.23774817793415434,-0.19562887691847167,1177,1823
42,77,-0.2569952104865138,-0.315856748218074,1092,1908
42,78,-0.2341145506955758,-0.3006291069570318,2802,198
42,79,-0.2263794406651549,-0.2201449378494103,1125,1875
42,8,-0.26494548188996114,-0.17549601590787955,807,2193
42,80,-0.2103426791277259,-0.11780699114582724,265,2735
42,81,-0.24784186162892527,-0.3000299175603121,2090,910
42,82,-0.2683265925176946,-0.3542627553025702,2866,134
42,83,-0.26219435736677116,-0.2002964438915779,631,2369
42,84,-0.23714572360170555,-0.2238259217889523,1239,1761
42,85,-0.25233762951731115,-0.23189445321134872,1197,1803
42,86,-0.29257142857142854,-0.2323273604492887,450,2550
42,87,-0.25339537223340036,-0.2843337690722009,1869,1131
42,88,-0.2542985297782208,-0.19429434178733418,660,2340
42,89,-0.26331135902636915,-0.22776123698982587,693,2307
42,9,-0.2487013809704802,-0.17530822559345294,383,2617
42,90,-0.25347875141030457,-0.23734955634766325,1132,1868
42,91,-0.19959524411839108,-0.07149862411842876,57,2943
42,92,-0.28499073502161826,-0.2612892683248158,979,2021
42,93,-0.22899899396378262,-0.29547266454098897,1423,1577
42,94,-0.2917655879045358,-0.21020394355364308,182,2818
42,95,-0.2509671783352052,-0.22657663644154138,841,2159
42,96,-0.2605740181268882,-0.22768710666362146,793,2207
42,97,-0.21912999874639588,-0.1497216118700157,234,2766
42,98,-0.22690458111870415,-0.08708075841687865,28,2972
42,99,-0.268992055610725,-0.20624488391695076,473,2527
43,1,-0.2724172770901742,-0.12212785596122679,0,3000
43,10,-0.23540513336688476,-0.267372247463749,1104,1896
43,100,-0.2397792826686732,-0.3212362289266928,2877,123
43,11,-0.27217692117617986,-0.30862436947826777,1778,1222
43,12,-0.24075012671059298,-0.1753241417507173,1174,1826
43,13,-0.25157470395565623,-0.29451304262584777,1537,1463
43,14,-0.284330767320586,-0.21107048658977617,241,2759
43,15,-0.2756546798646786,-0.27990540008175413,1712,1288
43,16,-0.24482061647296613,-0.28774602304436464,2270,730
43,17,-0.19112284672450644,-0.08314928442176364,34,2966
43,18,-0.25258954199425926,-0.28047397656216816,1962,1038
43,19,-0.25461674677460155,-0.14658160790712577,60,2940
43,2,-0.2432635668630154,-0.21528848317111884,756,2244
43,20,-0.20424064376037807,-0.09624069779663526,15,2985
43,21,-0.2329352608422376,-0.21769364630720597,1060,1940
43,22,-0.27314641744548285,-0.21359090178679702,144,2856
43,23,-0.20565846231920826,-0.15580933138111316,825,2175
43,24,-0.21809862735129634,-0.18177487726810468,715,2285
43,25,-0.24254894625264994,-0.0959878588835298,2,2998
43,26,-0.23878164953622463,-0.2002706835949455,797,2203
43,27,-0.23112244897959183,-0.276681539298886,2179,821
43,28,-0.25459581969277256,-0.13997052359686848,219,2781
43,29,-0.2603424571928508,-0.12759104153145917,0,3000
43,3,-0.2740806718412012,-0.2852823559832193,989,2011
43,30,-0.26856855598843793,-0.2077878918888171,472,2528
43,31,-0.2631184407796103,-0.17717856702434348,147,2853
43,32,-0.2560837221031396,-0.205254247446919,449,2551
43,33,-0.2518996960486322,-0.2294710678673286,913,2087
43,34,-0.26225398019305507,-0.28600257993705575,2016,984
43,35,-0.23756486520693584,-0.20054857259816972,774,2226
43,36,-0.2498410680228862,-0.19873315709993775,292,2708
43,37,-0.25430114278538235,-0.2535759276735196,1484,1516
43,38,-0.2623848643266119,-0.37238754225176424,1619,1381
43,39,-0.22610932475884243,-0.33045892480379985,1972,1028
43,4,-0.27224334600760464,-0.2485114089051029,918,2082
43,40,-0.2298602287166456,-0.18962958641730196,761,2239
43,41,-0.26380904773806546,-0.2158968665171942,684,2316
43,42,-0.23483611704131607,-0.07595633357095853,0,3000
43,43,-0.2642322809686827,-0.19446394795100413,89,2911
43,44,-0.26328173374613006,-0.14425972075940163,172,2828
43,45,-0.24624624624624633,-0.16413975205704434,226,2774
43,46,-0.214622942452469,-0.1642243810091313,520,2480
43,47,-0.23931951905858279,-0.1675035451685755,523,2477
43,48,-0.22523317368288384,-0.15483298283739874,337,2663
43,49,-0.24203338391502274,-0.126528091416787,252,2748
43,5,-0.27004806476094106,-0.19008452984596833,505,2495
43,50,-0.28415231871308283,-0.17466238799767994,86,2914
43,51,-0.23590261132837137,-0.20738768492246018,1160,1840
43,52,-0.2532215688727636,-0.10711665916535931,22,2978
43,53,-0.25766720039413726,-0.238893590775054,1052,1948
43,54,-0.23216322392599162,-0.10236453406741979,2,2998
43,55,-0.23326268545069195,-0.078027487615414,0,3000
43,56,-0.2812930710437289,-0.3023889238276722,1460,1540
43,57,-0.23708091756995212,-0.36503537079111437,2025,975
43,58,-0.23454753141261586,-0.16362582309518975,304,2696
43,59,-0.2557935613178003,-0.29206434893981403,2313,687
43,6,-0.23636137691064985,-0.16396980895017338,206,2794
43,60,-0.2257983087214439,-0.18960365715633495,702,2298
43,61,-0.24008588027279618,-0.1449343341860082,40,2960
43,62,-0.2322459222082811,-0.15826981460731535,97,2903
43,63,-0.24512012012012013,-0.20895502625225174,751,2249
43,64,-0.29235963486307365,-0.2248776199829532,318,2682
43,65,-0.23532369578881202,-0.224741969373586,744,2256
43,66,-0.23668713193835364,-0.21079086289784085,950,2050
43,67,-0.236384124201828,-0.16333395129804645,280,2720
43,68,-0.24996831030548863,-0.19174275051379594,647,2353
43,69,-0.23791152263374488,-0.277479683384813,2366,634
43,7,-0.24757039621231003,-0.2772113743145561,1998,1002
43,70,-0.24059207225288512,-0.25726816554148246,2046,954
43,71,-0.22330582645661418,-0.20058481035209583,839,2161
43,72,-0.26643207238909145,-0.19637726898899957,448,2552
43,73,-0.23502767991947662,-0.1271278227981554,25,2975
43,74,-0.259819864898674,-0.22798312034117418,856,2144
43,75,-0.25946147164660627,-0.19009298824049312,152,2848
43,76,-0.2716589573696712,-0.23697304660810053,528,2472
43,77,-0.22455430522189912,-0.20614521684191908,1121,1879
43,78,-0.2740963855421687,-0.1215327479005313,17,2983
43,79,-0.23122554587908617,-0.21519649352376255,1076,1924
43,8,-0.2711523976901832,-0.2731214311670449,1693,1307
43,80,-0.22261350773487618,-0.21093374940896578,1044,1956
43,81,-0.20391955936979633,-0.18041697471472182,1283,1717
43,82,-0.2854127870887648,-0.2987256889930443,1879,1121
43,83,-0.27105163489458395,-0.24349926069148323,782,2218
43,84,-0.2283064413670435,-0.17882716470916332,514,2486
43,85,-0.2525747299673448,-0.06962970809312882,0,3000
43,86,-0.22451288497800115,-0.1420082270703215,444,2556
43,87,-0.26594568022612763,-0.2405204444347221,896,2104
43,88,-0.2778408374322109,-0.29672539207851956,1401,1599
43,89,-0.2632788559754852,-0.164444273035302,217,2783
43,9,-0.2613046231792273,-0.17627199255371476,140,2860
43,90,-0.24587014982712252,-0.23135398376981203,1105,1895
43,91,-0.2518768768768769,-0.17869858792240395,162,2838
43,92,-0.234392523364486,-0.1566774430960854,124,2876
43,93,-0.268177876873529,-0.3453929094749154,1974,1026
43,94,-0.24356559949780293,-0.29189128303598005,1186,1814
43,95,-0.20776455854727624,-0.19912649826634726,1264,1736
43,96,-0.2558490566037736,-0.1783569076221348,96,2904
43,97,-0.24225565811101282,-0.23830160732727176,1526,1474
43,98,-0.2351030605871331,-0.29858884217297144,2640,360
43,99,-0.268137192400867,-0.17055524001694777,89,2911
44,1,-0.25416036308623297,-0.15953173442965474,14,2986
44,10,-0.223583843941478,-0.20569362054508272,918,2082
44,100,-0.2648281072912732,-0.26203413296784644,1359,1641
44,11,-0.24763227680262656,-0.20578855502289495,498,2502
44,12,-0.24057382252126436,-0.2142848497892321,723,2277
44,13,-0.2454454704267531,-0.16564695843474259,106,2894
44,14,-0.22009086320040394,-0.28996144708937205,1324,1676
44,15,-0.275732531930879,-0.3139638891923019,2266,734
44,16,-0.20594059405940596,-0.38950595954732964,1177,1823
44,17,-0.23213838054650296,-0.16436091707554287,38,2962
44,18,-0.256657082135267,-0.25120104782290475,1546,1454
44,19,-0.2964879852125693,-0.45851836789218836,2217,783
44,2,-0.2620348024895212,-0.23483405997870327,995,2005
44,20,-0.2667416291854073,-0.1613954859831029,0,3000
44,21,-0.2531871494135645,-0.19706483773038466,190,2810
44,22,-0.24981036662452594,-0.28688106093431653,1985,1015
44,23,-0.28464656701292124,-0.24155946268763576,1214,1786
44,24,-0.2630464565948437,-0.1318303368171808,3,2997
44,25,-0.2411238825031929,-0.1338011099195638,16,2984
44,26,-0.2394401399650088,-0.1286725165480495,0,3000
44,27,-0.2817735231137423,-0.2707020555056391,1624,1376
44,28,-0.24583012573774704,-0.20654798092723667,324,2676
44,29,-0.2773339990014978,-0.2112203244275934,311,2689
44,3,-0.26076044673108284,-0.266130427892245,1314,1686
44,30,-0.26151727591387086,-0.14902576751318003,336,2664
44,31,-0.2922747861097132,-0.261252520422861,804,2196
44,32,-0.2266834487098804,-0.16225330756747502,166,2834
44,33,-0.26479085542017333,-0.3861668932774412,2278,722
44,34,-0.273071104387292,-0.21841287147676866,349,2651
44,35,-0.2600502512562814,-0.18282687455578195,27,2973
44,36,-0.2270031545741325,-0.19030635991504352,607,2393
44,37,-0.28233082706766915,-0.2563639178368377,948,2052
44,38,-0.2703814510097233,-0.2847110858258285,1492,1508
44,39,-0.2575985933182616,-0.2700580757914366,1359,1641
44,4,-0.25245283018867926,-0.19981879071463693,814,2186
44,40,-0.2779665282496539,-0.17976196567187794,203,2797
44,41,-0.22707535121328223,-0.2225453576488667,1026,1974
44,42,-0.2508736894658013,-0.2698121467466925,1819,1181
44,43,-0.2411683934589939,-0.12929053294363566,7,2993
44,44,-0.2837132306125048,-0.2656892766372452,918,2082
44,45,-0.25692789968652047,-0.22860324034800333,921,2079
44,46,-0.28157894736842104,-0.29197765162627043,1859,1141
44,47,-0.25877357312351684,-0.222299099628323,552,2448
44,48,-0.280637409889971,-0.29955414755410825,1561,1439
44,49,-0.26881720430107525,-0.2293766838573376,1565,1435
44,5,-0.2294603174603175,-0.10692044600915805,0,3000
44,50,-0.2538653366583541,-0.13635488805966833,1,2999
44,51,-0.22823589481746231,-0.16071112239986224,168,2832
44,52,-0.26792405695728205,-0.25652249618608103,1158,1842
44,53,-0.23658076681332488,-0.40254222407979684,1517,1483
44,54,-0.25373878364905283,-0.24495684708284302,1117,1883
44,55,-0.23439490445859876,-0.413194931052785,2330,670
44,56,-0.2508163777945239,-0.16611290528688552,117,2883
44,57,-0.273071104387292,-0.2475108395892736,904,2096
44,58,-0.2721088435374149,-0.2466677787068754,997,2003
44,59,-0.23008517034068138,-0.23694798670303513,1561,1439
44,6,-0.27062210539491804,-0.2858399927056977,1812,1188
44,60,-0.267427122940431,-0.32625179791712106,1339,1661
44,61,-0.2206401209677419,-0.12865636294723556,337,2663
44,62,-0.25272496831432195,-0.2813745013340466,2233,767
44,63,-0.2589556004036327,-0.20721194720813255,291,2709
44,64,-0.2552978056426333,-0.28295047987067323,1146,1854
44,65,-0.2509544413336727,-0.17204638169686137,778,2222
44,66,-0.3241536129358262,-0.2884948505469735,563,2437
44,67,-0.25850768842954375,-0.2281156625032671,609,2391
44,68,-0.2669762771432157,-0.20192610765515526,52,2948
44,69,-0.2599822537710737,-0.24094719344405655,926,2074
44,7,-0.2453369808505347,-0.21460436300615504,995,2005
44,70,-0.25662482566248246,-0.2144220999829536,395,2605
44,71,-0.2834498252621068,-0.23106619436558648,434,2566
44,72,-0.22413356944093094,-0.22930781004371734,1444,1556
44,73,-0.25971575902402216,-0.18517641879491784,48,2952
44,74,-0.2908325895703175,-0.3314968719180028,1130,1870
44,75,-0.2364181341326339,-0.17221847941599305,311,2689
44,76,-0.267877129710235,-0.28329343596896256,1969,1031
44,77,-0.2474785678265254,-0.22849682037682656,903,2097
44,78,-0.2342207224096988,-0.21709568441780933,939,2061
44,79,-0.2499062382797851,-0.1636282627383491,14,2986
44,8,-0.24118761844598854,-0.17772152605851566,61,2939
44,80,-0.2262727844123192,-0.3570421281359506,2286,714
44,81,-0.28183902190524707,-0.2633032182837254,1028,1972
44,82,-0.2569259962049335,-0.2815995233445172,2081,919
44,83,-0.22496553452813634,-0.16487677782845245,72,2928
44,84,-0.2339839839839841,-0.2112320587597465,743,2257
44,85,-0.2734384701353534,-0.20044273043249927,163,2837
44,86,-0.23276950265084578,-0.17354664739439957,29,2971
44,87,-0.22875901132852736,-0.19328118532561592,686,2314
44,88,-0.27,-0.17656958971549092,791,2209
44,89,-0.24871311989956063,-0.4079591215037513,1126,1874
44,9,-0.2308847453385059,-0.20316813313856114,775,2225
44,90,-0.2811025577352868,-0.2515176921315142,803,2197
44,91,-0.22283981808994438,-0.21121212016415378,1241,1759
44,92,-0.27424876378851265,-0.0752159953747237,0,3000
44,93,-0.2465530208072199,-0.21848010757684588,862,2138
44,94,-0.25809318268376286,-0.2043950720634956,345,2655
44,95,-0.21628174046191137,-0.11169705951623239,29,2971
44,96,-0.24890775184121838,-0.23869147463890364,1098,1902
44,97,-0.23421485511830953,-0.3821535546767521,1865,1135
44,98,-0.2344784509681449,-0.27827876653679434,1348,1652
44,99,-0.25112107623318386,-0.4103230055737178,2818,182
45,1,-0.21352402458913566,-0.17069918665589248,822,2178
45,10,-0.24427194190559656,-0.22942813078892121,904,2096
45,100,-0.28980812359830554,-0.25565287860222763,606,2394
45,11,-0.2744046876948012,-0.3218228705923824,1049,1951
45,2,-0.22096102913356036,-0.38921477930342085,1222,1778
45,21,-0.23456320527450222,-0.3775846470139475,1509,1491
45,3,-0.22628294919139189,-0.1359857674037585,215,2785
45,39,-0.21843561368209252,-0.17517984786938903,231,2769
45,4,-0.2904430064708811,-0.2700376440845614,672,2328
45,40,-0.2448852295409181,-0.1803760275599475,4,2996
45,41,-0.20332056194125162,-0.3665155354068281,2364,636
45,42,-0.29277893959896667,-0.22387433056281483,1176,1824
45,43,-0.21981462925851702,-0.18464007397590368,1612,1388
45,44,-0.2744295634920635,-0.23709770447842057,668,2332
45,45,-0.25062656641604014,-0.20931355683135272,694,2306
45,46,-0.23455537232018275,-0.3372571978014085,2598,402
45,47,-0.2705212331311131,-0.18781223108975448,123,2877
45,48,-0.22490870167485205,-0.1848675072273447,1672,1328
45,49,-0.25482625482625493,-0.13712355700609868,228,2772
45,5,-0.22995538559592102,-0.24139997153521917,1362,1638
45,50,-0.22295378259746962,-0.1547299660856067,697,2303
45,51,-0.2713207547169812,-0.15712798468527686,16,2984
45,52,-0.24773869346733668,-0.11686965635691741,0,3000
45,53,-0.20830120791570286,-0.07068611158121248,0,3000
45,54,-0.2630988023952095,-0.21560113940873862,284,2716
45,55,-0.26696716033483575,-0.1730657023628669,46,2954
45,56,-0.24009528585757275,-0.2251496539811667,1223,1777
45,57,-0.22570964111541825,-0.16242356472489136,694,2306
45,58,-0.22041587901701315,-0.31647294403046883,1012,1988
45,59,-0.31279739544202356,-0.2722476852796172,397,2603
45,6,-0.287890044576523,-0.21126378046169303,521,2479
45,60,-0.20843860535624054,-0.35102389564663444,1431,1569
45,61,-0.2577499999999999,-0.21841403275500482,345,2655
45,62,-0.25808074456043273,-0.27705099495788604,1905,1095
45,63,-0.22896257221803568,-0.15309844284042226,2,2998
45,64,-0.21938904317091645,-0.17874319366341412,999,2001
45,65,-0.20766612028747952,-0.10527362008397179,0,3000
45,66,-0.26389590702374943,-0.2551662007717672,1025,1975
45,67,-0.24860335195530722,-0.1419999358611047,276,2724
45,68,-0.22466173091651767,-0.24839218836734317,2304,696
45,69,-0.25430114278538235,-0.21768203255890173,969,2031
45,7,-0.24392382861438242,-0.17107589062446626,141,2859
45,70,-0.238333541849118,-0.4059820752937569,2031,969
45,71,-0.23773063888540227,-0.21266883932949168,609,2391
45,72,-0.2523292916400766,-0.16324578487593958,6,2994
45,73,-0.26179775280898876,-0.13757095657244456,4,2996
45,74,-0.23789764868603047,-0.29917593725276437,2694,306
45,75,-0.2514634767116315,-0.21906425158506876,507,2493
45,76,-0.24259909683893627,-0.11705967551258564,0,3000
45,77,-0.26998246053620656,-0.21318749104561388,402,2598
45,78,-0.246844319775596,-0.19737599717441814,117,2883
45,79,-0.26552277496605353,-0.2501269864256841,1032,1968
45,8,-0.2291614202971544,-0.1423488127701592,12,2988
45,80,-0.2807918807167022,-0.3254373735597873,1223,1777
45,81,-0.23829948278037094,-0.18828895683977992,543,2457
45,82,-0.21400680186421459,-0.22378238207547224,1802,1198
45,83,-0.2992737290257952,-0.4815010268156704,1592,1408
45,84,-0.26563687009369463,-0.21894528457251758,521,2479
45,85,-0.2860172134214793,-0.2552064666523876,597,2403
45,86,-0.2565510356875468,-0.401413238926401,1428,1572
45,87,-0.24920453099147255,-0.1546253272227252,46,2954
45,88,-0.2217736848744796,-0.24104899807344207,1440,1560
45,89,-0.24340796019900493,-0.2742512832617019,1640,1360
45,9,-0.25552887653228856,-0.293107057254127,1000,2000
45,90,-0.25525752424127945,-0.20706468691224553,486,2514
45,91,-0.2348011008256192,-0.14744769789741868,0,3000
45,92,-0.23724172267861582,-0.2075618448850863,555,2445
45,93,-0.2479380789239944,-0.260666866715926,1004,1996
45,94,-0.2390064630591813,-0.21678135296754528,862,2138
45,95,-0.22307984309755793,-0.12110076102664662,1,2999
45,96,-0.2660561966884094,-0.3093628669967377,2407,593
45,97,-0.20045385779122535,-0.27606601416010135,2473,527
45,98,-0.23739734680985466,-0.14899079374308696,0,3000
45,99,-0.26258637709772964,-0.2685900310580299,1336,1664
46,1,-0.23160233268536518,-0.19455894039043575,998,2002
46,10,-0.2187242610048503,0.017302136646841205,309,2691
46,100,-0.244858254585881,0.030412066030046852,379,2621
46,11,-0.23639249369806742,-0.32139533071358617,1888,1112
46,12,-0.23020861801949527,0.05648194352322052,28,2972
46,13,-0.20854621458430092,-0.11970175903865228,865,2135
46,14,-0.26925192519251917,0.05338688376760118,6,2994
46,15,-0.22590416743161365,0.12450407118594489,123,2877
46,16,-0.2575158591523398,0.24681379670277012,0,3000
46,17,-0.26151148841930433,0.05740647571836949,0,3000
46,18,-0.24910934502603463,-0.03258143894978515,363,2637
46,19,-0.24361456892577235,0.07303473385317047,474,2526
46,2,-0.2564436586954499,-0.14473208462803208,796,2204
46,20,-0.26120018323408156,0.07620588492433616,0,3000
46,21,-0.23474910558664344,0.05516728157504133,21,2979
46,22,-0.23890879030035816,-0.021709700650209527,135,2865
46,23,-0.27334558823529403,0.03076494016432951,207,2793
46,24,-0.2655680990531683,-0.12499791017787441,543,2457
46,25,-0.2562681941966381,-0.09990910331624249,684,2316
46,26,-0.2581845238095238,-0.11108184118436004,426,2574
46,27,-0.22917243288126202,0.06344514564108265,0,3000
46,28,-0.26554559733900035,-0.22469887429006302,1195,1805
46,29,-0.2559386264904335,-0.407154626501773,2481,519
46,3,-0.2292282127031019,-0.43211622501997643,2613,387
46,30,-0.24708153322915716,0.07410156309032499,2,2998
46,31,-0.25921478060046177,0.12558582684065037,218,2782
46,32,-0.28221874712537953,-0.27606112062878,1389,1611
46,33,-0.24520686175580217,0.11946886762280645,96,2904
46,34,-0.2947464595705802,0.11696061688955912,0,3000
46,35,-0.2832736290989253,-0.6066410515875565,3000,0
46,36,-0.27138534885853116,-0.05938012306973974,348,2652
46,37,-0.23297027875207676,-0.05563944318356055,364,2636
46,38,-0.25309554610977636,-0.4669476056989175,2885,115
46,39,-0.24506001846722075,-0.4829644872702777,2919,81
46,4,-0.2459636497831903,0.06549885202639573,2,2998
46,40,-0.2452054794520548,-0.12958717495002842,931,2069
46,41,-0.24759637395842868,0.12084718004525051,0,3000
46,42,-0.2269477203082924,0.26098686944060917,0,3000
46,43,-0.30366347569955826,0.05134752472979807,0,3000
46,44,-0.28539965128016886,-0.20794284999713206,899,2101
46,45,-0.2248542611270473,-0.17510225357720915,1034,1966
46,46,-0.24403771491957854,0.03706418300527607,187,2813
46,47,-0.24692727104703818,-0.003912892553213379,227,2773
46,48,-0.2336260519575558,-0.4019007440420455,2714,286
46,49,-0.256854653828519,0.01991101372237139,637,2363
46,5,-0.26713839367763276,-0.19863712867518116,1207,1793
46,50,-0.25974981604120684,0.040135280410699775,103,2897
46,51,-0.2766776677667766,-0.09070614110718513,542,2458
46,52,-0.24438970990695122,0.10838985164529479,0,3000
46,53,-0.26162682972021495,0.19100016984343876,0,3000
46,54,-0.2365968441450586,0.011198402471256627,389,2611
46,55,-0.2613240418118467,-0.2671179720068537,1621,1379
46,56,-0.2601566098572087,0.2171742542258264,0,3000
46,57,-0.23035255233198687,0.08090376580907727,49,2951
46,58,-0.23999632892804704,-0.05128426861025039,419,2581
46,59,-0.26692385413796266,-0.014138173647163969,125,2875
46,6,-0.22970114942528735,0.08521749202315973,0,3000
46,60,-0.24520686175580217,0.5573170950985993,0,3000
46,61,-0.24096385542168666,0.152754817708367,12,2988
46,62,-0.25203176948651645,-0.23775695889092224,1276,1724
46,63,-0.25627954397997965,0.055695809065157274,0,3000
46,64,-0.246439400900487,-0.2713255407632807,1651,1349
46,65,-0.2435849758274452,0.288611881265978,447,2553
46,66,-0.254693653264951,0.043022935526891924,24,2976
46,67,-0.2472334931759499,-0.27214661856883615,2000,1000
46,68,-0.25970038150181446,0.03935765539054277,141,2859
46,69,-0.26163276678740593,-0.2241289053006758,980,2020
46,7,-0.2622303809086737,-0.12161250679066818,753,2247
46,70,-0.24824880919024936,0.063278764356506,0,3000
46,71,-0.2309183202584218,0.08439366010943763,9,2991
46,72,-0.23644730786930518,-0.05248668405528101,554,2446
46,73,-0.24097713288639913,0.3725779729271401,35,2965
46,74,-0.2262443438914027,0.14717359014527492,0,3000
46,75,-0.23527232308262322,-0.16600953006783628,1088,1912
46,76,-0.25036832412523014,-0.1474529993331266,932,2068
46,77,-0.20102040816326525,0.10353416613265921,113,2887
46,78,-0.23192158313297576,-0.16442653342076657,999,2001
46,79,-0.2921708837550422,-0.35103578052778145,1863,1137
46,8,-0.2528852368202383,-0.17938000597674228,768,2232
46,80,-0.26346486831313226,0.07150569788469795,0,3000
46,81,-0.2650413983440663,0.11699144242773091,0,3000
46,82,-0.26055555555555554,0.07497498681234721,0,3000
46,83,-0.24705665930831505,-0.1309001959156874,771,2229
46,84,-0.2278550512445095,0.09729642221198918,0,3000
46,85,-0.2671483446131333,-0.3040724632983052,1831,1169
46,86,-0.24784422809457576,0.1297302634979183,10,2990
46,87,-0.24029215976331367,-0.5132766906382509,2521,479
46,88,-0.2259476576324857,-0.41478250115820103,2737,263
46,89,-0.19458560473066622,-0.33528300340118006,2573,427
46,9,-0.2525768409323057,0.05971936488900014,23,2977
46,90,-0.23097353237475968,-0.15514858056992742,1801,1199
46,91,-0.24528645596138085,-0.33399882277451404,2330,670
46,92,-0.2699742268041237,0.09506439240882647,0,3000
46,93,-0.2591254400592922,0.07902053976018168,0,3000
46,94,-0.24879002233804912,-0.2626798812433025,1371,1629
46,95,-0.24386222059362406,0.09545527163039622,0,3000
46,96,-0.251233361258494,-0.04987708333001004,612,2388
46,97,-0.24963004069552341,-0.09084947511572329,612,2388
46,98,-0.24178056889545627,0.035358258129890484,129,2871
46,99,-0.2718170126768325,0.07212174351160225,131,2869
47,1,-0.24671964516725195,-0.03195649575312138,121,2879
47,10,-0.2426625217152784,-0.20676268389793914,1156,1844
47,100,-0.18234750462107202,-0.11908399841657216,796,2204
47,11,-0.2742443908770628,-0.336324235055775,2172,828
47,12,-0.20873605947955387,-0.24058326715308753,1739,1261
47,13,-0.2464659445566366,-0.1226288737340791,447,2553
47,14,-0.2876423062798385,-0.10512321520197188,227,2773
47,15,-0.22603244837758107,-0.2262285921544248,1564,1436
47,16,-0.23777961888980945,0.060632731402281134,0,3000
47,17,-0.24758042215872433,-0.25824689085995056,1525,1475
47,18,-0.3053787249746286,-0.6694763896450273,2773,227
47,19,-0.2606154689069491,-0.07531301802232411,248,2752
47,2,-0.2108172855431677,0.03453701274944495,17,2983
47,20,-0.2733376253104019,-0.30260332898456715,1699,1301
47,21,-0.2612537972935653,-0.37237553023394965,2656,344
47,22,-0.2552092937488475,-0.3625880313622321,2502,498
47,23,-0.2773950583264444,0.06521639809676368,2,2998
47,24,-0.22107992961007697,-0.002511143450630451,337,2663
47,25,-0.27776239268900577,0.057684343895766134,1,2999
47,26,-0.2302595251242407,-0.04441330632060861,336,2664
47,27,-0.27954103821597115,-0.041164903929131,239,2761
47,28,-0.21914658819201757,0.025940551438233546,9,2991
47,29,-0.2524898561416452,-0.185848182852033,708,2292
47,3,-0.24070503993390246,-0.13135755628673837,947,2053
47,30,-0.232070984266374,-0.2623109621945632,1644,1356
47,31,-0.26003859229991727,-0.24629945349393165,1022,1978
47,32,-0.26040808857168996,-0.3855614728887446,2698,302
47,33,-0.270568746548868,-0.4825849285004221,2861,139
47,34,-0.2640361390246151,-0.21799379024889678,1042,1958
47,35,-0.23899834284662122,0.01917766943801679,95,2905
47,36,-0.2600409074005207,-0.013638634927968313,455,2545
47,37,-0.2658649398704903,-0.37950508628756163,2700,300
47,38,-0.25940685820203896,0.29620479600843413,0,3000
47,39,-0.22746859814797826,0.05355023066373672,0,3000
47,4,-0.2837345003646972,-0.3643354825781524,2191,809
47,40,-0.25025574258346506,0.21625090750065215,0,3000
47,41,-0.24919599375172286,-0.36664248039333236,2508,492
47,42,-0.2653587547204569,-0.2110529452083177,958,2042
47,43,-0.2277373607146146,0.029819108289286002,1409,1591
47,44,-0.25252151383362637,-0.06281268420766077,116,2884
47,45,-0.24373848987108654,-0.17957710789980666,938,2062
47,46,-0.26734505087881594,-0.31456275028177866,1457,1543
47,47,-0.2708124373119359,-0.1445959100796357,756,2244
47,48,-0.2541477430716471,0.029445836488884755,5,2995
47,49,-0.27493559072506435,0.04849381528384075,3,2997
47,5,-0.2514781966001479,0.1229038430498813,0,3000
47,50,-0.22633668852156247,-0.08007839355547358,346,2654
47,51,-0.23217753120665738,-0.16781419245483548,802,2198
47,52,-0.2695731987150068,-0.03664837304357662,76,2924
47,53,-0.2682790697674419,-0.38415366648562965,2548,452
47,54,-0.27069741799136265,-0.15407899218116258,702,2298
47,55,-0.2266397947966288,0.08733561047091702,31,2969
47,56,-0.22389995368226032,-0.11209189370971809,446,2554
47,57,-0.24610336341263334,0.012387106036415201,9,2991
47,58,-0.2539566370871832,-0.078214866566752,280,2720
47,59,-0.24889298892988929,-0.1996937781136559,1501,1499
47,6,-0.2681482830858913,-0.26209432716204145,1301,1699
47,60,-0.26430945347119644,0.12558502395181118,0,3000
47,61,-0.1919709388971685,0.09377703922259481,0,3000
47,62,-0.2681718061674009,-0.004112374714806735,44,2956
47,63,-0.27704557935200447,-0.016246590316190423,103,2897
47,64,-0.25883319638455227,0.06831338864747731,0,3000
47,65,-0.2594300470349535,-0.30549966244335197,1733,1267
47,66,-0.23508575689783742,-0.28666031274843656,1995,1005
47,67,-0.24629134801437386,0.030977512326361152,1107,1893
47,68,-0.25382065917878843,-0.0857280791306594,435,2565
47,69,-0.27136141579869116,0.058311187681983345,166,2834
47,7,-0.20854224698235846,0.01745181959933077,70,2930
47,70,-0.24121953479751634,-0.033943606773109605,196,2804
47,71,-0.24753206015315063,-0.1172733550195289,592,2408
47,72,-0.2463834462552646,-0.250370829085052,1508,1492
47,73,-0.2641887583128359,-0.14881224978163204,802,2198
47,74,-0.2572490706319702,-0.5054772706966753,2572,428
47,75,-0.24572217111315545,0.10882510913126227,2,2998
47,76,-0.23565631122306188,-0.18944150989813868,911,2089
47,77,-0.23140038720383513,-0.10201277118242916,678,2322
47,78,-0.25291471587257863,0.18079788975929015,0,3000
47,79,-0.25507732438978953,-0.057124721257985234,280,2720
47,8,-0.25824780058651026,0.08499409574139527,0,3000
47,80,-0.2587291457744552,-0.024933535256659443,176,2824
47,81,-0.25143758115377485,-0.3187198324946605,2125,875
47,82,-0.27768142400730256,-0.499476190904702,2563,437
47,83,-0.2624977110419337,-0.3276800889115187,2103,897
47,84,-0.25137969094922746,-0.03369602473579743,284,2716
47,85,-0.24291349417484626,0.7999740313476215,577,2423
47,86,-0.2701934537453011,-0.21540699794578938,848,2152
47,87,-0.2468395312355819,-0.12728831810766777,529,2471
47,88,-0.24044219253800092,-0.6265115486045918,2415,585
47,89,-0.2518910051945685,-0.20448023472908564,820,2180
47,9,-0.24647822484117482,-0.27101542433321224,1696,1304
47,90,-0.2598178975443759,-0.41803169242150523,1379,1621
47,91,-0.2392638036809816,0.2520042189732517,253,2747
47,92,-0.2527887895270582,-0.22483065505444513,1102,1898
47,93,-0.26567792730934725,0.12110119650141314,0,3000
47,94,-0.24798039393664337,0.06958700743333025,7,2993
47,95,-0.2583833718244803,-0.07372465243675888,455,2545
47,96,-0.2552856083086054,-0.2766432928485874,1726,1274
47,97,-0.2474293059125965,-0.42187958425169925,2616,384
47,98,-0.2608176389526872,-0.24773805695583623,1346,1654
47,99,-0.2577740647916087,0.17407276145988854,0,3000
48,1,-0.20450125034731872,0.05274032527902085,0,3000
48,10,-0.2646869541233796,-0.363931172506931,2606,394
48,100,-0.24304849884526553,-0.024776500142856456,101,2899
48,11,-0.27857606378047656,-0.22272284240090648,936,2064
48,12,-0.25863180185986556,0.00690721307354321,9,2991
48,13,-0.23000551571980152,-0.035295594886330564,21,2979
48,14,-0.24581212401665892,0.05183110833232063,0,3000
48,15,-0.27321052149207226,-0.18690576762209224,538,2462
48,16,-0.2364751812604573,0.04989067256529552,0,3000
48,17,-0.2263143356965289,-0.12794689373498974,329,2671
48,18,-0.23741540743487527,-0.1691666362973223,634,2366
48,19,-0.2561210453920221,-0.14762475663716548,457,2543
48,2,-0.2506254053553229,-0.40882209500905864,2841,159
48,20,-0.2154302120959527,0.04731296666267901,42,2958
48,21,-0.2656004437459555,0.07536681284827264,0,3000
48,22,-0.2697802197802197,-0.17664145486782548,507,2493
48,23,-0.21275405556591462,-0.38679229409490967,1734,1266
48,24,-0.23841121495327108,-0.036990143827538395,87,2913
48,25,-0.2452258538376791,-0.2662131975793046,1755,1245
48,26,-0.250814332247557,-0.1061894672408463,349,2651
48,27,-0.2607447202667655,-0.43867935722077456,2887,113
48,28,-0.25220750551876386,-0.34834254242546453,2651,349
48,29,-0.25614584292422427,-0.7392562165840881,2921,79
48,3,-0.24180592743052354,-0.10731445861604277,357,2643
48,30,-0.2328880700138185,-0.1579595392530224,712,2288
48,31,-0.22846614463380926,-0.10546760842886153,321,2679
48,32,-0.2820938162381348,-0.0105526402706012,12,2988
48,33,-0.242393509127789,0.19566114613317132,44,2956
48,34,-0.2818766906072195,-0.3628516616873679,2329,671
48,35,-0.2459591761337397,-0.03264918636907866,71,2929
48,36,-0.23506195502524088,-0.2866858461473207,1786,1214
48,37,-0.26194852941176466,-0.2869710679599195,1729,1271
48,38,-0.2660448794902576,-0.0916225933932337,72,2928
48,39,-0.2291970802919709,-0.11640639626427164,323,2677
48,4,-0.234463015975621,-0.16666212378015333,690,2310
48,40,-0.21829234595192043,-0.22021290075322397,1429,1571
48,41,-0.20756998047056632,-0.18498727278158703,1649,1351
48,42,-0.23683479870430346,-0.1695103236715434,864,2136
48,43,-0.23096893834028734,0.7934630795086469,0,3000
48,44,-0.2217884365123628,-0.07596520498817638,312,2688
48,45,-0.27984797923618837,-0.4610648203683817,1751,1249
48,46,-0.2628445828372562,-0.2764185049260422,1761,1239
48,47,-0.27088098069710004,-0.24559207651781226,1045,1955
48,48,-0.24625912408759132,0.01234983168791997,0,3000
48,49,-0.23763014834607943,-0.20578457790137966,1003,1997
48,5,-0.2785701055751064,0.04075240554391779,0,3000
48,50,-0.24464917178485013,-0.046853991055563336,228,2772
48,51,-0.24513546224746305,-0.22828281328234423,1122,1878
48,52,-0.23783734165595735,-0.25854612973228014,1752,1248
48,53,-0.2183288409703504,-0.2195052520527304,1618,1382
48,54,-0.2471517824329291,-0.08661330987158437,418,2582
48,55,-0.2637625218270379,-0.26420486651864894,1212,1788
48,56,-0.2586396050466265,-0.06533633459274485,49,2951
48,57,-0.24542260033290178,-0.24410780770273297,1470,1530
48,58,-0.2904084442404773,-0.21000228599528745,535,2465
48,59,-0.26437839330081897,-0.46151829468355565,2160,840
48,6,-0.27077969841853616,-0.3181968274104163,2107,893
48,60,-0.2558418767895077,-0.20367476363053233,946,2054
48,61,-0.29797886148711294,-0.44486779993107245,1517,1483
48,62,-0.22170286866465042,0.044683855162231445,0,3000
48,63,-0.2387379171986139,-0.1824888403215511,795,2205
48,64,-0.1943951424567959,0.0656987592413757,25,2975
48,65,-0.2602083141303346,-0.11321475446507334,488,2512
48,66,-0.24350230414746546,0.016558514217291837,8,2992
48,67,-0.26063636363636367,-0.09274479618744141,507,2493
48,68,-0.2406146485093853,-0.36002237126698255,1589,1411
48,69,-0.2673643267271717,0.10428217730817463,0,3000
48,7,-0.27071210861734546,-0.08501837715424838,74,2926
48,70,-0.28731514650500595,-0.06471478709219267,10,2990
48,71,-0.2604613000273498,-0.15196398679289166,294,2706
48,72,-0.22842172993841353,-0.13401242063995072,809,2191
48,73,-0.26470860743074215,-0.114410965358623,153,2847
48,74,-0.2075383899488134,-0.10307683633292232,385,2615
48,75,-0.23734294161123437,-0.015033445003947533,154,2846
48,76,-0.2692589875275128,-0.17142069567198137,604,2396
48,77,-0.2760007311277646,-0.5449906299694107,2890,110
48,78,-0.21966276605546847,-0.06846744259145213,249,2751
48,79,-0.2722685992110815,-0.30366493038580433,1945,1055
48,8,-0.22405180388529145,0.12784914878883544,0,3000
48,80,-0.24983848638670977,-0.07339368692647484,11,2989
48,81,-0.24339308815376084,-0.24152371152738325,1462,1538
48,82,-0.2887044721069619,-0.06001657322593213,129,2871
48,83,-0.259987023820558,-0.10217119727128912,82,2918
48,84,-0.27965946539729036,-0.10084627906911679,158,2842
48,85,-0.24087859571730533,-0.30098440576223096,2019,981
48,86,-0.3014128728414443,-0.42670816335590833,2827,173
48,87,-0.24550343037270528,-0.2825993065711636,1936,1064
48,88,-0.23694927804516855,-0.25699609802346013,1666,1334
48,89,-0.2379713914174252,-0.21493530281655168,1103,1897
48,9,-0.28752544882472697,-0.19076390474675178,563,2437
48,90,-0.22678405931417986,0.0017761757085069266,62,2938
48,91,-0.24523059825893678,-0.2559319480292126,1685,1315
48,92,-0.239170677526842,-0.2246947539704702,1256,1744
48,93,-0.25262093066029057,0.01063841530756313,163,2837
48,94,-0.2513249651324965,-0.10135358796796039,452,2548
48,95,-0.2688644688644688,-0.319331419176156,1815,1185
48,96,-0.2578674564975935,-0.09510805273768995,54,2946
48,97,-0.2295458724030153,-0.2964460617571117,2259,741
48,98,-0.2675194660734149,-0.1422241975384186,165,2835
48,99,-0.23890690134321443,0.030653035240952208,0,3000
49,1,-0.23989642097475256,-0.3246711535779182,2491,509
49,10,-0.2523792093704246,-0.2243200466359717,944,2056
49,100,-0.24958555903481305,-0.28690705510211223,2134,866
49,11,-0.24686762302524068,-0.2501046935130278,1533,1467
49,12,-0.2542246982358403,-0.15571554039735097,394,2606
49,13,-0.24028658032515843,-0.14225707761916834,466,2534
49,14,-0.26016037907782036,-0.22040343337894808,936,2064
49,15,-0.26544956640803286,-0.186957687817418,1012,1988
49,16,-0.2566780663647287,-0.27475546034151993,1268,1732
49,17,-0.2524343874617454,-0.10125639452868658,174,2826
49,18,-0.23717417334438615,-0.2854007614783865,950,2050
49,19,-0.23645861974154522,-0.312144297856506,2431,569
49,2,-0.25797477744807124,-0.4778663643960977,2852,148
49,20,-0.23330867394118737,-0.13311820919145967,396,2604
49,21,-0.24883460749580463,-0.24367547951037735,1076,1924
49,22,-0.2557704887393702,-0.15547942047502492,530,2470
49,23,-0.2308115039384503,-0.04566002203482266,3,2997
49,24,-0.27336534909493904,-0.04624982395870222,92,2908
49,25,-0.23221873268058377,-0.16429106014447217,635,2365
49,26,-0.2560537703710523,-0.05571880991520664,158,2842
49,27,-0.23903149462952855,-0.11924675588434587,239,2761
49,28,-0.2451458544216435,-0.08636867147595043,131,2869
49,29,-0.23835616438356164,-0.2564668101380903,1873,1127
49,3,-0.25955473098330234,-0.1877997475404816,349,2651
49,30,-0.2678276810265811,-0.1671846138246024,736,2264
49,31,-0.22728941090108282,-0.20298957684169294,1134,1866
49,32,-0.2422423346878463,-0.2943705636783405,1485,1515
49,33,-0.2633130643080892,-0.21523395129309614,898,2102
49,34,-0.24187494278128724,-0.24321973459603866,1570,1430
49,35,-0.2487639626442043,-0.16884975177861294,423,2577
49,36,-0.2324899156582324,-0.1327489450828185,150,2850
49,37,-0.2934891790704045,-0.3327249508655891,2009,991
49,38,-0.21169504071058476,-0.1468338383592966,443,2557
49,39,-0.23049483215951708,-0.2265281197041358,1278,1722
49,4,-0.2178770949720671,-0.04103780994893716,100,2900
49,40,-0.2664340800587588,-0.08868180897002448,177,2823
49,41,-0.27547829286239894,-0.2744394411524856,1637,1363
49,42,-0.2558459422283357,-0.2006337541638238,656,2344
49,43,-0.2679923378637234,-0.14095879821389795,249,2751
49,44,-0.2519337016574585,-0.05563933327518023,21,2979
49,45,-0.24835225192237279,-0.024441169685442927,0,3000
49,46,-0.2374849075880004,-0.34207229913160425,1816,1184
49,47,-0.25962159667743423,-0.16099076333236106,532,2468
49,48,-0.28616556722103503,-0.3018857925412382,1795,1205
49,49,-0.22881828316610914,-0.11682264890367824,135,2865
49,5,-0.25672394471423243,-0.2565665552945963,1450,1550
49,50,-0.2123191787214186,-0.19673272014774285,1251,1749
49,51,-0.25073691967575534,-0.23451257585643384,1204,1796
49,52,-0.25187832142202665,-0.09244537953465587,95,2905
49,53,-0.25317621064260726,-0.2696884634485379,1476,1524
49,54,-0.24863338192419826,-0.028549243621420545,838,2162
49,55,-0.26649489279469946,-0.3418059383898333,2227,773
49,56,-0.23382065369215008,-0.3785843460134241,2979,21
49,57,-0.22118062001113792,-0.01330354008071873,14,2986
49,58,-0.2540154117537832,-0.0131837678021511,29,2971
49,59,-0.24802674343021644,0.1250450505733438,0,3000
49,6,-0.24297170246105637,-0.15993088050285167,411,2589
49,60,-0.23608409743447262,0.044200530047828195,0,3000
49,61,-0.24379169755374344,-0.2792000124787407,2154,846
49,62,-0.2482067316534853,-0.07261750253525119,86,2914
49,63,-0.23841797418995447,-0.10204366194493132,91,2909
49,64,-0.23461467381260395,-0.054949975388022536,17,2983
49,65,-0.25193512716549954,-0.29505214430954624,1454,1546
49,66,-0.24919332534341287,-0.12151920663116368,251,2749
49,67,-0.2518052212553231,-0.24324841932142915,1252,1748
49,68,-0.26425398000740474,-0.09747043357320492,33,2967
49,69,-0.2598331346841477,-0.18159000101688,483,2517
49,7,-0.24820870843284945,9.558352481385653e-4,12,2988
49,70,-0.23764554873017327,-0.3153178671600474,1876,1124
49,71,-0.260200364298725,-0.17576371287523637,333,2667
49,72,-0.2017845524677014,-0.24748831579434433,1966,1034
49,73,-0.24905660377358502,-0.12740049982390203,193,2807
49,74,-0.27158469945355196,-0.22114927539306484,830,2170
49,75,-0.2678803641092327,-0.19232453581579997,525,2475
49,76,-0.22866642039157734,-0.21435818995343128,1232,1768
49,77,-0.23917639488923617,-0.3272044366512805,2520,480
49,78,-0.20946193265007315,-0.07176994480495681,108,2892
49,79,-0.21862348178137653,0.017845737599968974,0,3000
49,8,-0.22922239645789136,-0.22350381291607277,1297,1703
49,80,-0.2528058877644895,-0.19777708795741666,627,2373
49,81,-0.2648221343873518,-0.16516135729056797,291,2709
49,82,-0.24504288481047687,-0.5007852513748982,2310,690
49,83,-0.21606136216615837,-0.3001840601156427,1525,1475
49,84,-0.2598526703499079,-0.09420116442980579,53,2947
49,85,-0.2592251771418055,-0.24129358115571567,931,2069
49,86,-0.23250460405156528,-0.1622247950503451,619,2381
49,87,-0.27321656632001456,-0.20526289610710122,660,2340
49,88,-0.24188682694944696,-0.12117311739728578,114,2886
49,89,-0.24628942486085345,-0.10932453366001578,511,2489
49,9,-0.22426949562627954,-0.23783132975288687,1638,1362
49,90,-0.2403952715182859,-0.15260569962268813,506,2494
49,91,-0.2580201649862512,-0.18917311525452077,566,2434
49,92,-0.2570579494799406,-0.22438791456405688,1009,1991
49,93,-0.25643399370486947,-0.24357420622400033,1390,1610
49,94,-0.2738444607483493,-0.16550954329430978,227,2773
49,95,-0.26125876707272055,-0.3403491711849748,2605,395
49,96,-0.26203652462645266,-0.16645181737380196,403,2597
49,97,-0.2552638901771635,-0.007616641996134539,0,3000
49,98,-0.24642758366368578,-0.2236606850973297,1156,1844
49,99,-0.2779377612633534,-0.2362078291798123,1049,1951
5,1,-0.25200501253132823,-0.04726948834440378,3,2997
5,10,-0.29404435584350863,-0.32507933194148514,2074,926
5,100,-0.22722684834721166,-0.129934816578418,160,2840
5,11,-0.2830024813895781,-0.1362933933827944,1,2999
5,12,-0.2562106043752317,-0.20708060896730054,568,2432
5,13,-0.2752098208693474,-0.2370765591968946,885,2115
5,14,-0.22219423101146235,-0.16383434200408387,446,2554
5,15,-0.24010488200774135,-0.12625389995415456,358,2642
5,16,-0.2793086172344689,-0.2110185094982973,466,2534
5,17,-0.23064208518753979,-0.07184605174873562,89,2911
5,18,-0.27207366296670027,-0.28586453862516636,1187,1813
5,19,-0.2773993808049536,-0.25917621323049533,1157,1843
5,2,-0.2760124610591901,-0.17959455274016684,297,2703
5,20,-0.2716384738856649,-0.181230293679823,464,2536
5,21,-0.25907321361295993,-0.14689844289384713,247,2753
5,22,-0.23601619843077695,-0.2132043909115966,1070,1930
5,23,-0.24191121143717084,-0.1977499601924081,806,2194
5,24,-0.23712754020695678,-0.22382395090677892,1194,1806
5,25,-0.3063808449291714,-0.2356726923780495,655,2345
5,26,-0.2570162481536189,-0.3027221524110535,1776,1224
5,27,-0.22848180677540772,-0.1550278356505344,476,2524
5,28,-0.2678816627137686,-0.304890116471295,1950,1050
5,29,-0.23477929984779292,-0.1947215402420073,770,2230
5,3,-0.2503471783865673,0.013782713958660368,0,3000
5,30,-0.273568170299037,-0.13724359633647742,176,2824
5,31,-0.26475441045818005,-0.22596705593405167,1005,1995
5,32,-0.2485904022052375,-0.16619826616799085,277,2723
5,33,-0.27003375421927744,-0.12396450111769063,39,2961
5,34,-0.2513510116878221,-0.1536967686429687,136,2864
5,35,-0.22798899449724863,-0.13239168613252653,199,2801
5,36,-0.26211871914947477,-0.22055244332355364,767,2233
5,37,-0.26095692578174057,-0.21604419313499637,771,2229
5,38,-0.24925484351713864,-0.16744599811757682,361,2639
5,39,-0.2517289073305671,-0.054569044655589136,6,2994
5,4,-0.25430330443523047,-0.1208537251768016,26,2974
5,40,-0.2405564063297601,-0.09242262320572593,25,2975
5,41,-0.2272095081552662,-0.21165766000669722,1200,1800
5,42,-0.23502246630054927,-0.1381608089449566,229,2771
5,43,-0.23131313131313141,-0.13879707678978828,355,2645
5,44,-0.225009454178747,-0.20513272819628312,1023,1977
5,45,-0.24264520995725428,-0.11802288363052142,149,2851
5,46,-0.26843953838434514,-0.25362814517483445,1258,1742
5,47,-0.24251948705054063,-0.354274008333613,2915,85
5,48,-0.2824823834837434,-0.24653285454794913,874,2126
5,49,-0.20650813516896122,-0.24190635381912945,1500,1500
5,5,-0.21580278128950692,-0.1514250560136293,524,2476
5,50,-0.2709322669332668,-0.12213734811913388,95,2905
5,51,-0.24573809824472792,-0.022744249050240715,0,3000
5,52,-0.2599476113259324,-0.24041538612480196,1079,1921
5,53,-0.22265575833857762,-0.16538708346446343,819,2181
5,54,-0.24583644046731304,-0.30477145045783,1932,1068
5,55,-0.2298207703063429,-0.08966986989702663,228,2772
5,56,-0.22151184655885664,-0.22293781786501818,1386,1614
5,57,-0.27413078950671527,-0.3761563364753864,2730,270
5,58,-0.26217038539553755,-0.24281307149926404,1121,1879
5,59,-0.23689516129032256,-0.11615147049669149,441,2559
5,6,-0.2570855279658891,-0.09627330620701469,19,2981
5,60,-0.25551102204408815,-0.15987636233587285,336,2664
5,61,-0.26647384305835004,-0.21053696285235723,695,2305
5,62,-0.2852475496355869,-0.19727361776901084,366,2634
5,63,-0.22271936365896094,-0.10730164710595008,92,2908
5,64,-0.22757763975155276,-0.18379710398319193,751,2249
5,65,-0.2585818090704084,-0.17870461940556012,399,2601
5,66,-0.25415884928080057,-0.08238521962684049,33,2967
5,67,-0.26202342387241473,-0.2945958845882329,1357,1643
5,68,-0.2493418578412937,-0.1845058316420649,597,2403
5,69,-0.26020598089092933,-0.02107143727087819,44,2956
5,7,-0.22621184919210063,-0.1499407352609798,468,2532
5,70,-0.23332916301764037,-0.25514752987798994,1806,1194
5,71,-0.24240922047341681,-0.31863112451370834,1756,1244
5,72,-0.2329231541938725,-0.3896976311898693,1331,1669
5,73,-0.24530663329161445,-0.19076589025278856,738,2262
5,74,-0.24647355163727966,-0.1389159436533599,228,2772
5,75,-0.2321473951715375,-0.02826721754538106,12,2988
5,76,-0.25403632694248224,-0.23750179892062184,1125,1875
5,77,-0.23899609030142518,-0.18107955725273056,518,2482
5,78,-0.26560358789086835,-0.24286874660661736,1108,1892
5,79,-0.2730358265241986,-0.32424779393827957,2140,860
5,8,-0.2597953581232843,-0.2548682925480482,1412,1588
5,80,-0.24383492702566695,-0.38814187470619715,1210,1790
5,81,-0.24197592778335,-0.28972071075949857,2088,912
5,82,-0.25049999999999994,-0.0778534028576801,156,2844
5,83,-0.26011488511488506,-0.2115410108973741,775,2225
5,84,-0.255117324013979,-0.18817567137707128,457,2543
5,85,-0.2723086496577474,-0.24869923982297462,1193,1807
5,86,-0.212477853707922,-0.10225767732725133,319,2681
5,87,-0.24450933096356475,-0.15638879696174754,193,2807
5,88,-0.27039775624681284,-0.3995938198182191,2731,269
5,89,-0.25392083644510827,-0.19537000423289483,836,2164
5,9,-0.25971599402092677,-0.2368619686437957,1224,1776
5,90,-0.24238261738261735,-0.01721561522200699,0,3000
5,91,-0.2434202241531294,-0.2705735118641771,1494,1506
5,92,-0.24871117817175906,-0.17198922705182967,532,2468
5,93,-0.2607931726907631,-0.24554110215032574,1055,1945
5,94,-0.23334168336673344,-0.101142413766689,115,2885
5,95,-0.2707734599525177,-0.2835352369669156,1351,1649
5,96,-0.2702295822356041,-0.021578514295911542,0,3000
5,97,-0.23449900793650796,-0.1340395636223701,67,2933
5,98,-0.26563275434243183,-0.12644399770673204,160,2840
5,99,-0.2589341692789969,-0.15838842002738587,265,2735
50,1,-0.2441249654409732,-0.3589549371807176,2965,35
50,10,-0.22301557863501487,-0.1663878598534506,399,2601
50,100,-0.22512702078521932,-0.22728009411609115,1376,1624
50,11,-0.25852013850920363,-0.24194301139709226,1168,1832
50,12,-0.24803221673073406,-0.2635991810400905,1455,1545
50,13,-0.2578368469294225,-0.19186574095414757,658,2342
50,14,-0.22825087364355337,-0.2087646146174801,1019,1981
50,15,-0.2589285714285715,-0.21139337956882706,752,2248
50,16,-0.23048054919908473,-0.12305988606141761,188,2812
50,17,-0.2464659445566366,-0.2486954943688685,1312,1688
50,18,-0.18637293177170475,-0.1650503292367213,1006,1994
50,19,-0.27571257264090027,-0.18377541157659355,264,2736
50,2,-0.2580315691736305,-0.24505004098695995,1065,1935
50,20,-0.2204753537408674,-0.1434097312816406,253,2747
50,21,-0.27047054464616527,-0.15593688802188385,129,2871
50,22,-0.2452553406069496,-0.20851966300154773,925,2075
50,23,-0.2663839985252097,-0.28449172406119877,1606,1394
50,24,-0.2273816104661876,-0.1686947521413728,586,2414
50,25,-0.22931839402427634,-0.19200534941658096,768,2232
50,26,-0.21073503642903257,-0.10969808235308845,380,2620
50,27,-0.24779492833517094,-0.3874245639595183,2425,575
50,28,-0.2613198900091659,-0.12273850610389644,15,2985
50,29,-0.2805383977136535,-0.11890031808270662,1,2999
50,3,-0.2341454342570206,-0.14657262769932067,302,2698
50,30,-0.23388734995383195,-0.3966500927123487,2961,39
50,31,-0.223195353553978,-0.20359197405272283,980,2020
50,32,-0.25180055401662055,-0.21645172911961197,904,2096
50,33,-0.2630559143753461,-0.2436911482437246,930,2070
50,34,-0.24725073313782997,-0.26490069884628364,1474,1526
50,35,-0.2516040329972502,-0.1101029334596663,78,2922
50,36,-0.2528450807635829,-0.18156575154854923,339,2661
50,37,-0.25294064010212464,-0.24102062451457087,1234,1766
50,38,-0.27614064077848155,-0.17711114543715864,289,2711
50,39,-0.2569527857340848,-0.17671521634256576,428,2572
50,4,-0.26878957511241625,-0.2088861298914242,575,2425
50,40,-0.2513776634827332,-0.19944678056640133,560,2440
50,41,-0.26087358874699235,-0.2390523076656884,1139,1861
50,42,-0.21843376789133012,-0.057419737820032075,30,2970
50,43,-0.2310050157904514,-0.2796734713035148,2275,725
50,44,-0.2627656638145184,-0.19457233938366983,417,2583
50,45,-0.2589849108367626,-0.12363882077097248,22,2978
50,46,-0.28393121301775154,-0.2521937181975739,729,2271
50,47,-0.26244678882102535,-0.13628294353223946,81,2919
50,48,-0.27032577242602446,-0.286177251198155,1748,1252
50,49,-0.2188337491913871,-0.05150559918085201,2,2998
50,5,-0.20472878998609176,-0.2019158260660747,1366,1634
50,50,-0.24560587742955456,-0.2862958199520476,2392,608
50,51,-0.2844019671522688,-0.13318046691429403,33,2967
50,52,-0.25609756097560976,-0.32128962239752357,2518,482
50,53,-0.27209195402298847,-0.34049768738687414,2612,388
50,54,-0.2498851208528628,-0.2849065628153957,2191,809
50,55,-0.27202501379437183,-0.20754715862764825,486,2514
50,56,-0.23435616946324278,-0.09376171521912864,78,2922
50,57,-0.2583603520148217,-0.31922466034365005,1601,1399
50,58,-0.2633647080325322,-0.16252452291465194,230,2770
50,59,-0.2322163983526769,-0.15348262864857007,300,2700
50,6,-0.27466836271124845,-0.16462374312492903,48,2952
50,60,-0.2507196582783917,-0.23554919708304217,1166,1834
50,61,-0.25878055633604935,0.04655374103123818,0,3000
50,62,-0.24949439235153525,-0.2907477255582128,2242,758
50,63,-0.26849565614997706,-0.04693198569096283,0,3000
50,64,-0.2647301383670852,-0.18663380336419552,355,2645
50,65,-0.2879011434894873,-0.43987107910502715,1251,1749
50,66,-0.2789377289377289,-0.10718483055562196,72,2928
50,67,-0.25631174533479695,-0.1483834912328542,198,2802
50,68,-0.2759643916913947,-0.2629519053154372,1134,1866
50,69,-0.23994823920879924,-0.228644185149284,971,2029
50,7,-0.25071779197925353,-0.16967479586182382,234,2766
50,70,-0.2574800223006876,-0.03195881785679772,0,3000
50,71,-0.2735042735042735,2.0229601348607727e-4,0,3000
50,72,-0.288966403524876,-0.21587821090617318,338,2662
50,73,-0.24818874233698673,-0.13434112975773954,135,2865
50,74,-0.27137886833913194,-0.24865435362085367,924,2076
50,75,-0.2534793097049544,-0.22489577060463053,1178,1822
50,76,-0.2388499815702175,-0.16578483378330394,545,2455
50,77,-0.2624554346832435,-0.15606288967292012,282,2718
50,78,-0.26222263143356966,-0.18938512992590992,536,2464
50,79,-0.23257095618627713,-0.21209455860293377,963,2037
50,8,-0.24247965621285547,-0.014499133134254326,44,2956
50,80,-0.2428558216961065,-0.26353547788201276,1892,1108
50,81,-0.2647871752349364,-0.24156762452634833,1231,1769
50,82,-0.22807341141750442,-0.16854639414135383,463,2537
50,83,-0.25573530755872403,-0.2266644318343023,903,2097
50,84,-0.23967093235831813,-0.12593031902234691,160,2840
50,85,-0.2463324048282266,-0.1709341201524001,329,2671
50,86,-0.23560500695410289,-0.22209398430893654,1223,1777
50,87,-0.2545387180437199,-0.14953377624795555,218,2782
50,88,-0.2348751156336726,-0.14801632529801217,85,2915
50,89,-0.2435757244395845,-0.20281088681767193,782,2218
50,9,-0.2572171168662396,-0.20757451640809105,623,2377
50,90,-0.2541314726404701,-0.15560406607213634,381,2619
50,91,-0.2580084202818964,-0.044426281554748454,0,3000
50,92,-0.2574413015344797,-0.2315691401076788,984,2016
50,93,-0.24454108068097702,-0.11053567313036397,7,2993
50,94,-0.262698631395242,-0.2199796736084474,719,2281
50,95,-0.25157116451016637,-0.003079428381019164,0,3000
50,96,-0.2238984454052066,-0.0999823606863907,63,2937
50,97,-0.2453924595378427,-0.23404579454856814,1177,1823
50,98,-0.2444177892600111,-0.43159883121567244,1300,1700
50,99,-0.24247430249632895,-0.15601456798397947,199,2801
51,1,-0.2549986305121885,-0.1733411492798952,130,2870
51,10,-0.25548589341692785,-0.26302194796361406,1659,1341
51,100,-0.25807341981783055,-0.17307084359377808,309,2691
51,11,-0.23452620047471234,-0.18312697772005943,646,2354
51,12,-0.23921496019255695,-0.19065137753617523,576,2424
51,13,-0.3099614041536482,-0.3903459497613166,2627,373
51,14,-0.277325688921768,-0.17679022785957216,89,2911
51,15,-0.273714767300309,-0.1925955913985774,264,2736
51,16,-0.2359970126960418,-0.2507857784958796,1649,1351
51,17,-0.23278019838694722,-0.2620822972554866,1827,1173
51,18,-0.2657176749703441,-0.20897179091721543,372,2628
51,19,-0.23922354871047116,-0.17914370718438466,378,2622
51,2,-0.26110957769804033,-0.13510044513699915,5,2995
51,20,-0.2684186260949747,-0.25539952569641455,1166,1834
51,21,-0.26682670113562923,-0.16545845359501457,208,2792
51,22,-0.22480979773612905,-0.1660716530791708,338,2662
51,23,-0.29050382241871603,-0.2451046522826481,582,2418
51,24,-0.24159470880029385,-0.20996818703800738,694,2306
51,25,-0.23367760973810406,-0.2895661575357174,2464,536
51,26,-0.25566703827573384,-0.14002558061831613,29,2971
51,27,-0.28980156898938625,-0.2166782434102997,231,2769
51,28,-0.2545188972064999,-0.16016839830487425,150,2850
51,29,-0.2633965756594169,-0.19532928576463063,182,2818
51,3,-0.22215067611075343,-0.16639943904120405,494,2506
51,30,-0.24114191297962173,-0.1494292852521943,140,2860
51,31,-0.2740877598152424,-0.34344203070806095,2530,470
51,32,-0.210691823899371,-0.2595394462775517,1429,1571
51,33,-0.2518504811250925,-0.2447037074642018,1278,1722
51,34,-0.22505736576411192,-0.32083542299679807,2728,272
51,35,-0.2613138686131387,-0.2322511863341199,896,2104
51,36,-0.2456124145575466,-0.17382720902712945,268,2732
51,37,-0.2593723965565121,-0.3018392753356239,2209,791
51,38,-0.24134739959281876,-0.19237733902138832,620,2380
51,39,-0.2911961810336913,-0.41780793281521794,2620,380
51,4,-0.2527818991097924,-0.28524351734526604,1010,1990
51,40,-0.24986067248746047,-0.17483597093033518,270,2730
51,41,-0.24094269870609983,-0.17523245035214385,401,2599
51,42,-0.21404928282456784,-0.20438186787048734,1227,1773
51,43,-0.24569045412418913,-0.21124969053211615,712,2288
51,44,-0.2336766599227515,-0.16592152586009917,706,2294
51,45,-0.23882254929186336,-0.20638696266551582,714,2286
51,46,-0.2368372436726399,-0.1417805750594345,55,2945
51,47,-0.22801001019556963,-0.14354944935363637,284,2716
51,48,-0.27276088363064976,-0.5261136222502367,2619,381
51,49,-0.24068294474022395,-0.20867622151111714,658,2342
51,5,-0.279735074970104,-0.2375278255659951,622,2378
51,50,-0.20775623268698068,-0.2683853359970606,2460,540
51,51,-0.28595011005135734,-0.21354167854892775,209,2791
51,52,-0.25600220770858256,-0.19311606823465827,220,2780
51,53,-0.25564672259610954,-0.24055375237947785,765,2235
51,54,-0.2608695652173914,-0.23162248444916056,1006,1994
51,55,-0.24823345875011468,-0.2124333573721643,689,2311
51,56,-0.2550323176361958,-0.21797697592772386,719,2281
51,57,-0.241656651566978,-0.22101480573254897,994,2006
51,58,-0.22934524895130412,-0.22937105279017525,1276,1724
51,59,-0.2405098365198115,-0.12348320930957761,31,2969
51,6,-0.22094298245614039,-0.12477529784778817,40,2960
51,60,-0.2547019743613736,-0.181913809491672,401,2599
51,61,-0.2391485423415085,-0.1624749143211881,207,2793
51,62,-0.2640464987544976,-0.2010641236774418,346,2654
51,63,-0.2468700732634703,-0.15212921066991947,125,2875
51,64,-0.2719013627514601,-0.18955682045446554,216,2784
51,65,-0.2588832487309645,-0.38906134264779174,1230,1770
51,66,-0.2615145133229557,-0.1549058747241128,31,2969
51,67,-0.25451862781261536,-0.15194454350111558,154,2846
51,68,-0.26133949191685907,-0.22794531728308923,785,2215
51,69,-0.25404905136510864,-0.23296387270858368,942,2058
51,7,-0.22051800146950765,-0.1943309103217833,841,2159
51,70,-0.26344433170371734,-0.36162125855885724,1533,1467
51,71,-0.24294670846394978,-0.2333826669378621,1288,1712
51,72,-0.2482355126300149,-0.14112105234916372,29,2971
51,73,-0.24360018091361377,-0.22331368084222875,942,2058
51,74,-0.24831657596162718,-0.30761594194367364,2271,729
51,75,-0.2571692876965773,-0.25348943673920366,1308,1692
51,76,-0.2690574712643678,-0.13732277628665857,107,2893
51,77,-0.27719558564406943,-0.28711234027857124,1841,1159
51,78,-0.25215217995001393,-0.15654445472275177,47,2953
51,79,-0.2443890274314214,-0.2825304906313628,2369,631
51,8,-0.2643039358600583,-0.1861552597353073,173,2827
51,80,-0.28080176535490986,-0.250329431753289,791,2209
51,81,-0.22540300166759308,-0.12108823438667726,71,2929
51,82,-0.247244094488189,-0.2147765262868127,706,2294
51,83,-0.2804387568555759,-0.1724271470365057,101,2899
51,84,-0.28701155751238305,-0.24816342929503324,997,2003
51,85,-0.2572975950064256,-0.14178883492647754,31,2969
51,86,-0.23445595854922285,-0.22159603666421332,1352,1648
51,87,-0.25676172953081877,-0.1911123211543423,377,2623
51,88,-0.21380331205476924,-0.16619042892807373,402,2598
51,89,-0.26348356113779087,-0.23571568740780738,1511,1489
51,9,-0.23838608180640386,-0.23016924943865782,1193,1807
51,90,-0.23303209147915901,-0.2060341920623796,804,2196
51,91,-0.23660215854112393,-0.1720085571465492,346,2654
51,92,-0.2726101757291379,-0.18677219171593865,286,2714
51,93,-0.24161012286814607,-0.17576332035439432,497,2503
51,94,-0.28413589908848175,-0.09982521649641603,0,3000
51,95,-0.23514851485148514,-0.28018828314027433,2420,580
51,96,-0.21610525333582153,-0.15149666043046744,510,2490
51,97,-0.2892961342086068,-0.3036143461108082,1749,1251
51,98,-0.24031577014870564,-0.16030506299697442,172,2828
51,99,-0.27021787296898075,-0.17062218182810512,69,2931
52,1,-0.2703455964325529,-0.4167612801490102,1961,1039
52,10,-0.24999999999999994,-0.2040958258328677,305,2695
52,100,-0.2266642045979135,-0.21987896491425898,1304,1696
52,11,-0.23990804597701146,-0.17818833065882986,162,2838
52,12,-0.23804277976682264,-0.13735146770812734,50,2950
52,13,-0.27214200312701176,-0.3165195271902552,1120,1880
52,14,-0.26335982460948215,-0.24745045459599635,1056,1944
52,15,-0.25603998889197455,-0.254429290630969,1288,1712
52,16,-0.24442005122575924,-0.1677464493378771,59,2941
52,17,-0.2475319926873858,-0.34088926198548875,1261,1739
52,18,-0.24647432943128397,-0.2668464981274947,1946,1054
52,19,-0.2283362619069638,-0.17584567909228774,269,2731
52,2,-0.26507141532183265,-0.14103826568857092,14,2986
52,20,-0.23781212841854943,-0.17101088925278587,277,2723
52,21,-0.27279425308528277,-0.24311140947133572,690,2310
52,22,-0.26285186894323953,-0.18872593618913713,985,2015
52,23,-0.2438211607886699,-0.17115437869799974,129,2871
52,24,-0.2092000366535325,-0.3357708270286409,2250,750
52,25,-0.2516800147288963,-0.1729190702739714,219,2781
52,26,-0.24033938946785952,-0.1322389357482618,15,2985
52,27,-0.25285329869165823,-0.2354372706872731,949,2051
52,28,-0.2381654079941058,-0.18558951892604114,417,2583
52,29,-0.2113197077591787,-0.11432029631819664,74,2926
52,3,-0.2570631970260223,-0.2683093482703039,1692,1308
52,30,-0.2283669486011711,-0.24529891175434923,1759,1241
52,31,-0.2750092626898852,-0.46947605207682513,2009,991
52,32,-0.25624770305034916,-0.22130130711878393,707,2293
52,33,-0.2603495860165594,-0.34983513283849776,1368,1632
52,34,-0.26061159287996344,-0.18432493811301537,77,2923
52,35,-0.2672929906972461,-0.2141106845857465,738,2262
52,36,-0.28587176189601315,-0.2102502126959711,30,2970
52,37,-0.24304525222551937,-0.23009338085789244,1212,1788
52,38,-0.26043956043956035,-0.10760065429870337,35,2965
52,39,-0.2288010345464622,-0.13889801022165824,121,2879
52,4,-0.23886750962067063,-0.18896211016842704,289,2711
52,40,-0.26411791801013357,-0.19585059283262307,102,2898
52,41,-0.2547405420405144,-0.2303256489384191,675,2325
52,42,-0.26153140761118754,-0.16191748634869435,56,2944
52,43,-0.23908794788273616,-0.18417282209168964,1194,1806
52,44,-0.2782384374424175,-0.3647799640094627,1151,1849
52,45,-0.21428571428571427,-0.25110490130989277,2031,969
52,46,-0.2668082748429996,-0.1826070385438259,66,2934
52,47,-0.2088167053364269,-0.23233657050219014,2254,746
52,48,-0.22930054950172296,-0.17025121545509708,544,2456
52,49,-0.26885667094879795,-0.26992917917654274,1374,1626
52,5,-0.2598016498285291,-0.22272703148754816,368,2632
52,50,-0.2636998896653181,-0.23600215424892373,951,2049
52,51,-0.24838172739041986,-0.1431328773909259,254,2746
52,52,-0.2718224981738495,-0.2244961142872658,319,2681
52,53,-0.25852272727272735,-0.14538885690301756,0,3000
52,54,-0.265240247164069,-0.1870154621798075,168,2832
52,55,-0.24308208329451222,-0.12634809457802265,20,2980
52,56,-0.258855331841909,-0.1169534265015003,6,2994
52,57,-0.24063679028250662,-0.18749875707690639,242,2758
52,58,-0.23100331980818894,-0.11779319858429715,1,2999
52,59,-0.23334254907381816,-0.13059464823700065,25,2975
52,6,-0.2358211712543875,-0.2087392379436294,879,2121
52,60,-0.2494942063638035,-0.1722667344472323,166,2834
52,61,-0.2549582947173309,-0.15506385608508685,159,2841
52,62,-0.2872360133382735,-0.29392565149175726,1494,1506
52,63,-0.24844947099598683,-0.15558156583887095,61,2939
52,64,-0.2646079881656805,-0.187791577907571,276,2724
52,65,-0.22651162790697685,-0.24581422229482763,1726,1274
52,66,-0.24508638815248202,-0.23893769658547562,1364,1636
52,67,-0.23762010347376206,-0.25943045255404595,1836,1164
52,68,-0.21158943423818655,-0.12259649565332334,12,2988
52,69,-0.2463353922743615,-0.2022430163316087,442,2558
52,7,-0.20794196968287917,-0.09495310255454563,29,2971
52,70,-0.24475978482656283,-0.22527401188075727,1147,1853
52,71,-0.2144954128440366,-0.16071065562239803,549,2451
52,72,-0.23218412052869944,-0.18386918833843421,280,2720
52,73,-0.2495090245955298,-0.16627087053597225,2,2998
52,74,-0.24601511977411428,-0.13730313131213398,343,2657
52,75,-0.241214351425943,-0.2219835576401974,901,2099
52,76,-0.25034965034965034,-0.24867708296942365,1464,1536
52,77,-0.2507122507122507,-0.48445991103305763,2265,735
52,78,-0.24364001094191676,-0.15269168005541597,836,2164
52,79,-0.23802092895171645,-0.257824547381134,1057,1943
52,8,-0.2772923756093074,-0.2331457791299682,1000,2000
52,80,-0.2724329324699353,-0.19059735951216633,71,2929
52,81,-0.2191717507857275,-0.17405259655474953,416,2584
52,82,-0.2170036764705882,-0.20430624509260553,970,2030
52,83,-0.2682611506140918,-0.22484462438924302,488,2512
52,84,-0.25702959343597304,-0.19839417122698785,395,2605
52,85,-0.23554603854389725,-0.22216173616885906,979,2021
52,86,-0.2590142551010901,-0.3576649938634762,2399,601
52,87,-0.26889052709178035,-0.17753954648666395,85,2915
52,88,-0.24349903519250204,-0.2514845901574749,1006,1994
52,89,-0.23773654234796984,-0.19163331470692535,707,2293
52,9,-0.2351039260969976,-0.1967648493457702,793,2207
52,90,-0.2282708142726441,-0.1748107445018653,300,2700
52,91,-0.2437005701673717,-0.1497923506568097,136,2864
52,92,-0.2678455095393206,-0.2244402836183389,945,2055
52,93,-0.25105292071049257,-0.12574035839548628,3,2997
52,94,-0.2457416444157996,-0.18946340258553968,344,2656
52,95,-0.25219805645534465,-0.12588905953615528,3,2997
52,96,-0.26780784097183874,-0.30027175365236564,1146,1854
52,97,-0.2517880066018706,-0.26257264157131277,1736,1264
52,98,-0.23461643960866782,-0.1460248619782702,462,2538
52,99,-0.2397096655641309,-0.32096184744457396,2825,175
53,1,-0.256007393715342,-0.19749216198263422,310,2690
53,10,-0.2020509977827051,-0.3761931850365165,1766,1234
53,100,-0.29058171745152356,-0.2814967441803555,1233,1767
53,11,-0.2515229832010338,-0.15806396396662054,98,2902
53,12,-0.24090153334564932,-0.22444816867745002,982,2018
53,13,-0.2528905744149478,-0.1876687743824985,58,2942
53,14,-0.2701091442722186,-0.32189035676892114,1754,1246
53,15,-0.242859758330282,-0.25834158309566235,1214,1786
53,16,-0.2394275754517934,-0.2162145121291914,835,2165
53,17,-0.2148257422091093,-0.1926993583098557,885,2115
53,18,-0.2486626083748386,-0.20034940500483092,203,2797
53,19,-0.2600221688527618,-0.31256101543379766,1096,1904
53,2,-0.2575043871801976,-0.24633570609132102,1226,1774
53,20,-0.24995408631772267,-0.3078605231529071,1000,2000
53,21,-0.2143919672740796,-0.20121742983311666,988,2012
53,22,-0.26089369969469894,-0.21266998820943797,505,2495
53,23,-0.2573874620270644,-0.126923155569612,0,3000
53,24,-0.2617961842717543,-0.19765229702197207,331,2669
53,25,-0.21773970710140927,-0.10979346948656735,186,2814
53,26,-0.29582560296846006,-0.2588104471807253,425,2575
53,27,-0.2745582715371235,-0.2756489349820222,1295,1705
53,28,-0.2806824435883324,-0.24161872890967212,705,2295
53,29,-0.2667888227210261,-0.20188458315146934,222,2778
53,3,-0.24026390543388632,-0.10440024364654894,3,2997
53,30,-0.25759662168364994,-0.28642916042741656,1613,1387
53,31,-0.2317612380250553,-0.22401474496099863,1299,1701
53,32,-0.2204652018019675,-0.14064592134958961,98,2902
53,33,-0.2519394163280384,-0.20086283188029955,95,2905
53,34,-0.21609386548410947,-0.2945839778833254,1873,1127
53,35,-0.24222691002476382,-0.27852554399034624,1886,1114
53,36,-0.2566445182724253,-0.23713160964579533,1068,1932
53,37,-0.271780215727851,-0.2381165526337078,980,2020
53,38,-0.259334378169079,-0.17226349055762885,486,2514
53,39,-0.28410663222949906,-0.13328287588366364,0,3000
53,4,-0.24477199447259326,-0.22139460569779237,1021,1979
53,40,-0.23961953539418318,-0.09762593114476059,0,3000
53,41,-0.24747334260547052,-0.15673902289256458,25,2975
53,42,-0.24206056129985226,-0.32719699942410796,1009,1991
53,43,-0.26184955013449585,-0.14790429813530212,38,2962
53,44,-0.2552223563271747,-0.21109561081817135,362,2638
53,45,-0.2537736712103193,-0.36562134565262056,1226,1774
53,46,-0.2516429353778751,-0.1775921874153936,14,2986
53,47,-0.2537561065535994,-0.5071701823319621,2615,385
53,48,-0.2791322888662279,-0.17670702396292282,0,3000
53,49,-0.25736919675755343,-0.18956024444162245,498,2502
53,5,-0.22231559290382816,-0.20710193609846236,1192,1808
53,50,-0.24546375610205398,-0.17948042337373032,74,2926
53,51,-0.23770643904249386,-0.20188751523524973,1373,1627
53,52,-0.25511898173768677,-0.172645375404121,0,3000
53,53,-0.2545571717915669,-0.22384735834668554,715,2285
53,54,-0.24564300128416805,-0.32100278244072294,1983,1017
53,55,-0.25041216339989014,-0.3622316612957051,1286,1714
53,56,-0.24117053481331985,-0.23919604365314617,1251,1749
53,57,-0.21948302824027235,-0.15464739440776432,34,2966
53,58,-0.25968672712283597,-0.1658923470467916,37,2963
53,59,-0.2542030316949932,-0.17151268971547798,652,2348
53,6,-0.24923900009224242,-0.19540573626603322,256,2744
53,60,-0.23195876288659797,-0.22154748715785771,1142,1858
53,61,-0.20923048118329904,-0.19422371518367731,1207,1793
53,62,-0.2512319851231985,-0.21326120912959648,417,2583
53,63,-0.21798063623789768,-0.14376026109170406,322,2678
53,64,-0.25062286610685613,-0.14528030441004477,536,2464
53,65,-0.24650560029621404,-0.4102904917044994,2048,952
53,66,-0.24869325997248976,-0.25721923857968554,1706,1294
53,67,-0.213152343391727,-0.21420115799337736,1013,1987
53,68,-0.2475687691025285,-0.20474071417711862,326,2674
53,69,-0.2755224155389855,-0.1949848854693347,1,2999
53,7,-0.26743436204514054,-0.18476848164717805,72,2928
53,70,-0.2356470371054089,-0.21483663723960797,884,2116
53,71,-0.28730899441851954,-0.14917051355363595,20,2980
53,72,-0.22517959108491437,-0.1281006094958006,48,2952
53,73,-0.2623283251912619,-0.1573480293782232,28,2972
53,74,-0.237385961645876,-0.4041685950375347,1140,1860
53,75,-0.231832326560498,-0.19626842681604437,930,2070
53,76,-0.2085189309576838,-0.36245926494006897,2174,826
53,77,-0.27951918631530287,-0.2020929028131501,71,2929
53,78,-0.21658050221565725,-0.1952315445046328,879,2121
53,79,-0.22209903917221002,-0.16235281871509852,1140,1860
53,8,-0.2614894016132057,-0.2084981740062399,529,2471
53,80,-0.2563557363409449,-0.19822886437789713,126,2874
53,81,-0.24457321559970577,-0.17212695067113354,187,2813
53,82,-0.2173832980388546,-0.1625174937833605,308,2692
53,83,-0.23201639955273942,-0.19729561661154651,655,2345
53,84,-0.29598463367785616,-0.23512796854857212,639,2361
53,85,-0.23563968668407306,-0.22943403508170465,1167,1833
53,86,-0.2263695450324978,-0.19743924880301483,561,2439
53,87,-0.2909689816085644,-0.24518189361953088,312,2688
53,88,-0.23358331809036031,-0.21368135519330836,852,2148
53,89,-0.222613204926382,-0.16517741795611937,334,2666
53,9,-0.2680125949249861,-0.1988764221707575,197,2803
53,90,-0.24835936777890746,-0.1458361019486854,37,2963
53,91,-0.2696073945273176,-0.1880867012231662,113,2887
53,92,-0.2799632352941176,-0.3124143368141075,1664,1336
53,93,-0.2663949610967025,-0.48373466715726604,2056,944
53,94,-0.26375137513751373,-0.18557521294839824,16,2984
53,95,-0.23917449788096554,-0.18168486119624352,386,2614
53,96,-0.27473838810354323,-0.17694161167116074,215,2785
53,97,-0.24344292574806053,-0.24677089382807893,1200,1800
53,98,-0.2554531349822031,-0.19954420190928018,182,2818
53,99,-0.24434100036509673,-0.1550123135270763,0,3000
54,1,-0.18681015452538643,-0.2073065194750222,2293,707
54,2,-0.22362555720653793,-0.35726339412400054,1335,1665
54,3,-0.2600477151770968,-0.23597503306700998,596,2404
54,4,-0.22822299651567954,-0.18446217015591582,461,2539
54,46,-0.248093023255814,-0.3113948975449704,2000,1000
54,47,-0.2771161014637694,-0.22164938113239466,1422,1578
54,48,-0.23394923478910046,-0.38918987925114085,1000,2000
54,49,-0.24976666044427853,-0.22640953885382212,572,2428
54,50,-0.21928518242740128,-0.43870355253524423,2198,802
54,51,-0.26784222737819025,-0.28198443201448153,1000,2000
54,52,-0.2615554940492665,-0.23435170985751194,666,2334
54,53,-0.2523796321966546,-0.16183505721008792,259,2741
54,54,-0.24872531751181973,-0.275233898680934,1977,1023
54,55,-0.24612529002320188,-0.1515684755938993,0,3000
54,56,-0.26478149100257076,-0.34797028481936565,1000,2000
54,57,-0.23253023169943682,-0.3305795544656436,1153,1847
54,58,-0.2364622598142871,-0.2142739121227017,863,2137
54,59,-0.24951429364418545,-0.2496846941507468,1004,1996
54,6,-0.24372925119881966,-0.17984079318473856,284,2716
54,60,-0.2752139933010793,-0.21781576045775888,132,2868
54,61,-0.2583648262512674,-0.2668585557216748,989,2011
54,62,-0.2279826263746419,-0.23750624987834218,1064,1936
54,63,-0.249275091198204,-0.4691858742159444,2000,1000
54,64,-0.24933759707629052,-0.22116153103052202,997,2003
54,65,-0.2616091954022989,-0.24464722656796314,770,2230
54,66,-0.2959860062603572,-0.18505292066396592,0,3000
54,67,-0.21492537313432833,-0.23688430902660207,1028,1972
54,68,-0.21099637175551214,-0.2034659413534498,1106,1894
54,69,-0.22681367553043633,-0.38027199684395907,2042,958
54,7,-0.24819848581592627,-0.16273841783278,32,2968
54,70,-0.22936035701004098,-0.1593604617271179,624,2376
54,71,-0.29936010386719847,-0.2199474949926403,3,2997
54,72,-0.2604774052478134,-0.43630771860168105,2582,418
54,73,-0.26525778830388047,-0.17961748183723744,0,3000
54,74,-0.2579430670339762,-0.1288009378299715,0,3000
54,75,-0.24733376611332658,-0.192379428550045,98,2902
54,76,-0.2575103353238402,-0.11593334969246773,0,3000
54,77,-0.2803058216654385,-0.2331971433500864,549,2451
54,78,-0.2539741219963031,-0.32184585835983204,1259,1741
54,79,-0.21418034298358837,-0.13187907618573672,964,2036
54,80,-0.24533185431687934,-0.15964187225957827,51,2949
54,81,-0.2683954916155045,-0.39609960646458786,1000,2000
54,82,-0.24103640178815797,-0.19325222761317998,165,2835
54,83,-0.2336345196385764,-0.14071072741378993,11,2989
54,84,-0.25982795301082234,-0.21836138395233587,386,2614
54,85,-0.262677956639062,-0.23221704375387764,364,2636
54,86,-0.24857248111991168,-0.14987662736633123,0,3000
54,87,-0.2544389699730408,-0.18822296603224287,7,2993
54,88,-0.2381391064025794,-0.19133740092010362,233,2767
54,89,-0.2535042419771303,-0.16979225390209002,22,2978
54,90,-0.2534626038781164,-0.19159543298664203,32,2968
55,1,-0.20432418763434063,-0.03358864981669991,455,2545
55,10,-0.22202620967741937,0.04315682176956971,0,3000
55,100,-0.24133993148077645,0.026182742585779257,0,3000
55,11,-0.24702456318055202,-0.4323545459726169,2832,168
55,12,-0.24928580300583783,-0.05952395461533885,233,2767
55,13,-0.25422244463905913,-0.08577176932895438,498,2502
55,14,-0.2335477486392874,0.14899836871487726,319,2681
55,15,-0.24426249844932393,0.06020073914532009,24,2976
55,16,-0.2405977584059775,-0.27188791275771623,1733,1267
55,17,-0.2969779878124611,0.07099364905452618,0,3000
55,18,-0.260952380952381,0.019398535119609202,23,2977
55,19,-0.28159839659275965,-0.3599980531493437,2174,826
55,2,-0.2418243327903772,0.19775529014461038,109,2891
55,20,-0.26226039332835444,-0.38601583863466155,2490,510
55,21,-0.2286532237988549,-0.9997835703835047,3000,0
55,22,-0.2660147925285195,-0.12522216966980257,303,2697
55,23,-0.23871451794422915,0.06639116331017952,2,2998
55,24,-0.2374245472837021,-0.2819970908425614,1763,1237
55,25,-0.30306841046277666,-0.0059212845792585515,33,2967
55,26,-0.2283150548354935,0.20965663044082836,243,2757
55,27,-0.25145459144953197,-0.33452721802411595,2087,913
55,28,-0.2544200626959249,0.1447745590894662,6,2994
55,29,-0.283756851021425,-0.02812906355124709,104,2896
55,3,-0.2576489533011273,-0.6064434876680804,2897,103
55,30,-0.2588001983143282,0.09561954691441359,0,3000
55,31,-0.27081256231306083,-0.45265434055161535,2193,807
55,32,-0.23909205548549817,-0.41465347415158044,2258,742
55,33,-0.26120536844770825,-0.3363041545436116,1972,1028
55,34,-0.2630988023952095,-0.13407209151108637,793,2207
55,35,-0.26623867069486407,-0.777998859629112,2942,58
55,36,-0.2194936708860759,-0.09310007409365713,782,2218
55,37,-0.23786773950213733,-0.28264638809418186,1720,1280
55,38,-0.28626764963138823,0.11881202234318605,0,3000
55,39,-0.2756134581330635,-0.4103442612799591,1772,1228
55,4,-0.2285141568529191,0.04485558646385443,27,2973
55,40,-0.234484516375685,0.06799937688375263,20,2980
55,41,-0.22626262626262625,0.07999842513448484,156,2844
55,42,-0.23832365564251454,-0.2336583100805961,1435,1565
55,43,-0.1850369072938821,0.06255346947367571,2,2998
55,44,-0.29046841642597004,-0.11707193002236481,233,2767
55,45,-0.27907269749275554,-0.0713639669732173,87,2913
55,46,-0.2622421078796918,-0.32850680770783564,1929,1071
55,47,-0.23533853511200603,0.11568367285759093,0,3000
55,48,-0.21731403909621724,-0.24576423985481283,1712,1288
55,49,-0.23619047619047617,0.0661048304389581,0,3000
55,5,-0.26333626208108446,-0.21660146296973948,836,2164
55,50,-0.24721212880591406,0.1329632078520312,11,2989
55,51,-0.22239166348964298,0.1888244472890125,0,3000
55,52,-0.3108226188990138,-0.26601678541440615,1137,1863
55,53,-0.2858915498200769,-0.5149279216961288,2959,41
55,54,-0.25697689102159355,-0.07441204251568366,425,2575
55,55,-0.2925721301411908,-0.026969727927853644,248,2752
55,56,-0.23369907932904527,-0.0676367673149358,708,2292
55,57,-0.2661762872459793,-0.2660269625859603,1602,1398
55,58,-0.2247091552857865,-0.22049794290718738,1296,1704
55,59,-0.25280120861135585,-0.20584772048485456,1169,1831
55,6,-0.22790988735919893,-0.1370515949417741,967,2033
55,60,-0.22260101010101013,0.022651913672122805,322,2678
55,61,-0.28774783934926285,-0.19973689077612122,907,2093
55,62,-0.2636486320696847,0.05816103878085778,1,2999
55,63,-0.28211586901763225,-0.2958634757010769,1653,1347
55,64,-0.2608259068658215,0.03360188511785949,0,3000
55,65,-0.250344914085037,-0.2385364997216957,1437,1563
55,66,-0.25538806527968105,0.06134610797282066,234,2766
55,67,-0.22775622575397325,0.11898474798473953,61,2939
55,68,-0.2659811694747274,-0.27623295101451983,1496,1504
55,69,-0.22430373423254654,-0.5740813544588498,2783,217
55,7,-0.23892788768347167,0.06429405203368527,0,3000
55,70,-0.22948974487243617,0.09953156906946026,0,3000
55,71,-0.22182514358647096,-0.22399754130519298,1569,1431
55,72,-0.282727852135118,0.2439571892312276,82,2918
55,73,-0.29425777331995984,-0.10506531323676496,415,2585
55,74,-0.2582117945466075,-0.05696276326498389,41,2959
55,75,-0.21729323308270676,-0.6716170759137827,2910,90
55,76,-0.32359974826935173,-0.3374017240690759,1597,1403
55,77,-0.23847695390781562,0.36752570634313647,8,2992
55,78,-0.22717065868263467,0.06593277672733548,96,2904
55,79,-0.23695542046605877,-0.37860202231181894,2413,587
55,8,-0.24291703722525732,0.037315990167258235,0,3000
55,80,-0.23769553605494093,0.07753764545033766,3,2997
55,81,-0.22688863665027115,-0.01655151367288185,234,2766
55,82,-0.2370640815812665,0.1088679062063907,0,3000
55,83,-0.22765876536950186,-0.33270272887945856,2382,618
55,84,-0.25550606285572885,0.21197189119707402,0,3000
55,85,-0.25890170511534594,-0.40879391602776405,1821,1179
55,86,-0.28508440413202313,-0.268990473922116,1313,1687
55,87,-0.26971569839307785,-0.446554197553348,2002,998
55,88,-0.2482715273412948,0.06410636203262307,0,3000
55,89,-0.25275689223057646,-0.04011491875666509,77,2923
55,9,-0.264429698259672,0.11337468611651366,1101,1899
55,90,-0.24865136118429304,-0.5866012439398973,2987,13
55,91,-0.21882919412062846,-0.4607815238326691,2663,337
55,92,-0.25647441511322405,-0.4000660880257522,2622,378
55,93,-0.27393113885735904,0.06187740528022014,0,3000
55,94,-0.278752682742078,-0.45506184157988816,2551,449
55,95,-0.2559606408477357,0.0556219825299809,0,3000
55,96,-0.26230119284294234,-0.28366907877429576,1706,1294
55,97,-0.2371981287141231,-0.3507281011495775,2590,410
55,98,-0.30200250312891114,-0.018550051601362215,235,2765
55,99,-0.26580206497104003,0.0031021795876040345,614,2386
56,1,-0.22868217054263562,-0.32513502939230216,1953,1047
56,10,-0.24032196243771561,-0.17513879155388362,730,2270
56,100,-0.2620500685016814,-0.207005500602786,682,2318
56,11,-0.23949367088607598,-0.06889562626022719,79,2921
56,12,-0.26546040401536747,-0.4654295411031629,2938,62
56,13,-0.23566798017033166,-0.00948800114769245,93,2907
56,14,-0.2281547241597971,-0.36656642239379106,2766,234
56,15,-0.22143129528409802,0.03692295811764095,0,3000
56,16,-0.2750407421336342,-0.36962094296345127,2528,472
56,17,-0.27825106489601603,-0.011611354055063455,165,2835
56,18,-0.277099332745814,-0.07702853119980838,181,2819
56,19,-0.2360676268002505,0.13120856724061775,0,3000
56,2,-0.2572614107883817,-0.25553763650181155,1501,1499
56,20,-0.2327180140038193,-0.29093362875960943,1490,1510
56,21,-0.24626865671641798,0.0019967949957934274,73,2927
56,22,-0.29121433981317846,-0.282309820654309,1297,1703
56,23,-0.26582908321930593,-0.0055519110005154675,174,2826
56,24,-0.2617221873035826,-0.1261645703660627,425,2575
56,25,-0.2560248447204968,-0.3546777583045541,2394,606
56,26,-0.22862571247625077,-0.44596365306749514,2826,174
56,27,-0.23249936820823855,-0.17853989053365468,828,2172
56,28,-0.25666834423754403,-0.02765909563869765,135,2865
56,29,-0.2270555695247674,0.0756122986123752,8,2992
56,3,-0.2353832554615482,-0.5756997395228489,2638,362
56,30,-0.2363636363636363,-0.4329971057125106,1907,1093
56,31,-0.26821724607200303,-0.1349056819490911,405,2595
56,32,-0.252906613326666,-0.5018835825763526,2376,624
56,33,-0.19672745440919312,0.03604029677126253,0,3000
56,34,-0.25618286285286024,-0.04713984319830464,27,2973
56,35,-0.20720493764957798,0.1991574739974048,15,2985
56,36,-0.23565676899849028,-0.4770008609416961,2926,74
56,37,-0.2175832492431886,-0.3156788020592809,2343,657
56,38,-0.23604346197077555,0.03665893802189225,1,2999
56,39,-0.26976395653802926,-0.06330935316852435,66,2934
56,4,-0.26631459826480575,-0.1777235897772208,701,2299
56,40,-0.25799974902748146,-0.09631429463668414,221,2779
56,41,-0.2727045596502186,-0.41321957406416193,1853,1147
56,42,-0.23585617299471973,-0.07741169211860979,137,2863
56,43,-0.217147231436591,-0.33563553940889346,2255,745
56,44,-0.2055583375062595,-0.11850652590832096,630,2370
56,45,-0.24510903426791283,-0.19120023249762794,829,2171
56,46,-0.25801987671405213,-0.15056780640003464,990,2010
56,47,-0.28782195548887224,-0.2872911984978253,1568,1432
56,48,-0.20651903458571785,-0.09432728557700695,278,2722
56,49,-0.24722782258064516,0.12417101955471822,0,3000
56,5,-0.24852526288791996,0.058928905712239285,0,3000
56,50,-0.27743526510480887,-0.6573104266981162,2934,66
56,51,-0.25727430987316596,-0.20845230869422096,803,2197
56,52,-0.22513952308472857,0.013003086936691175,37,2963
56,53,-0.2304002019946976,-0.017295200141461686,25,2975
56,54,-0.26519823788546254,0.12194366175162633,1,2999
56,55,-0.26950894556528354,-0.009378267425055889,163,2837
56,56,-0.25792705852863756,0.02727744247688684,0,3000
56,57,-0.19547938400397413,0.10707217537792843,4,2996
56,58,-0.2412706416235976,0.08047430105494673,0,3000
56,59,-0.23135635635635643,-0.1529054208796314,826,2174
56,6,-0.22394168052180596,-0.40957513912561344,2654,346
56,60,-0.2832036153653025,-0.27649354082252814,1263,1737
56,61,-0.25481129717570616,-0.4567892532544409,2906,94
56,62,-0.2738861542345072,-0.1436859210764617,269,2731
56,63,-0.274770815019465,-0.332537649371475,1727,1273
56,64,-0.24534279558991248,-0.24895407366251285,1501,1499
56,65,-0.2704785581106277,-0.07217423663453329,123,2877
56,66,-0.23585737684263583,0.08320642869082918,0,3000
56,67,-0.28465688119432947,-0.3968556155985883,2411,589
56,68,-0.24646388784578785,-0.36141659889516653,1969,1031
56,69,-0.27120774161115996,-0.19479354697920032,712,2288
56,7,-0.26891178688112594,-0.23232890640763515,876,2124
56,70,-0.23384691848906553,-0.2123738270824529,1152,1848
56,71,-0.2655819774718398,-0.2909221759698997,1725,1275
56,72,-0.2343096234309623,-0.8017910478778107,2997,3
56,73,-0.24776341948310146,-0.32905741793106913,1905,1095
56,74,-0.2640343131071024,-0.16974937946327404,403,2597
56,75,-0.2286528690048334,-0.21908042839434644,1066,1934
56,76,-0.24501640171587183,-0.26856408174759855,1803,1197
56,77,-0.269825311046877,0.02422106655022627,46,2954
56,78,-0.25142278993297085,-0.2891906373150701,1675,1325
56,79,-0.25702406450800047,-0.10722344605521351,345,2655
56,8,-0.2555611729019211,-0.17290657290072345,704,2296
56,80,-0.26245970741383595,-0.6972614994591754,2848,152
56,81,-0.2653807362581947,-0.06758242607501272,125,2875
56,82,-0.2751151500062242,-0.17796527795605108,520,2480
56,83,-0.2634828629032258,-0.32276099631206473,1724,1276
56,84,-0.2546111665004985,-0.33927924666639053,2232,768
56,85,-0.23892027620841186,0.05707589695264023,0,3000
56,86,-0.24276141105070168,-0.04679918544903131,159,2841
56,87,-0.2398873527905786,-0.2602330314338455,1539,1461
56,88,-0.27298743312181156,-0.047539431344024795,223,2777
56,89,-0.25396825396825395,0.06556106857239909,94,2906
56,9,-0.24358648717297438,-0.2411858573865001,940,2060
56,90,-0.2573871495033321,-0.21028204900854078,882,2118
56,91,-0.21661054994388337,-0.018942161278979984,319,2681
56,92,-0.27074898785425094,-0.3620192702613612,2437,563
56,93,-0.2714196372732958,-0.09227494771204381,314,2686
56,94,-0.26833879505923874,-0.1519752073473977,485,2515
56,95,-0.2192883188733811,-0.1862343448907132,1025,1975
56,96,-0.2796695042563846,-0.2202804020837501,656,2344
56,97,-0.27422602567329474,-0.1736239499763494,492,2508
56,98,-0.23022476095864897,-0.5336689014894574,3000,0
56,99,-0.2315080454035175,0.06768439238012895,258,2742
57,1,-0.28152753108348133,-0.3083966500489125,1836,1164
57,10,-0.284019975031211,-0.34076515428075915,2089,911
57,100,-0.2574744543963669,-0.14402401971673343,223,2777
57,11,-0.2670091467234682,-0.23934529444381078,1161,1839
57,12,-0.253566958698373,-0.24951340379175718,1245,1755
57,13,-0.30883628702441446,-0.31247290718406084,1346,1654
57,14,-0.22506265664160402,-0.1406215748164226,376,2624
57,15,-0.24980969297132707,-0.15583675320027945,425,2575
57,16,-0.2471826625386997,0.08346441860642922,0,3000
57,17,-0.23346979282967367,-0.11039425771294847,180,2820
57,18,-0.26980352897009136,-0.36730506111365463,2650,350
57,19,-0.27093718843469583,-0.30291897520304717,1748,1252
57,2,-0.23630613535736866,0.08806706361503576,6,2994
57,20,-0.2541540785498489,-0.1087047464666296,82,2918
57,21,-0.22888214466363166,-0.2878538089977478,1602,1398
57,22,-0.27591806145390957,-0.38014896901475076,2623,377
57,23,-0.24257549288744693,-0.3294365009388919,2149,851
57,24,-0.25508703113508213,-0.14883294778001924,367,2633
57,25,-0.2911844373307067,-0.2400539372989806,755,2245
57,26,-0.25909716143553824,-0.24511688219492708,1183,1817
57,27,-0.24877865464111237,-0.27584940245449363,1840,1160
57,28,-0.2710456776141941,-0.5675069142215828,2083,917
57,29,-0.2555220883534138,-0.007281576676896923,132,2868
57,3,-0.2606676706827309,-0.30033406581875355,2063,937
57,30,-0.22460838807478523,-0.14718424439938146,484,2516
57,31,-0.2518740629685157,-0.3359303949481844,2336,664
57,32,-0.24930502906242105,-0.41197006591497565,1431,1569
57,33,-0.236265120967742,-0.3051338733034314,2296,704
57,34,-0.26083678854127396,-0.2837363686914151,1757,1243
57,35,-0.23588709677419348,-0.24375954401367259,1033,1967
57,36,-0.2713197969543148,-0.13090708934211182,550,2450
57,37,-0.22533775172062206,-0.26162246764225544,1929,1071
57,38,-0.24651513248775592,-0.0400635999411148,1,2999
57,39,-0.25518200202224467,-0.23691911822645606,1154,1846
57,4,-0.24324665488512998,-0.02279508610800622,2,2998
57,40,-0.2536446750679517,-0.23863892706140535,1008,1992
57,41,-0.22843852149861707,-0.1976324970681388,896,2104
57,42,-0.23936891408849995,0.10395278246010874,1,2999
57,43,-0.24946801852547243,-0.19383937475523977,724,2276
57,44,-0.2134603174603175,-0.13155134314849753,712,2288
57,45,-0.27698599578634286,-0.27175225331292285,1309,1691
57,46,-0.24008588027279618,-0.06847236302145922,187,2813
57,47,-0.23586695333249025,-0.38860568383744226,2287,713
57,48,-0.2797202797202797,-0.2359035192510776,1036,1964
57,49,-0.2975735928069959,-0.16143820818741694,340,2660
57,5,-0.26630227532731654,-0.34520863380548067,2399,601
57,50,-0.22215181852743626,0.023139014978125347,0,3000
57,51,-0.251702395964691,-0.21084071608265703,904,2096
57,52,-0.26666666666666655,0.05397836468871696,0,3000
57,53,-0.24908701674852043,-0.16903996417996947,595,2405
57,54,-0.26149208741522223,-0.325898770080361,2479,521
57,55,-0.2844337836131801,-0.19373924989855879,728,2272
57,56,-0.2506683640992998,0.02159202161051078,13,2987
57,57,-0.25038461538461543,-0.26920467413331556,1669,1331
57,58,-0.2226049240974614,-0.06355479194702389,50,2950
57,59,-0.2501551060925673,-0.10866745722940346,99,2901
57,6,-0.2246096189881325,-0.25875946008249434,1783,1217
57,60,-0.24942675159235667,-0.2032474140254341,940,2060
57,61,-0.2509534706331046,0.07360467995776715,14,2986
57,62,-0.26974590061334336,-0.23003595420810716,785,2215
57,63,-0.2313527180783818,-0.024845125158625764,155,2845
57,64,-0.24371543489190553,0.07724197481951105,0,3000
57,65,-0.26243828332700336,-0.0905273047310897,70,2930
57,66,-0.23689440993788818,-0.14417023241854918,382,2618
57,67,-0.2502151727529816,-0.16186864535794654,439,2561
57,68,-0.2809343434343435,-0.22793897511741482,1020,1980
57,69,-0.25082887018617706,-0.11033220489514496,236,2764
57,7,-0.2517859380874796,-0.3020133107715573,2246,754
57,70,-0.2710677669417355,-0.35532707740184893,1317,1683
57,71,-0.26178408514951845,-0.05123107347058333,0,3000
57,72,-0.2472527472527473,0.07185779632379422,0,3000
57,73,-0.2502187226596675,-0.09577024016120052,262,2738
57,74,-0.2723414877683476,-0.22465842619885285,774,2226
57,75,-0.23707391803906552,-0.33933138110624717,2578,422
57,76,-0.26274848746758855,-0.217921589660938,877,2123
57,77,-0.2272156665829777,-0.428959534912495,2046,954
57,78,-0.22389937106918245,-0.21654299037884686,1215,1785
57,79,-0.21581836327345305,-0.22456129801023536,1541,1459
57,8,-0.25561269283832927,0.08790314897266707,0,3000
57,80,-0.25477230193387407,0.09310446937568526,0,3000
57,81,-0.2238408918165695,-0.17121302782773612,677,2323
57,82,-0.22715139189017408,-0.1775426192575944,734,2266
57,83,-0.28001500750375186,-0.2621780149261485,1181,1819
57,84,-0.24600075576269043,-0.38505343905422523,2838,162
57,85,-0.2355008787346221,0.05460625471879664,0,3000
57,86,-0.2542670682730925,-0.23349218164750438,1201,1799
57,87,-0.24848484848484848,-0.29940850914625644,2294,706
57,88,-0.27539503386004516,-0.24826777037234993,1105,1895
57,89,-0.22683665740974493,0.07245290149861225,0,3000
57,9,-0.22711178553363684,-0.12787270869767142,475,2525
57,90,-0.2758056394763344,-0.08017034440186123,26,2974
57,91,-0.265443654062149,-0.32279398669098824,2274,726
57,92,-0.2702020202020203,-0.4087710043709742,2880,120
57,93,-0.22927315796035405,0.03734968984273903,0,3000
57,94,-0.2474639949906074,-0.3986275559100861,2654,346
57,95,-0.24446132421825545,-0.2688790389802578,1650,1350
57,96,-0.27543926178738465,0.005584815568055048,0,3000
57,97,-0.23146861977522415,-0.0762196474199603,137,2863
57,98,-0.2681466699925169,0.09838815606577062,4,2996
57,99,-0.2034282833375347,-0.1848791045811624,1058,1942
58,1,-0.2795359979825999,-0.12527480789114798,112,2888
58,10,-0.24529731094558763,-0.25052240264423414,1540,1460
58,100,-0.27161112503132057,-0.16622178264510803,101,2899
58,11,-0.20976353928299007,0.060992687642767086,0,3000
58,12,-0.2749617931737137,-0.2282825085733099,631,2369
58,13,-0.23061224489795915,-0.16876390109260794,864,2136
58,14,-0.23747469635627533,-0.25877595672760373,1746,1254
58,15,-0.26157523905385005,-0.11277635140711825,414,2586
58,16,-0.25988129814370503,-0.18891002836167076,342,2658
58,17,-0.27287459486412363,-0.3696022143372575,2026,974
58,18,-0.2990313246949302,-0.23979035893378572,717,2283
58,19,-0.2808022922636103,-0.288149691614395,1365,1635
58,2,-0.22684358254656797,-0.014327026628949389,0,3000
58,20,-0.24259538152610446,0.03569329971596438,0,3000
58,21,-0.2773501577287066,-0.3497269193245106,1873,1127
58,22,-0.2583714321018164,-0.3510366255026351,1202,1798
58,23,-0.2668416447944007,0.010365445143639043,0,3000
58,24,-0.20925879710506615,-0.1784342785737181,897,2103
58,25,-0.26246096189881324,-0.2433108753403754,1213,1787
58,26,-0.27393848835761425,-0.3386190504663107,1513,1487
58,27,-0.23357296002017905,-0.13493637163197053,760,2240
58,28,-0.24220623501199046,-0.3421715277712361,2340,660
58,29,-0.261577287066246,-0.17254767952309172,390,2610
58,3,-0.2633308061662877,-0.43713470683986844,1344,1656
58,30,-0.2548052604957005,-0.1720341286786325,263,2737
58,31,-0.20591538749532012,-0.37293757218115486,2573,427
58,32,-0.25542655224634025,-0.22128381504248298,806,2194
58,33,-0.25442894836034674,-0.40815674957228854,2395,605
58,34,-0.27929833291863654,-0.023042474709987132,6,2994
58,35,-0.2777000381630836,-0.1888213735962395,397,2603
58,36,-0.2353605015673981,-0.2619031954326361,1000,2000
58,37,-0.2608750156700514,-0.2186178025156454,778,2222
58,38,-0.2636921920040105,-0.28269326848057746,1685,1315
58,39,-0.2374730432576431,-0.13598215551444878,186,2814
58,4,-0.26130210300969653,-0.2175194745973973,662,2338
58,40,-0.2520568436798804,-0.011870614311363348,26,2974
58,41,-0.25859747888875295,-0.22109418548048884,877,2123
58,42,-0.21163889579706546,-0.3740715956162398,1458,1542
58,43,-0.22682593007341048,0.12782086317624983,0,3000
58,44,-0.24116241036608377,-0.3464721542448508,2334,666
58,45,-0.21080737444373815,-0.048753146416001134,14,2986
58,46,-0.26539626451287235,-0.17385552463749937,433,2567
58,47,-0.24335893239330234,-0.13403168247378805,406,2594
58,48,-0.2417872876022656,-0.17602587402278466,587,2413
58,49,-0.2526117054751415,-0.22336970360143238,1020,1980
58,5,-0.2620419169015811,-0.007220616529133239,0,3000
58,50,-0.2533434266969467,-0.24961138716842668,1429,1571
58,51,-0.2385761171421358,-0.1202763885585772,23,2977
58,52,-0.20055429579239104,-0.10039642510070784,61,2939
58,53,-0.264990089197225,-0.19896255213512412,723,2277
58,54,-0.24802705749718143,-0.12414251441722966,162,2838
58,55,-0.2178973717146433,-0.1751457403209812,604,2396
58,56,-0.2352349836642373,-0.28132034870609635,2128,872
58,57,-0.28166915052160957,-0.21051554554070714,591,2409
58,58,-0.25198738170346996,-0.1923504380177519,810,2190
58,59,-0.25104232469993676,-0.0834607452215463,0,3000
58,6,-0.2013085052843483,-0.17586793856122665,924,2076
58,60,-0.2608587119321019,-0.3493495669635656,1054,1946
58,61,-0.20430508896354357,-0.2378894179968841,1710,1290
58,62,-0.2596105841238144,-0.344406066534705,2173,827
58,63,-0.23554284292998384,-0.0941540563995796,9,2991
58,64,-0.2589661142715805,-0.21413745383944288,706,2294
58,65,-0.24133601205424413,-0.15364826542231916,231,2769
58,66,-0.24859322245842186,-0.2763142520947026,1718,1282
58,67,-0.2361040285568587,-0.2191238305821947,1010,1990
58,68,-0.25088339222614847,-0.16358178991078393,331,2669
58,69,-0.2406728215505249,-0.29088137743038006,2329,671
58,7,-0.2771549576482313,-0.3508345810089701,1476,1524
58,70,-0.27642980935875217,-0.17427566616929518,166,2834
58,71,-0.25588677354709416,-0.1902397155854919,526,2474
58,72,-0.26203542030431526,-0.12952022832879462,309,2691
58,73,-0.27221737504674054,-0.41465253140211866,2542,458
58,74,-0.23642820903094866,-0.367985514853549,1696,1304
58,75,-0.20967534967278317,0.041631829700382046,73,2927
58,76,-0.1977783452502554,-0.17149265293077984,966,2034
58,77,-0.2518706404565631,-0.21739107399244162,726,2274
58,78,-0.2445563247325361,-0.38991882045472415,1835,1165
58,79,-0.25669251938954224,-0.08469061801839199,138,2862
58,8,-0.23118550213944125,-0.03779768602108079,5,2995
58,80,-0.2541491206341342,-0.10823303811563473,218,2782
58,81,-0.2771371270995237,-0.1934735322595461,457,2543
58,82,-0.24838994822578603,-0.2042246820515072,737,2263
58,83,-0.25609449610454893,-0.20692584644494508,591,2409
58,84,-0.25800446760982865,-0.17420746723841904,324,2676
58,85,-0.2316796776630572,-0.18092267470965614,710,2290
58,86,-0.2685929648241206,0.02439313364846612,0,3000
58,87,-0.2688866799204771,-0.2399412265428781,1090,1910
58,88,-0.26617165869619935,-0.30439305337524075,1525,1475
58,89,-0.2775787523162446,-0.3261041633511124,2147,853
58,9,-0.2504647416036684,-0.10586480128587392,437,2563
58,90,-0.2709198439662766,-0.1673067241558153,202,2798
58,91,-0.2721105527638191,-0.17187868345247184,216,2784
58,92,-0.256520638136237,-0.04432642243566546,40,2960
58,93,-0.23832770058830893,-0.27116576987694796,1899,1101
58,94,-0.2600553041729512,-0.21041034109500606,938,2062
58,95,-0.2629727352682497,-0.16004773374378148,89,2911
58,96,-0.22285126093669574,-0.1666360730987191,630,2370
58,97,-0.28720331533341703,-0.07586779097387328,61,2939
58,98,-0.2555248618784531,-0.2029312998134592,747,2253
58,99,-0.22669993761696822,-0.20982295254678787,1209,1791
59,1,-0.25848726909635544,-0.28779478544861914,2083,917
59,10,-0.267515923566879,-0.12182839587740606,2,2998
59,100,-0.20962375223956994,-0.2568177180065307,2426,574
59,11,-0.2729678638941399,-0.2601574708562312,1122,1878
59,12,-0.23671619239486275,-0.1434789166137688,212,2788
59,13,-0.25520304568527924,-0.28040455317430973,1982,1018
59,14,-0.24480600750938677,-0.2522726136534137,1306,1694
59,15,-0.251652262328419,-0.17489182283829793,350,2650
59,16,-0.22653035781074682,-0.22046045670075595,987,2013
59,17,-0.2561067741123142,-0.262056949470645,1576,1424
59,18,-0.23139138127132572,-0.2409486347852383,1476,1524
59,19,-0.23677549987344979,-0.4827062816927378,2171,829
59,2,-0.24831959416613822,-0.24291100080807074,1260,1740
59,20,-0.23368606701940028,-0.21494050658277516,1075,1925
59,21,-0.25736219481500117,-0.0950640987087076,16,2984
59,22,-0.2857859741563166,-0.18033399831725522,117,2883
59,23,-0.21854554604932067,-0.20758043207783272,1006,1994
59,24,-0.285533316442868,-0.2168455299646628,249,2751
59,25,-0.24643125469571747,-0.18537981628816383,429,2571
59,26,-0.23945282536435705,-0.3783777786375457,2596,404
59,27,-0.2314059952339144,-0.09627408933900877,42,2958
59,28,-0.2525864244259399,-0.14026446071322904,34,2966
59,29,-0.22063968015992008,-0.2049024588178868,1120,1880
59,3,-0.3040119611263395,-0.22927511056665853,293,2707
59,30,-0.23543326693227093,-0.27912788968755387,2009,991
59,31,-0.22696828004549477,-0.07704808806020588,10,2990
59,32,-0.24650926631124653,-0.04957916146301984,0,3000
59,33,-0.2731498932026636,-0.29196472871684664,1459,1541
59,34,-0.27722036417688595,-0.24932564711128033,900,2100
59,35,-0.2646763672854992,-0.1702812067782149,451,2549
59,36,-0.2686681083831574,-0.33280904772708103,2283,717
59,37,-0.2478802992518703,-0.1882865271852417,901,2099
59,38,-0.2344258193645234,-0.24962868769987095,1620,1380
59,39,-0.23289210789210796,-0.1803984765340863,508,2492
59,4,-0.26271723962958266,-0.2139654619098169,613,2387
59,40,-0.2437773608505316,-0.090838866556762,8,2992
59,41,-0.24838012958963282,-0.20374448810394855,1002,1998
59,42,-0.2644034196506009,-0.22636402473585826,736,2264
59,43,-0.25287792536369386,-0.17028803466924314,489,2511
59,44,-0.1748368104441315,-0.053313464766523974,1,2999
59,45,-0.27498140342177047,-0.21907061290030255,512,2488
59,46,-0.22607927291088104,-0.13580281486157322,599,2401
59,47,-0.256908140403286,-0.10932931894409081,25,2975
59,48,-0.2717968157695224,-0.0012779567618446603,8,2992
59,49,-0.23304500438761436,-0.06725878735770473,15,2985
59,5,-0.22588864823544405,-0.11436638266320105,208,2792
59,50,-0.25600402363887836,-0.07219629617224933,0,3000
59,51,-0.2709334682519605,-0.10218281746037387,59,2941
59,52,-0.23738647830474263,-0.20272784325560234,828,2172
59,53,-0.26154612224573637,-0.20746460339802386,567,2433
59,54,-0.25262499999999993,-0.13933770986380117,39,2961
59,55,-0.267808047988003,-0.19949383703413223,373,2627
59,56,-0.30339594476924997,-0.20494675899802378,291,2709
59,57,-0.25255069908048866,-0.18751447111109149,273,2727
59,58,-0.2520676930907241,-0.4168872548677827,2456,544
59,59,-0.23942598187311182,-0.31007391518007016,1262,1738
59,6,-0.2632375189107413,-0.12769956193097728,33,2967
59,60,-0.2668014148559879,-0.1742722321183084,80,2920
59,61,-0.2306145532235768,-0.18068389653243416,605,2395
59,62,-0.23051660982695474,-0.1615996088113152,268,2732
59,63,-0.25668582854286426,-0.18614254714700557,359,2641
59,64,-0.2379344836209053,-0.21078409402507745,868,2132
59,65,-0.22468394041807485,-0.2409133535214729,1824,1176
59,66,-0.21958198556854938,-0.33035999326264937,2915,85
59,67,-0.23255523654974408,-0.24582713373019416,1785,1215
59,68,-0.21418724150896096,-0.19621454432775784,1094,1906
59,69,-0.2718853082973865,-0.1758442732530616,182,2818
59,7,-0.2572335025380711,-0.16394546285100092,163,2837
59,70,-0.24742914472034114,-0.4557280959934828,2671,329
59,71,-0.2683933933933935,-0.4566348418088835,2071,929
59,72,-0.2981281765216313,-0.21150236635724565,182,2818
59,73,-0.24219818475693158,-0.10740754790705036,0,3000
59,74,-0.2508504472722692,-0.23315131585762555,1101,1899
59,75,-0.2252503485866397,-0.10368992541959295,49,2951
59,76,-0.22803904170363798,-0.31282152431783844,2736,264
59,77,-0.26435196791175736,-0.3112673266053409,2158,842
59,78,-0.26436488724678303,-0.2605182963374524,1447,1553
59,79,-0.2799699361142427,-0.2491439848097959,981,2019
59,8,-0.2944423535315519,-0.29653915616309484,1421,1579
59,80,-0.24162100165668404,-0.21287498991721568,753,2247
59,81,-0.2879770516338239,-0.30028780188723697,1000,2000
59,82,-0.22540567951318458,-0.1210589148124853,434,2566
59,83,-0.25088877602844084,-0.3411074366154171,1054,1946
59,84,-0.25853035143769965,-0.24000335412079735,995,2005
59,85,-0.23213387015601414,-0.07245697495004765,244,2756
59,86,-0.2341166231505658,-0.23140448682480735,1247,1753
59,87,-0.25916197623514703,-0.2934889334326629,1764,1236
59,88,-0.2623873873873875,-0.2375447625628022,905,2095
59,89,-0.2619257394587791,-0.288187510463463,2016,984
59,9,-0.21680969207470974,-0.21661294512926138,1419,1581
59,90,-0.2387241465237977,-0.17587310164033976,404,2596
59,91,-0.24320548641097287,-0.18979893583217555,452,2548
59,92,-0.24865742475334077,-0.1357561219972426,376,2624
59,93,-0.2292682926829268,-0.2525058258330533,1440,1560
59,94,-0.2605757196495619,-0.42764717098834953,1577,1423
59,95,-0.2586466165413534,-0.0685023099514324,43,2957
59,96,-0.2265664160401002,-0.06940833878329948,9,2991
59,97,-0.2388705164080387,-0.02968355782900418,4,2996
59,98,-0.2538956220628246,-0.2883046307676848,2276,724
59,99,-0.2715742352648595,-0.012574813691599792,0,3000
6,1,-0.2652781242205038,-0.15498780540881837,131,2869
6,10,-0.26201431492842536,-0.17767633124429608,370,2630
6,100,-0.2756033512567213,-0.20165221978542686,263,2737
6,11,-0.24392991239048814,-0.20830575295066805,736,2264
6,12,-0.23280557314756167,-0.21833811444123583,1130,1870
6,13,-0.2713574097135741,-0.207922623340316,437,2563
6,14,-0.2343769646674211,-0.11363312292498538,159,2841
6,15,-0.2982368388145554,-0.2980035654721003,1125,1875
6,16,-0.2499999999999999,-0.1708076028181586,211,2789
6,17,-0.2664416104026006,-0.2362349391595594,816,2184
6,18,-0.23271394261155345,-0.20292900606965755,804,2196
6,19,-0.25782243703892144,-0.2439064370475297,1139,1861
6,2,-0.2465924721770664,-0.2263022491713467,826,2174
6,20,-0.24157516092389245,-0.2587794679570265,1913,1087
6,21,-0.25110243164923773,-0.12399019133349046,76,2924
6,22,-0.24491589254330903,-0.13155351284049763,87,2913
6,23,-0.26247479838709675,-0.27401444018299426,1707,1293
6,24,-0.21270044900577298,-0.2577456356689996,1755,1245
6,25,-0.2649636864512897,-0.5086113699366791,2364,636
6,26,-0.26850937808489633,-0.16917209644703213,171,2829
6,27,-0.26385947427432416,-0.2929142386392358,1023,1977
6,28,-0.2544378698224853,-0.20538735557959062,515,2485
6,29,-0.2266986612781005,-0.13685693950331584,347,2653
6,3,-0.2617055812211263,-0.23115885270110498,809,2191
6,30,-0.22938305593793018,-0.09809365743617424,204,2796
6,31,-0.2827586206896552,-0.2161429494563566,336,2664
6,32,-0.2118792113800849,-0.128605644433748,234,2766
6,33,-0.22912743251726309,-0.13208981064100353,68,2932
6,34,-0.25733382844411445,-0.15975581776040435,212,2788
6,35,-0.24135755740600548,-0.15133391447883074,517,2483
6,36,-0.23224112056028015,-0.0972842061747053,150,2850
6,37,-0.23476725116689798,-0.20391858439734953,1102,1898
6,38,-0.24283730910008833,-0.19907872199925625,767,2233
6,39,-0.23398953401445305,-0.15626160223139393,414,2586
6,4,-0.25624842211562737,-0.1401959463621601,28,2972
6,40,-0.27431735246004785,-0.19923669937327518,801,2199
6,41,-0.2001506780512306,-0.15002867268874787,480,2520
6,42,-0.2720100187852224,-0.2982445252222388,1578,1422
6,43,-0.2495054401582591,-0.1322620319246095,506,2494
6,44,-0.22172002510985564,-0.2612103771846769,2228,772
6,45,-0.24353964452287913,-0.08405617960895609,82,2918
6,46,-0.2637472007962179,-0.2634893063029429,1227,1773
6,47,-0.24861391129032262,-0.22517904863976745,1126,1874
6,48,-0.25088339222614847,-0.12780947367338005,1,2999
6,49,-0.26207502195458543,-0.4441338272073331,2414,586
6,5,-0.22112869066899216,-0.16418238293074158,304,2696
6,50,-0.2630178639300647,-0.2108653184276258,390,2610
6,51,-0.23172726129072835,-0.17115896861849372,414,2586
6,52,-0.24662885948330177,-0.06743094349003569,15,2985
6,53,-0.2416507936507936,-0.3409913438427572,2138,862
6,54,-0.22176100628930823,-0.16550627133562215,553,2447
6,55,-0.22330342474409207,-0.2578385446200397,1878,1122
6,56,-0.25565130510803047,-0.23959371503414287,1271,1729
6,57,-0.2658640581891147,-0.06593972623357584,0,3000
6,58,-0.25869592320159585,-0.16189771426345098,178,2822
6,59,-0.25211676987236187,-0.07377780434911885,87,2913
6,6,-0.24426719840478556,-0.20870890935451747,913,2087
6,60,-0.2685185185185185,-0.15087039369549435,213,2787
6,61,-0.25718970736629665,-0.20152526182151698,418,2582
6,62,-0.27337145698657384,-0.2474407064730437,1017,1983
6,63,-0.2580482897384305,-0.09946572643807565,17,2983
6,64,-0.24556993841900207,-0.23799223741995992,1274,1726
6,65,-0.22293073268317082,-0.1491422341903405,225,2775
6,66,-0.25389643036701864,-0.16221910663054553,146,2854
6,67,-0.24645748987854252,-0.1935592392586628,668,2332
6,68,-0.25787893946973484,-0.07581552343655407,10,2990
6,69,-0.2592963565794416,-0.28425256078497646,1177,1823
6,7,-0.28088217073472926,-0.17928797358314574,149,2851
6,70,-0.205616850551655,-0.24827437710591094,1831,1169
6,71,-0.3022200417024408,-0.3184006871515671,1343,1657
6,72,-0.24473584667759435,-0.3361719318124221,2833,167
6,73,-0.2650467289719627,-0.2532667898429423,1251,1749
6,74,-0.26554600606673406,-0.13954920570518806,200,2800
6,75,-0.2769346544587984,-0.17463781249403842,103,2897
6,76,-0.2488099832754406,-0.321528263537703,2713,287
6,77,-0.25231539424280347,-0.17066890005538038,473,2527
6,78,-0.2608316733067729,-0.2504094565978366,1328,1672
6,79,-0.2633451957295373,-0.3170671781772787,2378,622
6,8,-0.27280614774417444,-0.317183136187903,2087,913
6,80,-0.24838549428713366,-0.20950193606618261,668,2332
6,81,-0.269249937702467,-0.27173552365706233,1309,1691
6,82,-0.26402393418100223,-0.3162033101980909,2440,560
6,83,-0.2453934262948208,-0.22551730206665319,949,2051
6,84,-0.23745394486088167,-0.20739801888864481,869,2131
6,85,-0.22646570443223915,-0.14982072257325368,330,2670
6,86,-0.285875,-0.16318941354542418,42,2958
6,87,-0.24579462716545317,-0.23505346761211168,1058,1942
6,88,-0.23807144641518854,-0.2978791026262959,1171,1829
6,89,-0.27939006394490895,-0.2751285318185622,1380,1620
6,9,-0.26732549412059037,-0.19871398469741772,310,2690
6,90,-0.22590515043345233,-0.10042871452271025,16,2984
6,91,-0.27202433768538475,-0.35486460574843126,2608,392
6,92,-0.23127199597787834,-0.2578006623376385,1997,1003
6,93,-0.2512228772105857,-0.1889892887504933,699,2301
6,94,-0.2489028213166145,-0.34116936307551454,2210,790
6,95,-0.25288076152304606,-0.17328061980318527,351,2649
6,96,-0.2341451040081177,-0.2869091812286809,2149,851
6,97,-0.2676736412034172,-0.3409878993802565,2383,617
6,98,-0.22830188679245278,-0.13359258840592028,168,2832
6,99,-0.27422395375141384,-0.28563283031118125,1131,1869
60,1,-0.24610671432218534,-0.1961127464664969,439,2561
60,10,-0.2763532763532764,-0.1920374607870628,328,2672
60,100,-0.24558258642765687,-0.20573513113727918,522,2478
60,11,-0.24532798193904432,-0.12843183117167134,18,2982
60,12,-0.26721003134796245,-0.014017869211504417,0,3000
60,13,-0.20678391959798995,-0.19913942057512024,1273,1727
60,14,-0.2691100790761892,-0.24239051757877056,1137,1863
60,15,-0.24682509744750414,-0.48653553561414714,2243,757
60,16,-0.22847558702944462,-0.2198336037809149,1081,1919
60,17,-0.24367845011951184,-0.17813794810025915,161,2839
60,18,-0.21571590479788447,-0.1786379525762148,595,2405
60,19,-0.26261352169525726,-0.18596839783196065,40,2960
60,2,-0.24165520690086265,-0.2528221947847926,1812,1188
60,20,-0.27617466802860063,-0.26557154010241524,1183,1817
60,21,-0.25887815284226373,-0.295299586698644,2463,537
60,22,-0.2595707292581901,-0.14786385802571084,171,2829
60,23,-0.25415469199050345,-0.1869193802812412,493,2507
60,24,-0.24369005552751147,-0.21434283737401816,726,2274
60,25,-0.25758537514282087,-0.16432666599514545,18,2982
60,26,-0.26277187658067785,-0.2641815494694263,1355,1645
60,27,-0.2577833125778331,-0.2935908164875451,2263,737
60,28,-0.2602722460297454,-0.2603873219169553,1195,1805
60,29,-0.21235955056179778,-0.21434269178510648,1440,1560
60,3,-0.25423941715864845,-0.18270937596493197,65,2935
60,30,-0.24284991141483173,-0.32434924174253743,1057,1943
60,31,-0.25153374233128833,-0.2651105048802165,1556,1444
60,32,-0.2924160482958118,-0.26099296795556076,1000,2000
60,33,-0.1972685887708649,-0.08074491338588205,2,2998
60,34,-0.2620261031696706,-0.07151960504835678,0,3000
60,35,-0.2396307536671724,-0.33142952641048945,1156,1844
60,36,-0.26481227391792433,-0.2853250317541779,2139,861
60,37,-0.25751832196108165,-0.27829426926047746,1671,1329
60,38,-0.28125393428175754,-0.28921110944831113,1667,1333
60,39,-0.24408358509566971,-0.12508239824670966,78,2922
60,4,-0.22340292536567075,-0.09504501611729176,37,2963
60,40,-0.24136216753666417,-0.10566138243180062,226,2774
60,41,-0.265705329153605,-0.3010884281604715,2176,824
60,42,-0.2216202595439083,-0.16869975880889038,549,2451
60,43,-0.2612919505425183,-0.35954690435817427,2102,898
60,44,-0.28955853174603174,-0.22855137454276556,350,2650
60,45,-0.2712705074399085,-0.18772758267997153,128,2872
60,46,-0.22874085288922535,-0.4898776786997657,2147,853
60,47,-0.25973373524240134,-0.19651820739603185,514,2486
60,48,-0.2941471362326105,-0.3860028977281649,1681,1319
60,49,-0.2953780989161579,-0.14160306028662692,27,2973
60,5,-0.2706937950208518,-0.25728297882894713,1075,1925
60,50,-0.28139825218476905,-0.3142691206092308,2246,754
60,51,-0.2713618578821154,-0.30934709540571304,1631,1369
60,52,-0.2111708109458953,-0.18071132831415898,944,2056
60,53,-0.23417800524279112,-0.1719034288010186,425,2575
60,54,-0.30987145887932105,-0.25929006226660894,381,2619
60,55,-0.27100576874843246,-0.21224346687953183,388,2612
60,56,-0.24301990734944282,-0.19198048402298581,193,2807
60,57,-0.2560684190667841,-0.08035715757586892,24,2976
60,58,-0.2544510385756676,-0.1917659852781052,260,2740
60,59,-0.22918756268806414,-0.19820464179992947,758,2242
60,6,-0.2616683217477656,-0.15752052432021155,74,2926
60,60,-0.2483814741035856,-0.1370704770943653,37,2963
60,61,-0.2544,-0.1171970827322982,275,2725
60,62,-0.29814838140823785,-0.2783355117538235,1020,1980
60,63,-0.24011120940224942,-0.2534817823454651,1658,1342
60,64,-0.2578584846587352,-0.27839213470174196,1003,1997
60,65,-0.2664015904572564,-0.24595855132771594,933,2067
60,66,-0.24984306340238546,-0.1019849268987329,18,2982
60,67,-0.24974874371859293,-0.1871982381469169,519,2481
60,68,-0.2430414979757085,-0.17281027135485905,394,2606
60,69,-0.26395684355789734,-0.2457576723156606,1198,1802
60,7,-0.2426042983565108,-0.07192635671447975,0,3000
60,70,-0.28723804743380593,-0.2556280231307705,808,2192
60,71,-0.20558757203708347,-0.2083480736289032,1440,1560
60,72,-0.1934343434343435,-0.058042029924863354,0,3000
60,73,-0.25133418043202044,-0.18695980624396996,292,2708
60,74,-0.32508702138239676,-0.31462204690159806,1328,1672
60,75,-0.22933132605695652,-0.1860848002606708,573,2427
60,76,-0.2414776248915334,-0.1561066201312631,116,2884
60,77,-0.2788970032737345,-0.15227247850738596,23,2977
60,78,-0.27152734129478306,-0.17030817109828472,250,2750
60,79,-0.24120665915633993,-0.07611050967518371,26,2974
60,8,-0.22791986896812397,-0.18432317341883067,783,2217
60,80,-0.25172977733048174,-0.3485731613662711,1084,1916
60,81,-0.23009178863805513,-0.3277902373758972,1077,1923
60,82,-0.2411062225015712,-0.20996313323563567,990,2010
60,83,-0.27028372324539585,-0.17217853972003044,74,2926
60,84,-0.2482127179229901,-0.1502585884917729,94,2906
60,85,-0.25203653418908906,-0.10728694775832197,36,2964
60,86,-0.2484036559409039,-0.21056059516977801,532,2468
60,87,-0.26169736187157794,-0.19361995542899216,386,2614
60,88,-0.27014218009478674,-0.20351515857512062,381,2619
60,89,-0.23709127635399563,-0.11364373337110609,0,3000
60,9,-0.23119427351500696,-0.14759335250357497,539,2461
60,90,-0.2126313124920896,-0.21223885197460374,1457,1543
60,91,-0.28850885826771655,-0.19332924841879257,6,2994
60,92,-0.24376558603491272,-0.1525179496473251,109,2891
60,93,-0.2718905472636816,-0.331076269861361,1755,1245
60,94,-0.23628106471552932,-0.33861659929942467,2611,389
60,95,-0.244441653058661,-0.17137444561734844,173,2827
60,96,-0.26885614385614387,-0.11487139478269373,69,2931
60,97,-0.2614197140326459,-0.3015148505007765,2338,662
60,98,-0.2551083591331269,-0.14499322371865225,211,2789
60,99,-0.2532548823234852,-0.22009291881225473,537,2463
61,1,-0.2542911633820725,-0.23447672215800358,962,2038
61,10,-0.2503187962254527,-0.17342360642280277,116,2884
61,100,-0.25597907324364727,-0.2982665771342957,1482,1518
61,11,-0.23729243250095075,-0.1681002802626893,269,2731
61,12,-0.2578027465667914,-0.1835466371634193,29,2971
61,13,-0.23137401722201412,-0.18825256312033373,470,2530
61,14,-0.27042040146446145,-0.2126816139573884,142,2858
61,15,-0.279335932587096,-0.16922875090549722,113,2887
61,16,-0.2807813484562066,-0.1880203490833533,61,2939
61,17,-0.23808332290754405,-0.14446383080353212,554,2446
61,18,-0.2471401634192331,-0.16832081568092203,133,2867
61,19,-0.2787212787212788,-0.2555202629837827,619,2381
61,2,-0.2739451608864404,-0.22113104219011978,289,2711
61,20,-0.24953095684803012,-0.22533526540375196,923,2077
61,21,-0.26576004067107273,-0.1974278231292305,333,2667
61,22,-0.22910372608257806,-0.3753952049769159,1111,1889
61,23,-0.21010638297872336,-0.16974735651908346,319,2681
61,24,-0.26845891707686476,-0.1741388073047025,68,2932
61,25,-0.2373053058123338,-0.11591873210941113,62,2938
61,26,-0.2366077029230963,-0.2698086377044112,1638,1362
61,27,-0.23099415204678367,-0.19314664838244303,443,2557
61,28,-0.26270766179023064,-0.40921594788481774,1720,1280
61,29,-0.24589547562351174,-0.20055963889653386,412,2588
61,3,-0.24891101431238336,-0.2338421368796889,1007,1993
61,30,-0.24320183837610101,-0.15255648190300153,278,2722
61,31,-0.22534857429971114,-0.26288118198482313,2333,667
61,32,-0.2519519147354071,-0.22521366418530936,636,2364
61,33,-0.22258758062476292,-0.15658385779929823,32,2968
61,34,-0.260343087790111,-0.0995711612007474,1,2999
61,35,-0.24226546906187615,-0.17233338522712252,98,2902
61,36,-0.2516947024855636,-0.24211407983087238,695,2305
61,37,-0.24185161699429295,-0.26914553095579585,1000,2000
61,38,-0.2626463992025916,-0.17644136638210792,97,2903
61,39,-0.24555694618272841,-0.38652829818648465,2506,494
61,4,-0.2587774690578429,-0.2380256608369047,984,2016
61,40,-0.2208427389014296,-0.16131053352217797,991,2009
61,41,-0.28645569620253175,-0.21203315341053156,364,2636
61,42,-0.2596741344195519,-0.186344090282828,670,2330
61,43,-0.25855370347161294,-0.19283769994640448,185,2815
61,44,-0.2536330890572599,-0.17505638312015442,145,2855
61,45,-0.2305396667495648,-0.1092333325731964,59,2941
61,46,-0.2446223111555777,-0.17123671014501612,95,2905
61,47,-0.24004536290322584,-0.14850472429505862,113,2887
61,48,-0.24580441640378548,-0.1110720084606974,1,2999
61,49,-0.23083756345177675,-0.13430642396863945,27,2973
61,5,-0.24229691876750695,-0.23808351153010948,1211,1789
61,50,-0.2159020650426611,-0.12676507193026995,6,2994
61,51,-0.23792888334373047,-0.17241146304650765,72,2928
61,52,-0.23968590302879217,-0.32343475655402054,1978,1022
61,53,-0.27311504202734915,-0.23773819960598383,607,2393
61,54,-0.2664141414141415,-0.20483346507938585,110,2890
61,55,-0.26273525721455454,-0.18538149673733142,900,2100
61,56,-0.24965395746822705,-0.28878843224508177,1739,1261
61,57,-0.2592546737650119,-0.22986011655790753,1065,1935
61,58,-0.24892703862660945,-0.2066484356347509,336,2664
61,59,-0.2718057815041922,-0.20921809773679476,524,2476
61,6,-0.19414107670564051,-0.19258286349171796,1255,1745
61,60,-0.24447531253946211,-0.24814163033252834,1300,1700
61,61,-0.2537163013353489,-0.40183046455409194,1790,1210
61,62,-0.26177095041838383,-0.26470415835903444,1396,1604
61,63,-0.23629704470825957,-0.140619528780657,76,2924
61,64,-0.23257538309441417,-0.14800809984313673,337,2663
61,65,-0.23537569339384773,-0.1215682442474433,0,3000
61,66,-0.28268156424581004,-0.20090145517536562,86,2914
61,67,-0.2751780264496439,-0.21580981999901527,170,2830
61,68,-0.23605901475368846,-0.27196371304355743,2361,639
61,69,-0.24378109452736313,-0.16131937476099756,182,2818
61,7,-0.2609509546986148,-0.3329907379164078,1000,2000
61,70,-0.23732863790718145,-0.13908769917681127,0,3000
61,71,-0.236478784040532,-0.17611619017648258,197,2803
61,72,-0.2387257963772642,-0.2107003421540813,898,2102
61,73,-0.253280672697159,-0.17433964377729086,29,2971
61,74,-0.24532563684276573,-0.38260589371920356,2707,293
61,75,-0.2471924451250639,-0.14278033150801545,0,3000
61,76,-0.2598610766559167,-0.14932835247357718,28,2972
61,77,-0.2593161736457933,-0.1532868740797837,54,2946
61,78,-0.24337957124842377,-0.22842809970421196,885,2115
61,79,-0.27533888819798535,-0.18064262972842288,10,2990
61,8,-0.263617100835099,-0.22160158370944705,377,2623
61,80,-0.2355672690763052,-0.16695344587522598,387,2613
61,81,-0.2313414019162884,-0.14742150629755113,83,2917
61,82,-0.2447305313643822,-0.194590485138902,155,2845
61,83,-0.23935500125976314,-0.16299290598599017,210,2790
61,84,-0.23100303951367784,-0.18724681026756745,382,2618
61,85,-0.25657150044019617,-0.2345997170253825,746,2254
61,86,-0.257499369800857,-0.14665543274534712,0,3000
61,87,-0.2656919586589362,-0.17376657938902382,4,2996
61,88,-0.21955229543442523,-0.19549884661516348,923,2077
61,89,-0.2315270935960591,-0.25998937612710454,2046,954
61,9,-0.2810920121334682,-0.21429556727727894,316,2684
61,90,-0.25691056910569104,-0.1404749869634992,0,3000
61,91,-0.2581504503361665,-0.27935802910432,1213,1787
61,92,-0.2859114289298708,-0.12786290597591393,0,3000
61,93,-0.2539263726598818,-0.22122298683089808,791,2209
61,94,-0.24614796892907173,-0.19096164719891656,541,2459
61,95,-0.22245922208281058,-0.1410189112764695,370,2630
61,96,-0.24808921187821079,-0.1574475422042675,495,2505
61,97,-0.22319170460293375,-0.21580463686945223,1092,1908
61,98,-0.2417318858874022,-0.21371791630946904,880,2120
61,99,-0.24790022906592007,-0.3382241548970269,2759,241
62,1,-0.26494446524397847,-0.17130531880639158,49,2951
62,10,-0.2574282463016816,-0.358869728818246,1717,1283
62,100,-0.2422857142857143,-0.38220247921729056,1166,1834
62,11,-0.29121287128712875,-0.2925600398152423,1073,1927
62,12,-0.2480964467005076,-0.20482412259600682,443,2557
62,13,-0.2595665634674922,-0.10208048437848823,0,3000
62,14,-0.2686754551161331,-0.20120860791666836,4,2996
62,15,-0.2313582726587999,-0.14266628852709182,0,3000
62,16,-0.262485918137439,-0.2331888416321827,717,2283
62,17,-0.2376423476410963,-0.17556212037957333,31,2969
62,18,-0.2666333166583292,-0.1621409496592929,0,3000
62,19,-0.26099632399543676,-0.2138490062501099,239,2761
62,2,-0.2247051520794538,-0.25129241137682057,1909,1091
62,20,-0.26711813393528977,-0.4405900907743305,2000,1000
62,21,-0.2735117558779389,-0.16742619432314404,0,3000
62,22,-0.22616352201257858,-0.22357450937590026,1346,1654
62,23,-0.24564263322884014,-0.23077462762728873,990,2010
62,24,-0.2176707839677339,-0.16762890956619625,455,2545
62,25,-0.24838308457711436,-0.3519965220865552,1136,1864
62,26,-0.23211586901763223,-0.23371094977690401,1417,1583
62,27,-0.24685929648241203,-0.13204869110396628,0,3000
62,28,-0.21774804342337797,-0.16649560517372103,856,2144
62,29,-0.18048348310340465,-0.06514324841772381,0,3000
62,3,-0.2157108796586773,-0.22456843129858817,1639,1361
62,30,-0.2662223340040241,-0.23747163383553663,490,2510
62,31,-0.28874388254486133,-0.1758196471934482,491,2509
62,32,-0.22777777777777783,-0.43970307839385586,2000,1000
62,33,-0.27731305449936633,-0.20207023721445522,29,2971
62,34,-0.2700940438871474,-0.163593746906815,92,2908
62,35,-0.27451465314702606,-0.190334393169845,2,2998
62,36,-0.2916562889165629,-0.32966253947866075,2057,943
62,37,-0.2603198214949795,-0.18346560151536678,60,2940
62,38,-0.282051282051282,-0.13414012723540814,0,3000
62,39,-0.23590709353421224,-0.1637056953299842,39,2961
62,4,-0.25270893012828505,-0.1938710407050206,496,2504
62,40,-0.2541822721598002,-0.19249633204346206,480,2520
62,41,-0.2516631103301117,-0.2989751282903023,1000,2000
62,42,-0.25161453716601245,-0.19636011757553865,211,2789
62,43,-0.24786217303822933,-0.1581139089117942,0,3000
62,44,-0.28138857215254026,-0.21632456706759806,70,2930
62,45,-0.2946859903381642,-0.21895042446803267,745,2255
62,46,-0.26131790744466793,-0.25556390402565604,833,2167
62,47,-0.282125,-0.1929872579807903,47,2953
62,48,-0.2715315543189579,-0.17348809086491496,0,3000
62,49,-0.2675087543771885,-0.22681801467744814,300,2700
62,5,-0.266235381935805,-0.15733422070193684,118,2882
62,50,-0.25575287643821903,-0.2595576440812875,1000,2000
62,51,-0.22544529262086516,-0.1853157554872579,381,2619
62,52,-0.2772375966093244,-0.386624385851046,1336,1664
62,53,-0.2515022533800701,-0.19950939434683687,154,2846
62,54,-0.25247399137274806,-0.18102003194863772,15,2985
62,55,-0.25284935579781964,-0.23663917342638147,901,2099
62,56,-0.2615248226950355,-0.2030830376265253,866,2134
62,57,-0.2351231838281744,-0.21111054263018497,760,2240
62,58,-0.2527376804380289,-0.20260818982880816,501,2499
62,59,-0.22529644268774698,-0.11624480721275693,0,3000
62,6,-0.25428392745465916,-0.175589677472175,17,2983
62,60,-0.2497175141242939,-0.3337011519839,1693,1307
62,61,-0.27577514494580296,-0.19304316896965376,9,2991
62,62,-0.23091411351079855,-0.444381105011814,2002,998
62,63,-0.2694248234106962,-0.20145491982510252,87,2913
62,64,-0.2175937578655928,-0.21534543808782586,1368,1632
62,65,-0.2997241033358415,-0.22324001822330733,57,2943
62,66,-0.23239789526434482,-0.15699306997109883,1,2999
62,67,-0.2608147307352756,-0.16963407204602324,15,2985
62,68,-0.24746707193515713,-0.24465581464462155,1000,2000
62,69,-0.21985636890512789,-0.1398971107492607,107,2893
62,7,-0.22453849051864871,-0.13685122244946168,0,3000
62,70,-0.2539702546004538,-0.22493555539604468,573,2427
62,71,-0.26251742933198124,-0.18853852564172063,416,2584
62,72,-0.2571608040201005,-0.24482421686370207,970,2030
62,73,-0.2500315696426317,-0.16412160142741916,688,2312
62,74,-0.2173025392369529,-0.1983040231459085,1198,1802
62,75,-0.2168147128737645,-0.21144978483186255,1063,1937
62,76,-0.24157516092389245,-0.15307523359409675,25,2975
62,77,-0.2675827607745159,-0.36363549771911624,1191,1809
62,78,-0.2511335012594459,-0.2079390137559097,153,2847
62,79,-0.23642375683581338,-0.17512408909683194,445,2555
62,8,-0.2416542102640758,-0.13488038149802703,71,2929
62,80,-0.25729310128959565,-0.23995869461110841,878,2122
62,81,-0.2714483105137546,-0.32193439625993975,1151,1849
62,82,-0.30142464383904033,-0.34362385344978547,1479,1521
62,83,-0.24485125858123574,-0.15015013784435138,116,2884
62,84,-0.267558110472382,-0.15165697683774465,7,2993
62,85,-0.2595833846912363,-0.19947653849511265,131,2869
62,86,-0.24091706339263347,-0.14317546934640885,89,2911
62,87,-0.20811153358681886,-0.3359194040229704,2223,777
62,88,-0.24419615145872137,-0.335054318297536,1000,2000
62,89,-0.24373747494989983,-0.20892389288797197,327,2673
62,9,-0.20663362561951962,-0.13130891766892455,8,2992
62,90,-0.23624554253693333,-0.1883847407095713,933,2067
62,91,-0.24719242902208205,-0.2238759838428463,998,2002
62,92,-0.24780316344463965,-0.29063792842677,2393,607
62,93,-0.2488761238761239,-0.1857099768176517,96,2904
62,94,-0.22602825353169154,-0.13255923576269815,0,3000
62,95,-0.22351907630522097,-0.15511689896484573,251,2749
62,96,-0.22291407222914064,-0.35458591770444997,2081,919
62,97,-0.2667844522968199,-0.17917187447536553,0,3000
62,98,-0.25402772573997756,-0.17598058374983122,33,2967
62,99,-0.24502142677085967,-0.26009311406614877,1051,1949
63,1,-0.24458243568622476,-0.1446969614728404,288,2712
63,10,-0.3000491883915396,-0.21642674676272905,137,2863
63,11,-0.24365159979685122,-0.1406426146489758,283,2717
63,12,-0.24634810596682352,-0.2805464843598285,1000,2000
63,13,-0.2150820493548791,-0.23330480036540602,1767,1233
63,14,-0.2672725009336486,-0.18439820837995646,2,2998
63,15,-0.2609937888198758,-0.27598817325718683,1000,2000
63,16,-0.26223384385506154,-0.149305584574944,133,2867
63,17,-0.2744899252312762,-0.25537327564548296,1000,2000
63,18,-0.2735588972431078,-0.2402600382254146,919,2081
63,19,-0.24295554164057614,-0.2007947237006101,440,2560
63,2,-0.2606376380101724,-0.43140402406896156,1693,1307
63,20,-0.23620535142747415,-0.17990321040681598,177,2823
63,21,-0.23768333960135382,-0.16532722909660796,0,3000
63,22,-0.24753601213040183,-0.35547766127639563,1012,1988
63,23,-0.25106223444138975,-0.1885299853281715,28,2972
63,24,-0.22609659931000486,-0.19806458804064228,478,2522
63,25,-0.21806139345306336,-0.2117217723628542,941,2059
63,26,-0.26019565493584035,-0.3645122923989618,1472,1528
63,27,-0.2398190045248869,-0.08732469602903803,0,3000
63,28,-0.26446072240464763,-0.1783392329144335,11,2989
63,29,-0.22558198380566793,-0.25952547208457877,1000,2000
63,3,-0.2883097356221025,-0.4512330704447738,1645,1355
63,30,-0.2562304320601128,-0.21239114824512556,106,2894
63,31,-0.22002518891687653,-0.16441257516687244,19,2981
63,32,-0.2345787362086259,-0.1947164856429071,1495,1505
63,33,-0.2485147263304259,-0.12383769411920559,0,3000
63,4,-0.2639574629699962,-0.2622005583099125,1473,1527
63,5,-0.28362904240593934,-0.4513489927439879,1748,1252
63,55,-0.25148941564203325,-0.2333340046166061,1000,2000
63,56,-0.2975968123521355,-0.23988511514663574,110,2890
63,6,-0.24498603706524494,-0.11419180154699247,0,3000
63,7,-0.2002493765586035,-0.15581108076524738,202,2798
63,8,-0.2360762669342699,-0.27057993550912907,1979,1021
63,81,-0.25348779272546096,-0.18816328196451054,70,2930
63,82,-0.2837871911245588,-0.34663554647067574,1000,2000
63,83,-0.24892758011607372,-0.17449304969566173,1,2999
63,84,-0.23567038755800823,-0.15932072552465484,53,2947
63,85,-0.28077834601471874,-0.213187035482095,9,2991
63,86,-0.24409844299347058,-0.32293351714816865,1006,1994
63,87,-0.27930773117736235,-0.191445437680398,83,2917
63,9,-0.2095611483495637,-0.18196022025138706,664,2336
64,1,-0.23617766310357546,-0.24717280706894595,972,2028
64,10,-0.263668267454747,0.03757870838125396,0,3000
64,100,-0.25224059872493765,-0.38354293260067446,2627,373
64,11,-0.24383434155421127,-0.10491082032098005,864,2136
64,12,-0.2514028148284426,0.03059905969008004,0,3000
64,13,-0.2281607077036492,-0.05924239766623356,195,2805
64,14,-0.252184200946487,0.1120187489153109,0,3000
64,15,-0.27858531617442833,-0.010862843816835192,1006,1994
64,16,-0.21631791483113072,-0.34767952105162614,2809,191
64,17,-0.25082447783070716,-0.3265034559136548,2284,716
64,18,-0.26405778549876563,-0.5035665688021668,2368,632
64,19,-0.31016042780748654,-0.22670921831987556,616,2384
64,2,-0.2657972079353416,0.0024343107711311093,24,2976
64,20,-0.26681407775935134,-0.27892523183897117,1447,1553
64,21,-0.23195541105434275,-0.13232444439939806,650,2350
64,22,-0.26650050770792943,0.040758601384147296,0,3000
64,23,-0.24847926267281106,-0.28691968536036816,1355,1645
64,24,-0.28268714721939486,-0.46699654364462995,2950,50
64,25,-0.2605026430492442,0.026377457243763478,57,2943
64,26,-0.21701773835920185,-0.23962414177453947,1000,2000
64,27,-0.2639679134409104,-0.26915057990556007,1382,1618
64,28,-0.2645806332160711,-0.09626217392193034,141,2859
64,29,-0.23045610139698397,-0.3763601332330474,2838,162
64,3,-0.2362772855968581,0.0031017834559514497,8,2992
64,30,-0.24522204782568555,-0.5819723083650402,2550,450
64,31,-0.2686978067357989,-0.139324711990853,257,2743
64,32,-0.2650179939097536,-0.37920291436417,2599,401
64,33,-0.2323659074210139,-0.25971398783573463,1876,1124
64,34,-0.24962990377498148,0.001064481869081444,159,2841
64,35,-0.2700519866320088,-0.323824726400434,1579,1421
64,36,-0.21420653981156468,-0.3230550691595553,1287,1713
64,37,-0.2822847682119206,0.057811936925710655,0,3000
64,38,-0.23616609888592208,0.007440882314880343,337,2663
64,39,-0.23888532404436702,0.06358970205045653,0,3000
64,4,-0.27152682255845945,4.173806491396767e-4,74,2926
64,40,-0.24502695668339838,-0.22937270860828335,1261,1739
64,41,-0.2718868447813627,-0.36637383149906827,1715,1285
64,42,-0.22724734785036288,-0.07664213701609748,428,2572
64,43,-0.25426385175624594,0.006012079649266296,33,2967
64,44,-0.23610346725371484,0.039416395409343205,66,2934
64,45,-0.2523242841204909,-0.1791924432992141,796,2204
64,46,-0.2502772643253235,0.035102438403082595,15,2985
64,47,-0.2763230684123178,-0.08337856851718589,106,2894
64,48,-0.24942134987501155,0.006879786788220256,71,2929
64,49,-0.24233468784632434,-0.17613166875842728,662,2338
64,5,-0.25332721431849475,0.04975097231187506,173,2827
64,50,-0.24577361264241088,-0.068620750044809,394,2606
64,51,-0.24596662671706462,-0.1625609865717736,713,2287
64,52,-0.24741411156261547,-0.6034645128473539,2346,654
64,53,-0.237785314877624,-0.1108280581995628,332,2668
64,54,-0.2664153025565569,-0.09180964971947508,115,2885
64,55,-0.24888280893752848,-0.23585591716069115,967,2033
64,56,-0.28013924514474164,0.05669125183895768,0,3000
64,57,-0.27941176470588236,-0.20896340845109299,649,2351
64,58,-0.2710804597701149,-0.2603502598231391,1413,1587
64,59,-0.23413323450384504,0.1931290092467101,0,3000
64,6,-0.24003664681630782,-0.014460325442637558,169,2831
64,60,-0.23783185840707965,-0.03103680771396304,66,2934
64,61,-0.23934941317807967,7.782985338127717e-4,48,2952
64,62,-0.290515104214489,0.02384181383411484,9,2991
64,63,-0.2551271534044298,-0.20507558885246396,920,2080
64,64,-0.28498420367961347,-0.09793655921532383,289,2711
64,65,-0.22709677419354846,-0.05504805860684814,124,2876
64,66,-0.2513595723108121,0.1381700400206039,0,3000
64,67,-0.27644055433989784,-0.3841331461618493,1290,1710
64,68,-0.2063506758007777,-0.1458606054251916,830,2170
64,69,-0.22832824498103432,-0.31585386409670174,1981,1019
64,7,-0.25426083734716565,-0.016925194086892015,24,2976
64,70,-0.2281553398058253,-0.26865850584646905,1916,1084
64,71,-0.2421179525222553,0.1808018285714812,2,2998
64,72,-0.2475594032050102,-0.05480013952841734,97,2903
64,73,-0.24436822100676736,-0.23573657907046033,1052,1948
64,74,-0.26565694108901694,-0.6070289304294394,2347,653
64,75,-0.26981791429096924,-0.16090998467819828,500,2500
64,76,-0.22750833024805636,-0.006226721442527191,130,2870
64,77,-0.23225566703827571,-0.0991068154431828,603,2397
64,78,-0.27420540143303324,-0.015851811759024795,272,2728
64,79,-0.23668420566786666,0.07048461242629314,12,2988
64,8,-0.2551048692599095,-0.24495739649776382,1331,1669
64,80,-0.21199519452915624,0.026836852192394612,51,2949
64,81,-0.263138585710355,0.08436938415852947,0,3000
64,82,-0.2679846238330588,-0.30478269349526527,1344,1656
64,83,-0.23883208989591975,-0.4595020683730773,2623,377
64,84,-0.2504890544946437,-0.9295770895829397,3000,0
64,85,-0.23773343097766386,0.07622175306371187,427,2573
64,86,-0.25761772853185605,-0.22227897423082993,1025,1975
64,87,-0.2363302752293577,0.048023564015435866,0,3000
64,88,-0.237241124260355,-0.19109262258948398,880,2120
64,89,-0.2560426431394173,-0.007303749909291963,491,2509
64,9,-0.24491851309284016,-0.0923276925568968,190,2810
64,90,-0.2314925785931594,-0.43088396801061857,2770,230
64,91,-0.23936121111418804,0.023580860494840993,0,3000
64,92,-0.24861419068736149,0.05319423211477683,0,3000
64,93,-0.21458989076097018,-0.062127667120650355,543,2457
64,94,-0.2710903939310848,-0.32683068860228714,1366,1634
64,95,-0.2791273260610505,-0.20523014356459737,643,2357
64,96,-0.25967609113368106,-0.1554932318718617,537,2463
64,97,-0.2684803517449849,-0.3815252300473807,1282,1718
64,98,-0.2252359571153671,-0.08078955893150666,602,2398
64,99,-0.26536494653649473,-0.2072270952081269,737,2263
65,1,-0.2239718414227492,0.07603481392623175,0,3000
65,10,-0.23261882572227396,-0.06502760710903892,123,2877
65,100,-0.29162816484938087,-0.28957181059059156,1288,1712
65,11,-0.23183997050147492,-0.08859310640285809,377,2623
65,12,-0.2449655172413793,0.03404855590538478,0,3000
65,13,-0.23725179453714923,0.026435919688845358,10,2990
65,14,-0.22964875080667466,-0.16921676829380586,743,2257
65,15,-0.23607792685168166,0.04764526417216288,0,3000
65,16,-0.2568204938499953,-0.24988492339342983,1227,1773
65,17,-0.23537643436887773,0.08338475316041179,0,3000
65,18,-0.248442082111437,-0.27837307446840975,1103,1897
65,19,-0.22927899113588598,-0.14073170022905068,701,2299
65,2,-0.2483227644517967,-0.06426919503308193,278,2722
65,20,-0.23800738007380065,0.010967526917061808,42,2958
65,21,-0.2369958275382475,-0.2446603305261083,1573,1427
65,22,-0.26471411248950655,-0.1453701683467841,405,2595
65,23,-0.25533083188432315,-0.21988578710192275,941,2059
65,24,-0.23617998163452705,-0.016134961407040065,37,2963
65,25,-0.24468864468864462,-0.5008345578597995,2192,808
65,26,-0.2342317050346248,0.043029656759592215,3,2997
65,27,-0.27527059255182534,0.03136257814860229,1,2999
65,28,-0.2497229405245659,-0.08263578271674073,241,2759
65,29,-0.2582245910678184,-0.04419984584164586,70,2930
65,3,-0.2757523411219202,-0.16386464902022882,278,2722
65,30,-0.27100995208256556,-0.4235737384605278,1337,1663
65,31,-0.22438178665936676,-0.0011177214088657025,42,2958
65,32,-0.2408792411528639,-0.15237618081701912,305,2695
65,33,-0.17992020042683504,-0.1412214936437738,773,2227
65,34,-0.25906497331124606,-0.24954014923409754,1250,1750
65,35,-0.23820472730617118,-0.45465086631810864,2113,887
65,36,-0.2765267352423315,-0.15718858626937296,343,2657
65,37,-0.25263543862865523,0.05883447889402434,0,3000
65,38,-0.2585276634659351,-0.2948872617691026,1926,1074
65,39,-0.2604224569205114,-0.30366155866032124,1649,1351
65,4,-0.27839765867934874,-0.08400170410186704,136,2864
65,40,-0.28362465501379946,-0.16944636003425897,386,2614
65,41,-0.248118920902918,-0.39490843289705574,1711,1289
65,42,-0.2586802399563715,-0.17148619753814592,458,2542
65,43,-0.25183621006243123,-0.31434451768991656,1681,1319
65,44,-0.2701631486772975,-0.055178743639049656,31,2969
65,45,-0.2653958944281526,-0.2893247987333549,1572,1428
65,46,-0.22802121127546757,-0.2058426861128219,1074,1926
65,47,-0.23849990762978013,-0.2787334697343563,1161,1839
65,48,-0.23469955489614247,-0.037794503962903084,386,2614
65,49,-0.25011460529934904,-0.29777391945393084,1642,1358
65,5,-0.2759668508287292,-0.4452870169176104,2172,828
65,50,-0.23476652797041148,0.021908088937499234,0,3000
65,51,-0.23775967786217622,-0.14897537936504474,952,2048
65,52,-0.23185857089966685,-0.08808044505497992,326,2674
65,53,-0.23148833765272128,-0.12446535200210536,438,2562
65,54,-0.2535549399815329,-0.10175643019647526,197,2803
65,55,-0.2764760147601476,-0.20064683316227727,459,2541
65,56,-0.25002289586958515,-0.12988963632775138,672,2328
65,57,-0.2868988391376451,-0.1755885014276527,220,2780
65,58,-0.2428123848138593,-0.5774844826721037,2226,774
65,59,-0.2627227631820686,-0.4883578628597363,2575,425
65,6,-0.30521091811414386,-0.3354153745189225,1642,1358
65,60,-0.25812672176308543,-0.4748843672864715,2395,605
65,61,-0.23219095384043834,-0.12381218135906766,349,2651
65,62,-0.25878446924282955,-0.20634477555480585,903,2097
65,63,-0.20119058692214672,-0.2907516535451044,1969,1031
65,64,-0.28833271306289543,-0.0033404365004362515,1,2999
65,65,-0.23764575235980007,0.07188958641669957,0,3000
65,66,-0.23790396202300518,-0.23519163174280136,1202,1798
65,67,-0.25381273685183464,-0.2896560942680724,2093,907
65,68,-0.2589400330093527,-0.05909600970876219,98,2902
65,69,-0.2548767022451233,-0.20841349316721655,876,2124
65,7,-0.24475653700452743,-0.06412811229954803,30,2970
65,70,-0.23633994228800156,-0.12431954834914087,716,2284
65,71,-0.24541116005873712,-0.3937574865055676,1600,1400
65,72,-0.2622829700775766,-0.3189225640549349,1546,1454
65,73,-0.22799813345776954,-0.1797906362854169,651,2349
65,74,-0.23326627651792242,-0.28224072693389946,1848,1152
65,75,-0.26699118295371044,-0.2933114867220461,1843,1157
65,76,-0.2558799304475152,-0.4216440827991223,1963,1037
65,77,-0.23451532265530972,-0.11045065261850652,575,2425
65,78,-0.25251693208859605,-0.15866331383175822,442,2558
65,79,-0.24691929954600206,-0.3235117683792193,1148,1852
65,8,-0.24047378569461028,-0.20428169511061106,1145,1855
65,80,-0.23695592159749698,0.10006514443870283,20,2980
65,81,-0.24561727255951293,-0.13236900049513262,353,2647
65,82,-0.25071726052753346,-0.08297268483427193,238,2762
65,83,-0.22982862436313106,-0.0019002795314184088,44,2956
65,84,-0.23114512262585282,-0.28480928174636394,1919,1081
65,85,-0.23693023255813964,-0.2220478654092907,1271,1729
65,86,-0.2391623806024981,0.02295732100942102,0,3000
65,87,-0.28797814207650274,-0.06978663703993702,32,2968
65,88,-0.2186264595017009,-0.08349726993257534,581,2419
65,89,-0.23718127028280017,0.016817413726083308,88,2912
65,9,-0.23975959315765139,-0.16342917656423805,576,2424
65,90,-0.26088560885608847,-0.023010780841768896,273,2727
65,91,-0.20853387634209558,-0.04184642318710858,448,2552
65,92,-0.2427734919602193,-0.15445230802481083,549,2451
65,93,-0.2608938028430736,-0.32704719776267027,1427,1573
65,94,-0.26309512888725806,-0.23192332910745692,990,2010
65,95,-0.23977575590478814,-0.29159432004531216,1314,1686
65,96,-0.29568562791975816,-0.28968718211061756,1136,1864
65,97,-0.2448320413436693,-0.368735748157198,2819,181
65,98,-0.2453665283540803,-0.1999199749948533,901,2099
65,99,-0.2567128124128961,-0.2708010837687593,1213,1787
66,1,-0.2634002578743784,-0.21106186569938246,739,2261
66,10,-0.2536494653649466,-0.23877208682683104,1183,1817
66,100,-0.23119673953316044,-0.30405413734969794,2150,850
66,11,-0.2804121831114354,-0.18782168264708313,765,2235
66,12,-0.21421301008605534,-0.3292109637332655,1816,1184
66,13,-0.22812528873694912,-0.23071800464284106,1269,1731
66,14,-0.2568465107815485,-0.0026825799866151082,72,2928
66,15,-0.2656826568265682,-0.23561868001075728,774,2226
66,16,-0.2679408251401268,-0.22729056692257904,939,2061
66,17,-0.2410689431196067,-0.10795983475869507,344,2656
66,18,-0.26007802340702213,-0.2485377110024433,978,2022
66,19,-0.27315628759137595,-0.23998106647828227,995,2005
66,2,-0.24827778812139273,-0.14727884400282917,263,2737
66,20,-0.2552421599554648,-0.17069451097567828,637,2363
66,21,-0.2399405259734226,-0.04961523736688998,40,2960
66,22,-0.25050691244239637,-0.4275475898848207,1545,1455
66,23,-0.24149408284023674,-0.3385368277215459,1290,1710
66,24,-0.20047776552737973,-0.23341108769093954,1383,1617
66,25,-0.22297856682917855,-0.15497702880068623,311,2689
66,26,-0.26620326883336465,-0.16108422333848624,260,2740
66,27,-0.24111182934712347,-0.4223474366669834,1722,1278
66,28,-0.27081991349958584,-0.4093196225757527,2676,324
66,29,-0.2702231200073455,-0.14707717771350798,139,2861
66,3,-0.2571718476155336,-0.2845170367704265,1732,1268
66,30,-0.23397199705232133,-0.4743049562231469,2409,591
66,31,-0.24586661712799554,-0.24627961606831786,974,2026
66,32,-0.2528777972188967,-0.12838492974978816,281,2719
66,33,-0.2590588019447756,-0.1892073244130945,633,2367
66,34,-0.25768278139620215,-0.20282463481581742,649,2351
66,35,-0.23913043478260873,-0.10831821013572594,96,2904
66,36,-0.2690996221546401,-0.2945436996471592,1071,1929
66,37,-0.24909780697695938,-0.3690865480309524,2790,210
66,38,-0.2628889921040409,-0.034229702599432296,61,2939
66,39,-0.2311529933481154,-0.13665832461424565,156,2844
66,4,-0.24902615470228157,-0.365170501003929,1233,1767
66,40,-0.23880321359312953,0.01801464132729216,52,2948
66,41,-0.24259157003497145,-0.29401380986105535,1762,1238
66,42,-0.2773365349094939,-0.12268118440813447,63,2937
66,43,-0.2737885666635782,-0.11613438670578445,208,2792
66,44,-0.25987813884785815,0.026956220887202367,0,3000
66,45,-0.2246835443037974,-0.1681340796858547,974,2026
66,46,-0.2217727105553512,-0.1061387063142958,78,2922
66,47,-0.2534728653454343,-0.20352818721802318,618,2382
66,48,-0.23345202227700174,-0.44889182385739135,2411,589
66,49,-0.23629541502699725,-0.1875382075493335,745,2255
66,5,-0.22084298286243634,-0.29447627092425577,2541,459
66,50,-0.2240787153067855,0.08990429235687997,0,3000
66,51,-0.263348500325007,-0.20331815901604297,712,2288
66,52,-0.22507385524372225,-0.040311024324178366,5,2995
66,53,-0.25229997212155003,-0.2876372432587599,1198,1802
66,54,-0.26326866764275253,-0.2563328851015149,1262,1738
66,55,-0.2317746686303388,-0.10370959198498012,200,2800
66,56,-0.24965389940009228,-0.20265260084761488,658,2342
66,57,-0.25752599890530925,-0.18627613458069728,346,2654
66,58,-0.25779875960381377,-0.1664805619335594,186,2814
66,59,-0.2537079686780286,-0.07903514231507955,35,2965
66,6,-0.25446878723989363,-0.26830607578376703,1004,1996
66,60,-0.26157812356136634,-0.08094115350797777,112,2888
66,61,-0.257388599139903,-0.2000682947825053,858,2142
66,62,-0.23786852224867236,-0.2177197112789252,1018,1982
66,63,-0.23666910153396645,0.015894815008873103,1,2999
66,64,-0.2619550252409362,-0.3101016587472085,1678,1322
66,65,-0.24958601655933765,-0.04181917222772092,30,2970
66,66,-0.23536331553705542,-0.24593888241633388,1387,1613
66,67,-0.2712971481140755,-0.1485213469049041,115,2885
66,68,-0.241735918744229,-0.3016248394136357,1083,1917
66,69,-0.2539348462664714,-0.20467791538558516,715,2285
66,7,-0.2705469975094549,-0.16459462357543408,318,2682
66,70,-0.24263622974963187,-0.08291760781794033,206,2794
66,71,-0.22366830900808765,-0.1861884863773531,898,2102
66,72,-0.22120539841005737,-0.04859605704486295,80,2920
66,73,-0.2581798185317569,-0.12862920928957153,128,2872
66,74,-0.25043130845364575,-0.23559078045805465,1153,1847
66,75,-0.22283406754772397,-0.06784427080298033,167,2833
66,76,-0.24047464540650787,-0.07358951816532934,2,2998
66,77,-0.23148489314664705,-0.1884152982401368,698,2302
66,78,-0.2536111111111111,-0.14586375314981756,482,2518
66,79,-0.26715954728002916,-0.14755385542040264,124,2876
66,8,-0.25464923586816424,-0.11827443632609712,70,2930
66,80,-0.2453524756120007,-0.2220252221487798,988,2012
66,81,-0.22505715592135336,-0.093876574534804,438,2562
66,82,-0.2735805222562959,-0.14942956709605348,264,2736
66,83,-0.2449111172515428,-0.2667973077097794,1467,1533
66,84,-0.26541332596074096,-0.09892024480076825,58,2942
66,85,-0.2534422617954837,-0.17956266802413579,580,2420
66,86,-0.25256351039260966,-0.3731360210319904,2860,140
66,87,-0.24034216335540845,-0.19189732603618065,638,2362
66,88,-0.24395644952943354,-0.33092233484469213,1059,1941
66,89,-0.2703977798334876,-0.5594920876127554,2142,858
66,9,-0.2512613521695257,-0.21368570781571952,724,2276
66,90,-0.2512451577199779,-0.2659513629996122,1301,1699
66,91,-0.23049319101950683,-0.26793719377072545,2119,881
66,92,-0.2711070280202113,-0.2769194179520244,1451,1549
66,93,-0.25108665495237215,-0.12763726631503564,257,2743
66,94,-0.2510650120392664,-0.2638588751501782,1057,1943
66,95,-0.20539884177096954,-0.016045042747613546,99,2901
66,96,-0.2586936522539099,-0.2876203496754266,1885,1115
66,97,-0.24064768285873814,-0.3094439966400893,1414,1586
66,98,-0.26150549655300914,-0.24503610468121623,1045,1955
66,99,-0.25272794525614944,-0.05316309969604634,14,2986
67,1,-0.2384983437615016,-0.1329813332874135,400,2600
67,10,-0.25344732487589633,-0.25227174668865077,1176,1824
67,100,-0.24476754954621216,-0.14517041143610307,243,2757
67,11,-0.25996677740863783,-0.11024744935635347,5,2995
67,12,-0.26425732507625466,-0.18744702303515573,370,2630
67,13,-0.23889655172413787,-0.2693085390658526,987,2013
67,14,-0.2625115420129271,-0.28164817571676437,1050,1950
67,15,-0.25757575757575757,-0.3266244510657264,1028,1972
67,16,-0.2532699167657551,-0.10857152472000184,297,2703
67,17,-0.25055658627087196,-0.13937853506675418,69,2931
67,18,-0.258931044032124,-0.13013945728375448,47,2953
67,19,-0.2420364573743325,-0.2573571833943252,1585,1415
67,2,-0.2541156994389772,-0.25601502743944654,1416,1584
67,20,-0.25430794886047803,-0.25174946883256605,1416,1584
67,21,-0.22695492180312796,-0.31249755351070196,1594,1406
67,22,-0.2566273932253314,-0.18134655038171743,367,2633
67,23,-0.26246933769419467,-0.05963034363020045,0,3000
67,24,-0.24351187189398119,-0.09790508642301529,93,2907
67,25,-0.24220115947363574,-0.14046608365379318,103,2897
67,26,-0.25978680389634257,-0.24418917091173165,955,2045
67,27,-0.22700186219739293,-0.035441871961536184,245,2755
67,28,-0.25561280824438715,-0.1854300171286244,910,2090
67,29,-0.2325367647058823,-0.22669234306910088,1363,1637
67,3,-0.2477234714737038,-0.48928028572420346,1831,1169
67,30,-0.20759237077305812,0.007429054383327038,0,3000
67,31,-0.27877284835124455,-0.19546556096621726,575,2425
67,32,-0.2658471699844051,-0.1590101302494879,255,2745
67,33,-0.24729692265040204,-0.2307949242649611,906,2094
67,34,-0.2742129073954391,-0.2382761172969848,943,2057
67,35,-0.26125879236320454,-0.2350584147265418,972,2028
67,36,-0.2484676607812643,-0.17349083421011874,353,2647
67,37,-0.260877615256434,-0.14186711155465623,75,2925
67,38,-0.2557157285832339,-0.14675295199454866,108,2892
67,39,-0.26331360946745563,-0.2810548818079444,924,2076
67,4,-0.23342939481268002,0.020176433083769155,0,3000
67,40,-0.25669827824325564,-0.11324295721782576,7,2993
67,41,-0.22255957309780106,-0.15173539496650457,450,2550
67,42,-0.23553643354082754,-0.1681541004639391,363,2637
67,43,-0.24473078693051084,-0.11429061732286497,2,2998
67,44,-0.24682311473889249,-0.17145210305116929,240,2760
67,45,-0.23268288171645235,-0.15847590813777165,253,2747
67,46,-0.2371086556169429,-0.028646069333221263,0,3000
67,47,-0.2527472527472528,-0.29524094576498244,1554,1446
67,48,-0.2375382901698691,-0.08791953013773073,6,2994
67,49,-0.24275229357798161,-0.12920444503141323,418,2582
67,5,-0.2734154126766986,-0.13392101398465295,295,2705
67,50,-0.2247378676811729,-0.21252786141384444,1065,1935
67,51,-0.22216102083907088,-0.17381823568784488,546,2454
67,52,-0.2529988096328174,-0.2473552057436715,1116,1884
67,53,-0.23711911357340723,-0.23696385328350225,957,2043
67,54,-0.2794500185804533,-0.25769705416713534,765,2235
67,55,-0.26195941603158573,-0.3604462763276308,1458,1542
67,56,-0.24493776704439904,-0.24331467923177477,1364,1636
67,57,-0.2562089116143171,-0.1526146578009453,52,2948
67,58,-0.2327609953172345,-0.15567762798511267,309,2691
67,59,-0.24006637780031337,-0.23980983200634054,1424,1576
67,6,-0.25887859043773515,-0.2671672768153522,1357,1643
67,60,-0.2584694913689652,-0.24837125131580157,1317,1683
67,61,-0.2537354988399072,-0.11578895391139463,105,2895
67,62,-0.226027397260274,-0.07828949620150989,48,2952
67,63,-0.266199649737303,-0.1254440343057265,59,2941
67,64,-0.24829869413279376,-0.11361233967285383,123,2877
67,65,-0.24502521779000458,-0.17373552124461084,510,2490
67,66,-0.26786372007366477,-0.08566442062682714,101,2899
67,67,-0.26754748142031387,-0.28697290874236614,1685,1315
67,68,-0.2739688359303392,-0.18434472941678035,202,2798
67,69,-0.2506925207756233,-0.23583852797236945,912,2088
67,7,-0.2587727356237368,-0.31695898138986256,1725,1275
67,70,-0.2893914322485751,-0.28016142908516833,1154,1846
67,71,-0.23452105506709853,-0.08917490361324262,523,2477
67,72,-0.2519062930638494,-0.35736685324563583,1302,1698
67,73,-0.27173018919659986,-0.2042815833893834,350,2650
67,74,-0.2875642909625275,-0.34764220066278095,1515,1485
67,75,-0.24451985692011377,-0.10667859286265993,202,2798
67,76,-0.21274627694015358,-0.5976192439550401,2075,925
67,77,-0.259626064420585,-0.35196127784955966,1898,1102
67,78,-0.2785091785648062,-0.18672130028086378,636,2364
67,79,-0.24881689115398614,-0.1019156243571315,0,3000
67,8,-0.22890237175951467,-0.1926146902267367,759,2241
67,80,-0.26990825688073383,-0.21795455335845845,695,2305
67,81,-0.2572514132147159,-0.49023768481358676,2194,806
67,82,-0.22397038408144368,-0.21214868893724495,1152,1848
67,83,-0.21591330122267513,-0.14627711689514164,212,2788
67,84,-0.24420660772452296,-0.15599961560541864,277,2723
67,85,-0.27724402964589623,-0.23340632939036154,648,2352
67,86,-0.23271889400921666,-0.12094662363270832,345,2655
67,87,-0.2742490047050308,-0.20744506803844814,352,2648
67,88,-0.25079099199702215,-0.14015242331468591,201,2799
67,89,-0.27885862516212706,-0.22442049361742486,560,2440
67,9,-0.28362762318572626,-0.23993110994566236,873,2127
67,90,-0.23495702005730648,-0.2509639771563747,1717,1283
67,91,-0.21388350410781867,-0.0037676477323001544,2,2998
67,92,-0.2527785432166804,-0.12052645076855614,192,2808
67,93,-0.24396090724691127,-0.14696540037967024,222,2778
67,94,-0.24801330622805393,-0.04097264048168057,0,3000
67,95,-0.2611872146118721,-0.16779507443538394,571,2429
67,96,-0.23105089710728677,-0.14625769803802238,358,2642
67,97,-0.25904113370755494,-0.27343217870684816,1782,1218
67,98,-0.24887748556767167,-0.16879229755998684,161,2839
67,99,-0.266325691844004,-0.20894539793442526,394,2606
68,1,-0.21783285195192395,-0.1742171816024124,725,2275
68,10,-0.2567191844300279,-0.16466117177791414,306,2694
68,100,-0.2503440051371433,-0.17529266268506138,105,2895
68,11,-0.2631191309151169,-0.174754053738583,518,2482
68,12,-0.24640486725663713,-0.15707699969898084,302,2698
68,13,-0.28675052795886513,-0.1968216347776618,168,2832
68,14,-0.2636505460218409,-0.14644677701510128,264,2736
68,15,-0.23431462741490344,-0.1869847515620393,759,2241
68,16,-0.24702933531377635,-0.2380923558850196,1119,1881
68,17,-0.256764168190128,-0.2749666289770446,996,2004
68,18,-0.27176536105439014,-0.13943100431639383,10,2990
68,19,-0.23474788745473124,-0.24064609742315057,1346,1654
68,2,-0.24540670298218087,-0.23189013781918413,1073,1927
68,20,-0.25125721735891227,-0.2723310533004573,2035,965
68,21,-0.2495614440033239,-0.1435505052697112,15,2985
68,22,-0.23674224895881535,-0.23575104408890116,1370,1630
68,23,-0.21068085887318777,-0.10522192564556435,28,2972
68,24,-0.21028772319363498,-0.22129860682444538,1670,1330
68,25,-0.24953993375046007,-0.2697990020375998,1610,1390
68,26,-0.2766212232866617,-0.19371466287457767,63,2937
68,27,-0.2550372619376207,-0.18212925236944305,414,2586
68,28,-0.2424882844803823,-0.38069204949557567,1263,1737
68,29,-0.24810990226811716,-0.2317589418157736,841,2159
68,3,-0.21824918943955535,-0.23188504865851176,932,2068
68,30,-0.26230563989327443,-0.1691355293002052,119,2881
68,31,-0.26967326277036363,-0.2444545397626643,927,2073
68,32,-0.2166851236618679,-0.13839474080674538,330,2670
68,33,-0.2422661200149087,-0.22765315750110895,1015,1985
68,34,-0.2343216033989101,-0.1447368886760552,246,2754
68,35,-0.24305237090708975,-0.12132832211123327,138,2862
68,36,-0.25787728026533996,-0.16055372051190103,82,2918
68,37,-0.2643021649009673,-0.12480374353229569,141,2859
68,38,-0.22756732085805564,-0.17260172744440883,243,2757
68,39,-0.24563993725200703,-0.23786537267818783,1139,1861
68,4,-0.21149088243379463,-0.1896982075782915,939,2061
68,40,-0.29772410589874587,-0.18854583853071735,24,2976
68,41,-0.2690999356440195,-0.15805789467305428,2,2998
68,42,-0.2319338658740479,-0.1450655422557244,103,2897
68,43,-0.2687922884419316,-0.24705736629185915,836,2164
68,44,-0.2878232165780305,-0.3686865305609591,1398,1602
68,45,-0.23910645339216768,-0.11853647836003778,33,2967
68,46,-0.23104560110548134,-0.10880365428041519,15,2985
68,47,-0.2600909343973277,-0.3393183690816776,1788,1212
68,48,-0.2534271952575028,-0.11791338269989277,34,2966
68,49,-0.2443794553098154,-0.3270203649411846,1481,1519
68,5,-0.24889827396254136,-0.11013289870486447,0,3000
68,50,-0.2328408453338321,-0.09471589037202419,0,3000
68,51,-0.2013753368646037,-0.10963446317962246,95,2905
68,52,-0.25197573975372173,-0.19507055861107037,388,2612
68,53,-0.2556182373069453,-0.20374922834898174,413,2587
68,54,-0.2667896678966789,-0.2115923867479146,988,2012
68,55,-0.2747333578521515,-0.2367119891003361,864,2136
68,56,-0.2651668817997418,-0.2259048892845466,626,2374
68,57,-0.2532775453277546,-0.15674109897644892,174,2826
68,58,-0.19968451331539397,-0.07015235820437445,17,2983
68,59,-0.21218836565096963,-0.1691854805468124,633,2367
68,6,-0.19906559179186517,-0.0966808856064137,381,2619
68,60,-0.26507688058189843,-0.11920682404953124,110,2890
68,61,-0.23831211079096565,-0.1028993067245802,7,2993
68,62,-0.2634664712348846,-0.2581422236769253,1284,1716
68,63,-0.22736549165120595,-0.2117643556045267,1057,1943
68,64,-0.26727642276422764,-0.16035200533994115,66,2934
68,65,-0.25893515106853354,-0.11565865167855702,8,2992
68,66,-0.2220488342206719,-0.1505102629011766,470,2530
68,67,-0.23256880733944943,-0.05497896002654546,0,3000
68,68,-0.2513461713972803,-0.16415362858985877,194,2806
68,69,-0.251864125932063,-0.16413334414949707,791,2209
68,7,-0.27306099397590355,-0.19025242564506684,378,2622
68,70,-0.26505139500734215,-0.22424516536518785,586,2414
68,71,-0.24292583687812094,-0.37906733527553005,2094,906
68,72,-0.27048805054482183,-0.2554144833784574,1391,1609
68,73,-0.23189074467103443,-0.170719577585758,772,2228
68,74,-0.23089778107882264,-0.24245611684363655,1716,1284
68,75,-0.2289801568989386,-0.14484129082004238,23,2977
68,76,-0.23124825727298076,-0.18862556679059087,493,2507
68,77,-0.2549475053423767,-0.15988177268089007,39,2961
68,78,-0.27628542416689744,-0.19116538438437042,419,2581
68,79,-0.24635944700460832,-0.09682339557560111,0,3000
68,8,-0.24493196334351572,-0.3124240876391297,1257,1743
68,80,-0.2802988882813925,-0.11185992730691245,0,3000
68,81,-0.2509043687969576,-0.18060768550550768,144,2856
68,82,-0.25029841153245797,-0.5183406265563514,2501,499
68,83,-0.2475229357798164,-0.28750707203915016,1254,1746
68,84,-0.22219134944892105,-0.24253164936492688,1652,1348
68,85,-0.26795274136976177,-0.19499118742809507,209,2791
68,86,-0.2514614456713372,-0.10672232309940778,16,2984
68,87,-0.2467222884386173,-0.1985202195600173,460,2540
68,88,-0.23253224459497088,-0.15428882362377608,295,2705
68,89,-0.2432632651171404,-0.19063766857391262,424,2576
68,9,-0.2581002492384381,-0.1792177972689581,191,2809
68,90,-0.23679775280898877,-0.11631587842635016,122,2878
68,91,-0.25124469850636166,-0.240329383540578,1163,1837
68,92,-0.2736213235294117,-0.18720137934227277,169,2831
68,93,-0.2789885057471264,-0.26759507932789733,1146,1854
68,94,-0.2487060998151571,0.004888196831409709,0,3000
68,95,-0.23273563218390803,-0.14938664656779452,528,2472
68,96,-0.2836403230196898,-0.26273435680276913,965,2035
68,97,-0.22922609735897673,-0.14459283743822082,343,2657
68,98,-0.2656537753222835,-0.1299720740170327,42,2958
68,99,-0.22613157412497703,-0.15241601777547,390,2610
69,1,-0.21510871585207209,-0.1383595274729578,453,2547
69,10,-0.24466109563602612,-0.23141486570485034,947,2053
69,100,-0.23031934645376903,-0.17619860122721495,932,2068
69,11,-0.24503190519598905,-0.1154458174447944,1,2999
69,12,-0.24373284537968892,-0.15590776878890703,258,2742
69,13,-0.24621950088134334,-0.16235392088334713,123,2877
69,14,-0.23294983893235163,-0.16758421252559896,229,2771
69,15,-0.24656016252654914,-0.3070468661413786,1231,1769
69,16,-0.24066045567752048,-0.32223381423480885,1000,2000
69,17,-0.2528714676390155,-0.12227952757225209,6,2994
69,18,-0.28740591151092343,-0.23313154450098023,467,2533
69,19,-0.2351528585942551,-0.171724485333216,568,2432
69,2,-0.24582991523106376,-0.17083388499642885,60,2940
69,20,-0.25380616412922385,-0.06653262349209556,0,3000
69,21,-0.2218631705290371,-0.09671797455304021,130,2870
69,22,-0.26072088724584097,-0.1963999312440801,273,2727
69,23,-0.23928604629543548,-0.10709214363877831,0,3000
69,24,-0.2637474541751528,-0.17932950257959893,157,2843
69,25,-0.25408466394355733,-0.23992238888452758,1072,1928
69,26,-0.23275782476225654,-0.12098589022831002,0,3000
69,27,-0.21385514235370492,-0.07332504116745098,0,3000
69,28,-0.21505276800592485,-0.14454164831339714,79,2921
69,29,-0.2411009174311926,-0.3758061344321862,1188,1812
69,3,-0.2776013789349542,-0.19259088202191352,201,2799
69,30,-0.24005891016200295,-0.1550347230069972,114,2886
69,31,-0.23549743110695934,-0.2294572382901915,1391,1609
69,32,-0.23960267359821755,-0.16313662839358908,97,2903
69,33,-0.26078503980744305,-0.15840379664118942,271,2729
69,34,-0.24317188638018936,-0.21275410853817175,618,2382
69,35,-0.20762081784386618,-0.13770744141663466,249,2751
69,36,-0.2665437788018433,-0.20325877390209335,365,2635
69,37,-0.24030717362802023,-0.2853433285709014,1241,1759
69,38,-0.22754104408780665,-0.30682668948448394,1000,2000
69,39,-0.24977017834160695,-0.18639170805136143,449,2551
69,4,-0.22374556985637015,-0.14160812911088724,193,2807
69,40,-0.2606461086637298,-0.17399120870315202,33,2967
69,41,-0.23890942698706097,-0.11202553700344557,7,2993
69,42,-0.26289926289926285,-0.07961870001198572,0,3000
69,43,-0.24775400574233591,-0.176983393148831,573,2427
69,44,-0.2816939890710384,-0.19721344543045027,100,2900
69,45,-0.2447689017018506,-0.08986500127455371,0,3000
69,46,-0.25264222038415585,-0.20798971803713157,391,2609
69,47,-0.24645997223507632,-0.2012439528430942,927,2073
69,48,-0.26563217335414563,-0.09979011963724851,0,3000
69,49,-0.23042113040265977,-0.0667704646735488,0,3000
69,5,-0.2515422152656293,-0.1945455408950068,610,2390
69,50,-0.283471837488458,-0.2234144190991628,267,2733
69,51,-0.253027641675141,-0.273454353427579,1025,1975
69,52,-0.28490600474539146,-0.18570704379551778,7,2993
69,53,-0.2558436815193572,-0.17313510427950826,44,2956
69,54,-0.2415976166092543,-0.2641170532470816,1010,1990
69,55,-0.2430208911074136,-0.14349453272734833,288,2712
69,56,-0.25233731370915485,-0.16992602474883262,537,2463
69,57,-0.25943223443223434,-0.15825894602683546,324,2676
69,58,-0.24408365437534396,-0.15442154827077634,165,2835
69,59,-0.26362889233859926,-0.1770774267940033,85,2915
69,6,-0.27803308823529405,-0.2855080985693129,1350,1650
69,60,-0.25342080599812555,-0.49241401834810605,2573,427
69,61,-0.2753900903367095,-0.22948713024773718,701,2299
69,62,-0.2569770654877039,-0.13388577568595558,36,2964
69,63,-0.23805163889397546,-0.16340986199309243,608,2392
69,64,-0.23763283253939174,-0.1360681772785434,98,2902
69,65,-0.28496212820986505,-0.127801040650713,1,2999
69,66,-0.2507199256850905,-0.20813518946541792,497,2503
69,67,-0.2589137262146684,-0.31511317668185657,1358,1642
69,68,-0.2420682638053835,-0.26922148761600023,1327,1673
69,69,-0.26551027900146845,-0.1870145871820953,32,2968
69,7,-0.25627864344637946,-0.15059742151281116,95,2905
69,70,-0.25248893805309736,-0.23060271484885797,1020,1980
69,71,-0.2622859270290394,-0.1718734298645355,99,2901
69,72,-0.24783888173625163,-0.09612145375420701,3,2997
69,73,-0.25388220159882385,-0.3032909736196236,1090,1910
69,74,-0.2898071625344352,-0.18453887842212824,271,2729
69,75,-0.24547803617571065,-0.21565659216492963,668,2332
69,76,-0.2515070017620329,-0.09207507271693816,0,3000
69,77,-0.2569071017986278,-0.1285797689877054,13,2987
69,78,-0.26104602896411766,-0.22342317640665685,409,2591
69,79,-0.2657407407407407,-0.16728180052687006,14,2986
69,8,-0.24330966684871658,-0.2963787280186713,1002,1998
69,80,-0.27556213565281756,-0.19484226637081634,100,2900
69,81,-0.20276412206659863,-0.11230332497125084,6,2994
69,82,-0.23869140089554963,-0.3859951079503628,1932,1068
69,83,-0.26622479977906655,-0.11094750860775757,0,3000
69,84,-0.2414367709683392,-0.14254913749795287,94,2906
69,85,-0.24503005085529353,-0.20788475208471946,702,2298
69,86,-0.23914248752541123,-0.19176932759192333,510,2490
69,87,-0.2470752089136491,-0.188242631055135,293,2707
69,88,-0.24564779182701107,-0.22371180587504436,1075,1925
69,89,-0.2917966599376033,-0.19679290369377378,78,2922
69,9,-0.26416802462429845,-0.21550032824713244,464,2536
69,90,-0.2845065245359309,-0.19827872451416087,267,2733
69,91,-0.25706057227796353,-0.1436824332775491,193,2807
69,92,-0.2737102538257125,-0.18618013127985034,844,2156
69,93,-0.22793377846885585,-0.15849323507457855,119,2881
69,94,-0.26846747519294384,-0.20929260461634394,82,2918
69,95,-0.23188405797101447,-0.10610044439821789,146,2854
69,96,-0.25649261264568235,-0.12507529922838112,148,2852
69,97,-0.24242987181868847,-0.17872741795499358,75,2925
69,98,-0.2732799115777839,-0.24150103295572292,1127,1873
69,99,-0.23122929701877065,-0.20062469892884177,779,2221
7,1,-0.25123152709359603,-0.2085246427633385,501,2499
7,10,-0.27292899408284027,-0.18736571060990012,26,2974
7,100,-0.235947879407256,-0.24990583178614748,1757,1243
7,11,-0.20363543917630608,-0.13818150118724487,504,2496
7,12,-0.23952846751943813,-0.15317617312997056,285,2715
7,13,-0.24783644801204066,-0.2603776092931816,1802,1198
7,14,-0.24587479531427134,-0.1925675143265454,259,2741
7,15,-0.22979258328095534,-0.24573602031329442,1481,1519
7,16,-0.24091250940085238,-0.17140056743691948,195,2805
7,17,-0.2486832204665162,-0.1613248387622053,70,2930
7,18,-0.23789155868662726,-0.37075831177624,1312,1688
7,19,-0.25710334422931863,-0.2600862276112136,1607,1393
7,2,-0.24744197654105318,-0.2895079821957337,1814,1186
7,20,-0.2579957356076759,-0.20652612571529572,406,2594
7,21,-0.262348380642741,-0.3806213626789081,1169,1831
7,22,-0.2642988364972444,-0.15165367505963642,609,2391
7,23,-0.25417809927662766,-0.16969861251179227,213,2787
7,24,-0.24861739567621918,-0.26008111100567444,1669,1331
7,25,-0.20269250125817823,-0.17044939929856787,630,2370
7,26,-0.26090761345168156,-0.2316709924353248,794,2206
7,27,-0.25638166047087985,-0.22569648266189785,776,2224
7,28,-0.22268800813008136,-0.2770136781403899,2566,434
7,29,-0.23287844326509993,-0.17610606330966758,774,2226
7,3,-0.2239309827456865,-0.13469121099325868,1,2999
7,30,-0.2574319260554583,-0.19578623934219494,283,2717
7,31,-0.2522889114954221,-0.3747937790931662,2102,898
7,32,-0.22687169145449965,-0.12972754423805735,0,3000
7,33,-0.2385194479297365,-0.2206556966025451,920,2080
7,34,-0.20423696562222507,-0.1334320826199557,193,2807
7,35,-0.27069546759895124,-0.19884795075561282,162,2838
7,36,-0.2374055415617129,-0.24073181993832585,1570,1430
7,37,-0.26480967985883536,-0.28059495016526864,1810,1190
7,38,-0.2940580260990752,-0.2942730867316608,1197,1803
7,39,-0.24874812218327497,-0.19430399655369288,522,2478
7,4,-0.2612043933846736,-0.1638364992855006,160,2840
7,40,-0.268080272624006,-0.3189985103831541,1008,1992
7,41,-0.23388419326352972,-0.16653169376107915,236,2764
7,42,-0.22925050301810868,-0.20280107965703106,967,2033
7,43,-0.2535885167464114,-0.21998061729397167,713,2287
7,44,-0.2730007520681876,-0.252253958185179,1199,1801
7,45,-0.2745368052078117,-0.1701754444149882,42,2958
7,46,-0.25787106446776614,-0.19161781651151566,520,2480
7,47,-0.24518499746578815,-0.16403203249877785,313,2687
7,48,-0.24535691724573597,-0.20059610593412833,703,2297
7,49,-0.26128266033254166,-0.24308499831724362,839,2161
7,5,-0.23012552301255226,-0.14079590147936152,405,2595
7,50,-0.24899497487437183,-0.22991979553175834,1189,1811
7,51,-0.24519414385741573,-0.2567512082244655,1705,1295
7,52,-0.2456891126494651,-0.24798590842723023,1466,1534
7,53,-0.27098168870803663,-0.19313467087622177,204,2796
7,54,-0.2764735902015821,-0.10461077921428161,0,3000
7,55,-0.2560392551585305,-0.3046406302231083,1147,1853
7,56,-0.24330077635862754,-0.27018639202570693,2034,966
7,57,-0.24815694114706988,-0.232903556420368,1213,1787
7,58,-0.2642928786359077,-0.32669242581965086,1084,1916
7,59,-0.23996465539005302,-0.18755534937998608,240,2760
7,6,-0.28550386645390946,-0.24463113519602692,713,2287
7,60,-0.24493623405851464,-0.19784283743301675,517,2483
7,61,-0.2674937965260546,-0.15596758216481527,14,2986
7,62,-0.2593428643090043,-0.17535961519551654,239,2761
7,63,-0.2554726368159203,-0.1727458532148263,122,2878
7,64,-0.20775588048315327,-0.24717811912920717,2496,504
7,65,-0.26421278204966603,-0.19864639497042086,407,2593
7,66,-0.25187499999999996,-0.23767265012618627,1225,1775
7,67,-0.2642369020501139,-0.34919173583495333,2853,147
7,68,-0.2441845684504894,-0.27488147308953453,1624,1376
7,69,-0.2566150773839242,-0.22310023708716942,775,2225
7,7,-0.22431680161943313,-0.17767690490317553,523,2477
7,70,-0.23979277167879617,-0.17115361721199054,313,2687
7,71,-0.2460922846067275,-0.26443408684775616,2045,955
7,72,-0.23890569843671197,-0.26199235361459333,2040,960
7,73,-0.24498603706524494,-0.20263812815108992,1285,1715
7,74,-0.25392083644510827,-0.38205370308479714,2557,443
7,75,-0.25614521618555397,-0.1715599187559368,274,2726
7,76,-0.24855491329479776,-0.15645339923342413,126,2874
7,77,-0.2749462501580878,-0.25691033754195136,1162,1838
7,78,-0.24971878515185597,-0.24337659416881915,1275,1725
7,79,-0.24864113260017692,-0.33780376876649504,1299,1701
7,8,-0.2727611014636566,-0.17300880389753118,49,2951
7,80,-0.2572619348320283,-0.199458699840808,359,2641
7,81,-0.25028072364316906,-0.20603887471231006,759,2241
7,82,-0.2275774826059456,-0.228075120091667,1621,1379
7,83,-0.2694866323584788,-0.1505614804229313,223,2777
7,84,-0.25914328657314634,-0.2941228892665103,2491,509
7,85,-0.2414923115704563,-0.2122908768954542,803,2197
7,86,-0.25230574857864807,-0.34497822362918035,2880,120
7,87,-0.21594892338507762,-0.13424831482264288,101,2899
7,88,-0.2676444778738874,-0.3408048609123318,1612,1388
7,89,-0.21691405762754137,-0.27572470815194483,1379,1621
7,9,-0.23985333164749018,-0.2561401067486354,1845,1155
7,90,-0.23866917765222848,-0.17364327849792388,273,2727
7,91,-0.2752006018054162,-0.23974722577527216,567,2433
7,92,-0.22607927291088104,-0.15826757113442058,822,2178
7,93,-0.23385045778229907,-0.23754646776184205,1606,1394
7,94,-0.2404198811179967,-0.26646565703345965,1953,1047
7,95,-0.2623793406042371,-0.45874502065122247,1644,1356
7,96,-0.24219430277397694,-0.15868121332531318,206,2794
7,97,-0.2699562773266709,-0.27671758821573206,1628,1372
7,98,-0.23383768913342504,-0.21467924929343465,1062,1938
7,99,-0.23773063888540227,-0.17297854495416434,345,2655
70,1,-0.2086690747429842,-0.1319793144393894,89,2911
70,10,-0.2530053634177918,-0.15814882597034768,37,2963
70,100,-0.27898148148148144,-0.22252160713630223,301,2699
70,11,-0.23979028697571753,-0.17861467224943844,214,2786
70,12,-0.2563253289171037,-0.16545946982740886,27,2973
70,13,-0.23311526766792587,-0.13595644026222345,0,3000
70,14,-0.25102918305735983,-0.3719837616132234,1078,1922
70,15,-0.2584839542604206,-0.1509274213247412,0,3000
70,16,-0.2484999538447336,-0.13946194617069688,79,2921
70,17,-0.212333179935573,-0.13201879135592545,266,2734
70,18,-0.2223559918503426,-0.14417489908652104,129,2871
70,19,-0.2376973925817114,-0.20781265120659992,451,2549
70,2,-0.28128491620111734,-0.20703186684758934,564,2436
70,20,-0.26065604151223126,-0.22973690660179574,827,2173
70,21,-0.2331429624170966,-0.16599073575751894,43,2957
70,22,-0.24772581089773044,-0.17709276178027777,251,2749
70,23,-0.2636371998896146,-0.19077221572878136,95,2905
70,24,-0.2440630797773655,-0.1796788878944151,111,2889
70,25,-0.22915310960304913,-0.18750377268610627,587,2413
70,26,-0.25904779445621134,-0.4155708841768277,2156,844
70,27,-0.2350050987299527,-0.14017651854005156,35,2965
70,28,-0.2978529008679763,-0.23904228979887737,410,2590
70,29,-0.26475734413850255,-0.23760292349696766,940,2060
70,3,-0.25286506469500925,-0.1997315964401598,555,2445
70,30,-0.22588949158775404,-0.2605474584279168,1644,1356
70,31,-0.2582042772861357,-0.14059814692984765,0,3000
70,32,-0.26978879706152437,-0.22378904673698422,337,2663
70,33,-0.2730535615681943,-0.12591405020916413,0,3000
70,34,-0.2571902654867257,-0.17103145780427126,19,2981
70,35,-0.23713811543426147,-0.13716419137863564,538,2462
70,36,-0.21294498381877028,-0.43154834700316164,1161,1839
70,37,-0.2529976019184652,-0.20693391551693935,353,2647
70,38,-0.29507596558667404,-0.23357966376930056,484,2516
70,39,-0.24893656371370446,-0.18941519215637134,572,2428
70,4,-0.2867004141739531,-0.3172901581912614,1002,1998
70,40,-0.279254590298712,-0.20432404400861995,335,2665
70,41,-0.2484105777204459,-0.2169437073660346,524,2476
70,42,-0.2759418679996297,-0.1869629767562109,27,2973
70,43,-0.23836518240833868,-0.4208093224912072,2195,805
70,44,-0.24713013132519054,-0.16168328646271235,42,2958
70,45,-0.24702910077664458,-0.44784130994168236,1293,1707
70,46,-0.23079067174579584,-0.08079456393706892,0,3000
70,47,-0.22993272509446142,-0.16864820095798325,701,2299
70,48,-0.23310779497636488,-0.3396207455198836,1120,1880
70,49,-0.260901496373818,-0.18422241808695064,415,2585
70,5,-0.2321510824504836,-0.14834115321219038,41,2959
70,50,-0.2426873857404023,-0.15832435508268508,299,2701
70,51,-0.24579465024358862,-0.26735492092500013,1301,1699
70,52,-0.2561907392064807,-0.3691403314047872,1239,1761
70,53,-0.25920784749213394,-0.19767020168301458,428,2572
70,54,-0.22004276285209626,-0.1927466158954824,894,2106
70,55,-0.2633217359457974,-0.409964000815241,1263,1737
70,56,-0.260567940061049,-0.3249881024491108,1087,1913
70,57,-0.25970425138632164,-0.3435775188002698,1000,2000
70,58,-0.27831744868035196,-0.13414490280766006,0,3000
70,59,-0.22703894195444518,-0.17642051893912575,142,2858
70,6,-0.28338523539109733,-0.20547131564019974,20,2980
70,60,-0.2561325557715449,-0.15527321508099742,14,2986
70,61,-0.25466814568312074,-0.15433539768258828,54,2946
70,62,-0.2578471196454947,-0.1504908986530638,45,2955
70,63,-0.23967017865322948,-0.3702222520639265,1017,1983
70,64,-0.27235996326905415,-0.1375932057014631,10,2990
70,65,-0.23575439565497563,-0.1934128597773797,351,2649
70,66,-0.24448138911979309,-0.1968438605067503,227,2773
70,67,-0.27159583294920253,-0.21987921238007774,402,2598
70,68,-0.2681935722201699,-0.17625958021269134,1,2999
70,69,-0.2546465014577259,-0.23297369782788518,1008,1992
70,7,-0.2816155988857939,-0.1858227617962997,30,2970
70,70,-0.2723416028774324,-0.17929873921187742,172,2828
70,71,-0.264423076923077,-0.39876378479920543,1323,1677
70,72,-0.24967562557924008,-0.2254647536096841,908,2092
70,73,-0.2523636363636364,-0.18168495687372008,91,2909
70,74,-0.22807017543859653,-0.1766405059677539,371,2629
70,75,-0.23947295678614205,-0.14946229900889754,161,2839
70,76,-0.2515793385358602,-0.2664397919366884,1002,1998
70,77,-0.21524497545614527,-0.13026943391638848,98,2902
70,78,-0.22717523081227273,-0.14199005048116856,911,2089
70,79,-0.2711879919458174,-0.18148370885894355,15,2985
70,8,-0.25136764024107555,-0.17002770302618173,14,2986
70,80,-0.22304311231646878,-0.3104454924950987,1103,1897
70,81,-0.2819134142949847,-0.1636747333670559,7,2993
70,82,-0.24372793161122475,-0.12322212202547725,428,2572
70,83,-0.2625657105966984,-0.23247922486046999,1003,1997
70,84,-0.2547308469593973,-0.18035906686248626,270,2730
70,85,-0.23999627768471987,-0.09950416887829944,0,3000
70,86,-0.27850416019018015,-0.19168697172179375,18,2982
70,87,-0.24275261646753737,-0.14063271012505182,1,2999
70,88,-0.23606587884991165,-0.10519975227701224,0,3000
70,89,-0.243666513127591,-0.20604236259373607,821,2179
70,9,-0.2649792913023471,-0.2072799098684546,318,2682
70,90,-0.24723960250276036,-0.2161660161412924,858,2142
70,91,-0.22598663126087348,-0.20057805972724785,928,2072
70,92,-0.2558717877866814,-0.2082738130565074,415,2585
70,93,-0.24342044510111743,-0.17724841534555988,121,2879
70,94,-0.24383284241531666,-0.1280317679172505,1,2999
70,95,-0.28196211219913964,-0.2086857221956357,113,2887
70,96,-0.2381702009445319,-0.26983127493733267,1000,2000
70,97,-0.2752654705236177,-0.36946907113157285,1000,2000
70,98,-0.28477245673473117,-0.2777275336570287,1284,1716
70,99,-0.24974805313788356,-0.19444232920071858,89,2911
71,1,-0.2176492398961809,-0.131329006782215,0,3000
71,10,-0.26043298019345923,-0.13748857709639023,0,3000
71,100,-0.2545168164551097,-0.28798596260973947,1325,1675
71,11,-0.24905695096145003,-0.29682845142636566,1000,2000
71,12,-0.2465475971276008,-0.1680134235249398,95,2905
71,13,-0.23954302561267735,-0.15600808022453513,18,2982
71,14,-0.22785044994897483,-0.24508260818699662,1089,1911
71,15,-0.24097615291825192,-0.19698199849480577,639,2361
71,16,-0.241053404294366,-0.21182422188092487,522,2478
71,17,-0.24233725344939339,-0.4045694245695376,2000,1000
71,18,-0.21079163554891714,-0.1323471017494239,17,2983
71,19,-0.24286643740124544,-0.1751506863076299,18,2982
71,2,-0.27508238740388136,-0.15937463361282567,0,3000
71,20,-0.23872922596639434,-0.20480838791709519,366,2634
71,21,-0.23599742481375877,-0.3626820748490188,1237,1763
71,22,-0.21768771012327237,-0.30220860286627943,1017,1983
71,23,-0.2649706098457017,-0.160591197930036,14,2986
71,24,-0.2551679586563308,-0.18419255538336538,544,2456
71,25,-0.2554128440366972,-0.2288910587029391,784,2216
71,26,-0.24578469520103757,-0.14278500668386773,385,2615
71,27,-0.26456577500916084,-0.17075669515188865,10,2990
71,28,-0.28355057829998154,-0.1848022351410226,12,2988
71,29,-0.27823767476085365,-0.2001690208597749,80,2920
71,3,-0.24693180769585682,-0.28562808642241094,1762,1238
71,30,-0.2601177336276675,-0.3214462357345631,1006,1994
71,31,-0.24914644274245643,-0.18857588376596132,701,2299
71,32,-0.23723031532362154,-0.16917187535224415,95,2905
71,33,-0.24808702867152208,-0.31096442770829275,1000,2000
71,34,-0.23397583694549481,-0.1372594666900938,3,2997
71,35,-0.22353805195997425,-0.10515628150120539,102,2898
71,36,-0.251656247084072,-0.1917131419543882,138,2862
71,37,-0.23507771544192027,-0.3122726444720902,1572,1428
71,38,-0.24531468531468523,-0.4435656129220679,1341,1659
71,39,-0.26519439547183826,-0.22510735111795582,545,2455
71,4,-0.26053462038240205,-0.17601719165088525,227,2773
71,40,-0.2453737971872687,-0.1496492483523599,30,2970
71,41,-0.2574839302112029,-0.19164674443517982,94,2906
71,42,-0.27177604405690675,-0.1808044104802791,119,2881
71,43,-0.24225273705696784,-0.1467168880079565,0,3000
71,44,-0.2426415797317437,-0.20445467396859732,260,2740
71,45,-0.2724326326511714,-0.156882918231957,0,3000
71,46,-0.2754644458680332,-0.20970566780019775,25,2975
71,47,-0.25980660463419075,-0.33749152235824426,1006,1994
71,48,-0.2821184616824179,-0.16918352919780377,57,2943
71,49,-0.24036866359447007,-0.1838991209270082,312,2688
71,5,-0.24902579328261262,-0.17415866708277156,133,2867
71,50,-0.2435247488247765,-0.16540672724019795,86,2914
71,51,-0.25328521191930403,-0.1436982418311971,0,3000
71,52,-0.24371444301706738,-0.14228460721764707,0,3000
71,53,-0.2693301347112014,-0.22261639387844062,299,2701
71,54,-0.26117668928339066,-0.16602420258156642,19,2981
71,55,-0.26516194146251953,-0.19671299058499622,60,2940
71,56,-0.2190799742906988,-0.14187761754357486,22,2978
71,57,-0.2582168317748356,-0.21123430874038146,836,2164
71,58,-0.2310357403355215,-0.17393186306853742,41,2959
71,59,-0.2856089920766537,-0.21078044961485273,137,2863
71,6,-0.2959743824336688,-0.1212306045864106,0,3000
71,60,-0.2525919809156804,-0.2338170206888083,1043,1957
71,61,-0.26288039959300724,-0.2003088367755351,60,2940
71,62,-0.2594474729742216,-0.20258669321457057,297,2703
71,63,-0.2673385249656436,-0.16922571690932017,10,2990
71,64,-0.25401781614473323,-0.18616954539388034,123,2877
71,65,-0.25706632181784583,-0.2475500030487566,1195,1805
71,66,-0.244561209439528,-0.18207614028094896,401,2599
71,67,-0.28717147583164854,-0.18000963925603117,6,2994
71,68,-0.2607772546847595,-0.2056980005614423,85,2915
71,69,-0.251600928074246,-0.20339391657505704,157,2843
71,7,-0.24405690683799902,-0.11613058691435663,82,2918
71,70,-0.2624375809136305,-0.23034194208296913,831,2169
71,71,-0.23232881762049587,-0.1364922135576517,0,3000
71,72,-0.24626658009461092,-0.1379575885454147,0,3000
71,73,-0.2815060296419037,-0.22129230482532744,514,2486
71,74,-0.2585871678548282,-0.18040813253347152,272,2728
71,75,-0.22321934630644247,-0.14928102646636923,410,2590
71,76,-0.2630793621188101,-0.2039057219262856,128,2872
71,77,-0.207453764244349,-0.16940974960109648,834,2166
71,78,-0.28472350656556317,-0.19564788804322175,67,2933
71,79,-0.26991191469633746,-0.12488228466179749,0,3000
71,8,-0.25400436840189294,-0.2889003556123843,1184,1816
71,80,-0.26405264601041945,-0.16698130068786635,0,3000
71,81,-0.22808479126168665,-0.4140223998466502,2012,988
71,82,-0.2628329186250115,-0.15572021864066127,96,2904
71,83,-0.23820493918171767,-0.3029259180755594,1103,1897
71,84,-0.24605069801616453,-0.1297562137220179,174,2826
71,85,-0.23519630484988446,-0.1502568103476927,1,2999
71,86,-0.21408814309422822,-0.16093671605017296,161,2839
71,87,-0.2651260121917932,-0.1639154462460218,211,2789
71,88,-0.23751849112426043,-0.22216809993515366,952,2048
71,89,-0.253391562906523,-0.14558894392936514,1,2999
71,9,-0.2227636296773008,-0.10732658943724745,0,3000
71,90,-0.23382026627218935,-0.15910698712644253,0,3000
71,91,-0.23673770643048242,-0.19155543212975573,494,2506
71,92,-0.27598500777036294,-0.3295641406071808,1000,2000
71,93,-0.23120802281718653,-0.11690031522860078,1,2999
71,94,-0.2571139147251128,-0.1812390010690234,50,2950
71,95,-0.25328399629972254,-0.16845529398636225,0,3000
71,96,-0.25388263740351535,-0.18544225091057726,178,2822
71,97,-0.2564714521755094,-0.2024252381767683,753,2247
71,98,-0.2295142751205043,-0.36201301284868437,1005,1995
71,99,-0.23257305120454336,-0.2721145362157128,1417,1583
72,1,-0.23965422107780024,-0.18408702877348487,154,2846
72,10,-0.24258064516129035,-0.13439088653195397,0,3000
72,11,-0.265869365225391,-0.6562578418286896,2000,1000
72,12,-0.23876611418047872,-0.1619581573376877,0,3000
72,13,-0.26547519314902734,-0.16628611832327067,0,3000
72,14,-0.23151660960488574,-0.1015017427173165,0,3000
72,15,-0.27325635103926094,-0.23173275752780015,1000,2000
72,16,-0.2539565016196205,-0.19105944303193856,11,2989
72,17,-0.20523008686009983,-0.28171590362931165,1904,1096
72,18,-0.2036476949867107,-0.15430421675031808,51,2949
72,19,-0.24080763174956013,-0.21367003123162026,844,2156
72,2,-0.2367048054919909,-0.19240325578324424,971,2029
72,20,-0.23835869064084836,-0.2709075287388298,1024,1976
72,21,-0.24352952012526488,-0.17099835566087665,145,2855
72,22,-0.22920741361646635,-0.12944114477584226,0,3000
72,23,-0.23283143591626893,-0.15061606002950712,0,3000
72,24,-0.2679934569247546,-0.1920885476305399,6,2994
72,25,-0.24739607337081757,-0.1401622620133982,0,3000
72,26,-0.24359925788497214,-0.1820800948757651,0,3000
72,27,-0.2709314132742546,-0.16484175059992454,0,3000
72,28,-0.266203059805285,-0.3441105966182141,1000,2000
72,3,-0.26733400679584896,-0.17645845187635129,1,2999
72,4,-0.2573495741368258,-0.17475468504592598,113,2887
72,5,-0.2626457357936288,-0.19956174604667654,775,2225
72,6,-0.24528648946932757,-0.25755172384225805,1000,2000
72,7,-0.2561945688945781,-0.14586154112189903,0,3000
72,8,-0.25742392203732645,-0.49417768609277485,2000,1000
72,9,-0.24533308931185943,-0.21650410982530238,980,2020
8,1,-0.2687318977458759,-0.19805499286594236,117,2883
8,10,-0.21876172607879926,-0.2956302203250299,1025,1975
8,100,-0.2714483105137546,-0.2912758197663527,1658,1342
8,11,-0.24526883068053637,-0.3307336739914511,1113,1887
8,12,-0.24207712867506673,-0.3035645986601361,1933,1067
8,13,-0.24333501006036218,-0.16316293322372563,72,2928
8,14,-0.2376423476410963,-0.2562261403607129,1381,1619
8,15,-0.2528648784787811,-0.1577468922108898,6,2994
8,16,-0.21319924575738525,-0.11762635385052572,0,3000
8,17,-0.23890569843671197,-0.16941713737907912,64,2936
8,18,-0.26761628639858825,-0.2220545673799425,398,2602
8,19,-0.2082589854703034,-0.17791604563265281,712,2288
8,2,-0.23235367997990455,-0.1923811498380798,377,2623
8,20,-0.25851103628881417,-0.18587312115595567,100,2900
8,21,-0.2298004987531172,-0.21487695220689965,1095,1905
8,22,-0.23658505645058991,-0.13484476284587632,70,2930
8,23,-0.2817352723687454,-0.23426213238211882,346,2654
8,24,-0.25006254691018265,-0.22410620025230682,808,2192
8,25,-0.25686470294558167,-0.1456088606333747,0,3000
8,26,-0.2321989200050232,-0.1569509809414824,14,2986
8,27,-0.2653035143769969,-0.24791173388698398,1062,1938
8,28,-0.17997465145754124,-0.19640251956991256,1009,1991
8,29,-0.2496882015465203,-0.137017838233805,0,3000
8,3,-0.267064528161134,-0.22000240252048325,336,2664
8,30,-0.23526422764227636,-0.2707751744965333,1110,1890
8,31,-0.25388665997993975,-0.23908167144149153,899,2101
8,32,-0.23131854118847237,-0.15545796215167673,357,2643
8,33,-0.229743459486919,-0.18050241142692108,348,2652
8,34,-0.26293212212969974,-0.45192166332527955,1139,1861
8,35,-0.255335269604748,-0.21837292512309603,693,2307
8,36,-0.2693074240159442,-0.20189197051954247,250,2750
8,37,-0.2506160670280927,-0.2750953069119944,1988,1012
8,38,-0.2286816880368479,-0.21070353208260148,935,2065
8,39,-0.26083697688944413,-0.38733887904814357,1855,1145
8,4,-0.22880823810121811,-0.25830331994848266,1073,1927
8,40,-0.2896033505789603,-0.31324401972001054,1246,1754
8,41,-0.23141531904224644,-0.12408799396505334,0,3000
8,42,-0.2817769947143216,-0.18239464713597575,122,2878
8,43,-0.27128463476070536,-0.22822132094731096,368,2632
8,44,-0.2731984205330701,-0.2753839633237327,1314,1686
8,45,-0.24245460237946154,-0.19387211645971636,311,2689
8,46,-0.22045855379188709,-0.21502151212198434,1189,1811
8,47,-0.28255436140964757,-0.19366107244671898,57,2943
8,48,-0.25444458454167196,-0.24217211674367162,1000,2000
8,49,-0.2171219018715225,-0.28851847179658685,1167,1833
8,5,-0.2554015236667915,-0.2585607694233144,1149,1851
8,50,-0.2874221668742217,-0.19574138700725324,100,2900
8,51,-0.242941397916928,-0.1514894005973471,24,2976
8,52,-0.2331798413916603,-0.15921654849427191,96,2904
8,53,-0.26284139313455274,-0.20936479650400694,411,2589
8,54,-0.25444305381727156,-0.38837523432561577,1857,1143
8,55,-0.2614004485422377,-0.1345597591774616,0,3000
8,56,-0.2578901043631334,-0.3511415604938016,2020,980
8,57,-0.24540107621073703,-0.2313585071465435,976,2024
8,58,-0.2319005959173323,-0.20427295121958206,734,2266
8,59,-0.24031890660592248,-0.24214510729549776,1743,1257
8,6,-0.21416866254884667,-0.12173536646258808,0,3000
8,60,-0.2709725315515962,-0.3106016522048017,1074,1926
8,61,-0.2504431501645986,-0.36017493649117854,1160,1840
8,62,-0.26494446524397847,-0.2337338699557402,449,2551
8,63,-0.23585980007592056,-0.2106559589608827,998,2002
8,64,-0.23122479838709672,-0.21623773261241197,1303,1697
8,65,-0.27635399570761265,-0.21696519218328317,73,2927
8,66,-0.2610441767068274,-0.2848831112147967,2044,956
8,67,-0.2372193327413421,-0.23623664159098892,1667,1333
8,68,-0.277397686279388,-0.19572409206172645,30,2970
8,69,-0.26629422718808193,-0.172668355601979,25,2975
8,7,-0.240317775571003,-0.217549785229785,734,2266
8,70,-0.23434523053473905,-0.17973969581817906,248,2752
8,71,-0.2749098146535639,-0.13421029198456721,1,2999
8,72,-0.25441872043813796,-0.23052170525460927,881,2119
8,73,-0.22218040396437094,-0.1905841696403464,416,2584
8,74,-0.2680541624874624,-0.25500442977165266,1036,1964
8,75,-0.2754632508394478,-0.14240891256590682,0,3000
8,76,-0.23145551873566148,-0.19542800091849682,786,2214
8,77,-0.24715980812926028,-0.34251055474487613,1998,1002
8,78,-0.2326894129453085,-0.27427170182497146,1000,2000
8,79,-0.2320776111881064,-0.20716423797085082,915,2085
8,8,-0.2659786122855011,-0.2737865394770872,1251,1749
8,80,-0.21930261519302613,-0.20766271200608058,1038,1962
8,81,-0.231235019553425,-0.17421579149462854,256,2744
8,82,-0.19667132511752003,-0.21044370847556976,1914,1086
8,83,-0.27156469408224676,-0.30279710237990953,2445,555
8,84,-0.24238594717553394,-0.1995667400670347,507,2493
8,85,-0.23658872077028892,-0.1719338963219748,155,2845
8,86,-0.2375785969670818,-0.2504095878708042,1000,2000
8,87,-0.2701522335912154,-0.23252101074042972,488,2512
8,88,-0.2497826356974288,-0.20579367497887718,336,2664
8,89,-0.27098619574679766,-0.1642076326735866,117,2883
8,9,-0.22935084617327609,-0.21566595557148424,1127,1873
8,90,-0.2543903662819869,-0.30020023359246334,1394,1606
8,91,-0.22393335016409993,-0.16541923053942958,124,2876
8,92,-0.23777637397346804,-0.259616794349339,1811,1189
8,93,-0.2436772888214466,-0.2265128867764332,1029,1971
8,94,-0.20530464156136613,-0.12265676401506857,0,3000
8,95,-0.24231396662065502,-0.17732400668323542,170,2830
8,96,-0.23428858722976373,-0.09443019765036276,5,2995
8,97,-0.24996827813729214,-0.23721168580783974,921,2079
8,98,-0.23917966784096628,-0.3009248091645593,1471,1529
8,99,-0.24391474334720642,-0.25210272372276826,1099,1901
9,20,-0.2507511266900351,-0.2105743614000039,694,2306
9,36,-0.22703444832750871,-0.18886867602267401,844,2156
9,37,-0.2485775698571248,-0.21966781051245796,518,2482
9,38,-0.23693246852346442,-0.20881336167355719,639,2361
9,39,-0.2562730862310533,-0.21799147009757597,336,2664
9,40,-0.24987449799196793,-0.21436363117077625,780,2220
9,41,-0.2655318091451292,-0.20079058524301718,146,2854
9,42,-0.2216291777862498,-0.22108789787618197,1281,1719
9,43,-0.26445556946182724,-0.14362188702925147,16,2984
9,44,-0.23798167440692866,-0.3468101109162634,1702,1298
9,45,-0.259735349716446,-0.28909286950322693,1470,1530
9,46,-0.23249585512052034,-0.227610662486322,1397,1603
9,47,-0.24195752080486896,-0.3450773273383128,2043,957
9,48,-0.20592383638928058,-0.18914693547551825,1138,1862
9,49,-0.24393633148054572,-0.14448347866290384,123,2877
9,50,-0.25366849559780524,-0.17718927735012382,220,2780
9,51,-0.27584467977811394,-0.22886083189229076,984,2016
9,52,-0.2529285804257463,-0.16283444001248729,176,2824
9,53,-0.24940438871473353,-0.20385291971502362,826,2174
9,54,-0.24763542562338778,-0.1864842864466056,616,2384
9,55,-0.24993640295090305,-0.2444328770165343,1133,1867
9,56,-0.259449956046716,-0.23405518954097648,839,2161
9,57,-0.25295508274231676,-0.3996463871764243,2167,833
9,58,-0.22534316217590245,-0.21851806311248567,1648,1352
9,59,-0.25207965717166625,-0.18824121289979462,46,2954
9,60,-0.2144020037570445,-0.1935304422606132,611,2389
9,61,-0.25260253355073375,-0.27342628886358566,1006,1994
9,62,-0.23594803897077188,-0.1783798492014027,496,2504
9,63,-0.23620668084574006,-0.23355907272039814,1358,1642
9,64,-0.25218804701175296,-0.39395595744563655,2000,1000
9,65,-0.23813160239277067,-0.13558550912418613,0,3000
9,66,-0.27518030340711264,-0.2639198254982715,947,2053
9,67,-0.264025590551181,-0.18882903497549564,0,3000
9,68,-0.2389313934529036,-0.3390401719711374,1024,1976
9,69,-0.23041825095057042,-0.11714874058574648,0,3000
9,70,-0.24438061938061945,-0.2232261814519683,781,2219
9,71,-0.2497158014399394,-0.1849800742865395,377,2623
9,72,-0.27527665995975853,-0.18699287990416563,371,2629
9,73,-0.24042288557213926,-0.2895304302889713,1000,2000
9,74,-0.24262982607623046,-0.33549973560171537,1122,1878
