"","simulation_scenario","psi","phi","p","simulation_type","sample_size","volunteer","paid","FS","meancost","sdcost","n.obs.type","ndeploy","secost","costmin","costmax"
"1",1,0.43,0.6,0.4,"CP",1441,10,0,2,6308044.86265339,4600.39222406976,"10 volunteers 0 paid 2 FS",1,460.039222406976,6307143.18577747,6308946.5395293
"2",1,0.43,0.6,0.4,"SRM",1476,10,0,2,6576717.49832763,13142.0842874731,"10 volunteers 0 paid 2 FS",1,1314.20842874731,6574141.64980729,6579293.34684798
"3",1,0.43,0.6,0.4,"UGM",1650,10,0,2,7496451.68628427,24802.6567391721,"10 volunteers 0 paid 2 FS",1,2480.26567391721,7491590.3655634,7501313.00700515
"4",1,0.43,0.6,0.4,"hierarchical",1200,10,0,2,5340561.0067714,12522.3999825994,"10 volunteers 0 paid 2 FS",1,1252.23999825994,5338106.61637481,5343015.39716799
"5",2,0.43,0.6,0.8,"BRE",777,10,0,2,3411004.16986495,2797.51548223239,"10 volunteers 0 paid 2 FS",1,279.751548223239,3410455.85683044,3411552.48289947
"6",2,0.43,0.6,0.8,"CP",746,10,0,2,3270566.46730247,3950.15559961368,"10 volunteers 0 paid 2 FS",1,395.015559961368,3269792.23680495,3271340.6978
"7",2,0.43,0.6,0.8,"SRM",775,10,0,2,3456860.50650923,7841.48013807654,"10 volunteers 0 paid 2 FS",1,784.148013807654,3455323.57640216,3458397.43661629
"8",2,0.43,0.6,0.8,"UGM",782,10,0,2,3559105.68591575,21021.0188284982,"10 volunteers 0 paid 2 FS",1,2102.10188284982,3554985.56622536,3563225.80560613
"9",2,0.43,0.6,0.8,"hierarchical",938,10,0,2,4163158.4520951,10745.0385614753,"10 volunteers 0 paid 2 FS",1,1074.50385614753,4161052.42453705,4165264.47965315
"10",3,0.43,0.8,0.4,"CP",1304,10,0,2,5709127.33418244,4800.07114583083,"10 volunteers 0 paid 2 FS",1,480.007114583083,5708186.52023786,5710068.14812703
"11",3,0.43,0.8,0.4,"SRM",1538,10,0,2,6852127.43441192,12245.5681314635,"10 volunteers 0 paid 2 FS",1,1224.55681314635,6849727.30305815,6854527.56576568
"12",3,0.43,0.8,0.4,"UGM",1538,10,0,2,6989309.79646406,23948.2896561581,"10 volunteers 0 paid 2 FS",1,2394.82896561581,6984615.93169146,6994003.66123667
"13",4,0.43,0.8,0.8,"BRE",680,10,0,2,2986058.94471845,2889.79482187935,"10 volunteers 0 paid 2 FS",1,288.979482187935,2985492.54493336,2986625.34450354
"14",4,0.43,0.8,0.8,"CP",880,10,0,2,3855844.06496298,3805.3673864902,"10 volunteers 0 paid 2 FS",1,380.53673864902,3855098.21295523,3856589.91697073
"15",4,0.43,0.8,0.8,"SRM",825,10,0,2,3679581.28606006,9282.82123672407,"10 volunteers 0 paid 2 FS",1,928.282123672407,3677761.85309767,3681400.71902246
"16",4,0.43,0.8,0.8,"UGM",800,10,0,2,3640644.61552827,19794.1461902435,"10 volunteers 0 paid 2 FS",1,1979.41461902435,3636764.96287498,3644524.26818155
"17",4,0.43,0.8,0.8,"hierarchical",800,10,0,2,3564509.66233322,12512.161652421,"10 volunteers 0 paid 2 FS",1,1251.2161652421,3562057.27864934,3566962.04601709
"18",5,0.6,0.6,0.4,"BRE",904,10,0,2,3966897.80205811,2401.96394949959,"10 volunteers 0 paid 2 FS",1,240.196394949959,3966427.01712401,3967368.58699221
"19",5,0.6,0.6,0.4,"CP",1083,10,0,2,4743364.22402551,4465.0359934468,"10 volunteers 0 paid 2 FS",1,446.50359934468,4742489.07697079,4744239.37108023
"20",5,0.6,0.6,0.4,"SRM",1200,10,0,2,5348844.53182306,10856.780553489,"10 volunteers 0 paid 2 FS",1,1085.6780553489,5346716.60283457,5350972.46081154
"21",5,0.6,0.6,0.4,"UGM",987,10,0,2,4489114.2438505,21852.742343281,"10 volunteers 0 paid 2 FS",1,2185.2742343281,4484831.10635122,4493397.38134978
"22",5,0.6,0.6,0.4,"hierarchical",1071,10,0,2,4762514.97284879,12225.6953809043,"10 volunteers 0 paid 2 FS",1,1222.56953809043,4760118.73655413,4764911.20914344
"23",6,0.6,0.6,0.8,"BRE",409,10,0,2,1800614.21679885,2393.41843581254,"10 volunteers 0 paid 2 FS",1,239.341843581254,1800145.10678543,1801083.32681227
"24",6,0.6,0.6,0.8,"BRW",412,10,0,2,1853393.67503988,5566.7047442032,"10 volunteers 0 paid 2 FS",1,556.67047442032,1852302.60091002,1854484.74916974
"25",6,0.6,0.6,0.8,"CP",402,10,0,2,1766837.75515593,2596.74471472437,"10 volunteers 0 paid 2 FS",1,259.674471472437,1766328.79319184,1767346.71712001
"26",6,0.6,0.6,0.8,"SRM",412,10,0,2,1844133.88316725,6378.54268852323,"10 volunteers 0 paid 2 FS",1,637.854268852323,1842883.6888003,1845384.0775342
"27",6,0.6,0.6,0.8,"UGM",451,10,0,2,2056078.42794878,15354.5964599278,"10 volunteers 0 paid 2 FS",1,1535.45964599278,2053068.92704263,2059087.92885492
"28",6,0.6,0.6,0.8,"hierarchical",586,10,0,2,2612625.28324588,9627.00460658795,"10 volunteers 0 paid 2 FS",1,962.700460658795,2610738.39034299,2614512.17614877
"29",7,0.6,0.8,0.4,"BRE",815,10,0,2,3577745.39677344,2833.79966749269,"10 volunteers 0 paid 2 FS",1,283.379966749269,3577189.97203862,3578300.82150827
"30",7,0.6,0.8,0.4,"CP",931,10,0,2,4079676.79372261,3999.83517331366,"10 volunteers 0 paid 2 FS",1,399.983517331366,4078892.82602864,4080460.76141658
"31",7,0.6,0.8,0.4,"SRM",973,10,0,2,4338460.69281184,9553.33464429252,"10 volunteers 0 paid 2 FS",1,955.333464429252,4336588.23922156,4340333.14640212
"32",7,0.6,0.8,0.4,"UGM",922,10,0,2,4193858.48828736,21267.8100185161,"10 volunteers 0 paid 2 FS",1,2126.78100185161,4189689.99752373,4198026.97905099
"33",7,0.6,0.8,0.4,"hierarchical",1036,10,0,2,4609951.85887068,11023.9893084579,"10 volunteers 0 paid 2 FS",1,1102.39893084579,4607791.15696622,4612112.56077513
"34",8,0.6,0.8,0.8,"BRE",442,10,0,2,1944630.67141874,2375.01854072191,"10 volunteers 0 paid 2 FS",1,237.501854072191,1944165.16778476,1945096.17505272
"35",8,0.6,0.8,0.8,"BRW",408,10,0,2,1835884.30073754,6117.36399549604,"10 volunteers 0 paid 2 FS",1,611.736399549604,1834685.29739443,1837083.30408066
"36",8,0.6,0.8,0.8,"CP",448,10,0,2,1968331.05729103,2614.39350102429,"10 volunteers 0 paid 2 FS",1,261.439350102429,1967818.63616483,1968843.47841723
"37",8,0.6,0.8,0.8,"SRM",504,10,0,2,2251467.98747604,7426.5360289296,"10 volunteers 0 paid 2 FS",1,742.65360289296,2250012.38641437,2252923.58853771
"38",8,0.6,0.8,0.8,"UGM",408,10,0,2,1862171.46958103,14402.6999193371,"10 volunteers 0 paid 2 FS",1,1440.26999193371,1859348.54039684,1864994.39876522
"39",8,0.6,0.8,0.8,"hierarchical",423,10,0,2,1887615.92016885,7029.32366600857,"10 volunteers 0 paid 2 FS",1,702.932366600857,1886238.17273032,1888993.66760739
"40",1,0.43,0.6,0.4,"CP",1441,8,2,2,6554917.06484442,7507.87182443139,"8 volunteers 2 paid 2 FS",1,750.787182443139,6553445.52196683,6556388.60772201
"41",1,0.43,0.6,0.4,"SRM",1476,8,2,2,6877595.78646004,18999.562683551,"8 volunteers 2 paid 2 FS",1,1899.9562683551,6873871.87217406,6881319.70074602
"42",1,0.43,0.6,0.4,"UGM",1650,8,2,2,7912788.8761208,39736.8915472342,"8 volunteers 2 paid 2 FS",1,3973.68915472342,7905000.44537755,7920577.30686406
"43",1,0.43,0.6,0.4,"hierarchical",1200,8,2,2,5583999.63832853,20012.9280175214,"8 volunteers 2 paid 2 FS",1,2001.29280175214,5580077.1044371,5587922.17221997
"44",2,0.43,0.6,0.8,"BRE",777,8,2,2,3545057.36449005,4470.1987171771,"8 volunteers 2 paid 2 FS",1,447.01987171771,3544181.20554148,3545933.52343862
"45",2,0.43,0.6,0.8,"CP",746,8,2,2,3397503.46221646,4800.48380788045,"8 volunteers 2 paid 2 FS",1,480.048380788044,3396562.56739012,3398444.35704281
"46",2,0.43,0.6,0.8,"SRM",775,8,2,2,3617902.8158816,12679.1443726155,"8 volunteers 2 paid 2 FS",1,1267.91443726155,3615417.70358457,3620387.92817863
"47",2,0.43,0.6,0.8,"UGM",782,8,2,2,3751988.25652465,27908.1694093764,"8 volunteers 2 paid 2 FS",1,2790.81694093764,3746518.25532041,3757458.25772888
"48",2,0.43,0.6,0.8,"hierarchical",938,8,2,2,4350244.51938598,16638.7561703995,"8 volunteers 2 paid 2 FS",1,1663.87561703995,4346983.32317658,4353505.71559537
"49",3,0.43,0.8,0.4,"CP",1304,8,2,2,5930886.64361523,6761.01061165754,"8 volunteers 2 paid 2 FS",1,676.101061165754,5929561.48553535,5932211.80169512
"50",3,0.43,0.8,0.4,"SRM",1538,8,2,2,7168336.59788503,16908.7169467334,"8 volunteers 2 paid 2 FS",1,1690.87169467334,7165022.48936347,7171650.70640659
"51",3,0.43,0.8,0.4,"UGM",1538,8,2,2,7370046.5344804,38951.9789504579,"8 volunteers 2 paid 2 FS",1,3895.19789504579,7362411.94660611,7377681.12235469
"52",4,0.43,0.8,0.8,"BRE",680,8,2,2,3104809.05197948,3963.00592007877,"8 volunteers 2 paid 2 FS",1,396.300592007877,3104032.30281914,3105585.80113982
"53",4,0.43,0.8,0.8,"CP",880,8,2,2,4006165.78389884,6035.05360216251,"8 volunteers 2 paid 2 FS",1,603.505360216251,4004982.91339281,4007348.65440486
"54",4,0.43,0.8,0.8,"SRM",825,8,2,2,3849739.40405207,13540.4002565251,"8 volunteers 2 paid 2 FS",1,1354.04002565251,3847085.48560179,3852393.32250235
"55",4,0.43,0.8,0.8,"UGM",800,8,2,2,3842120.8950627,28824.8137865074,"8 volunteers 2 paid 2 FS",1,2882.48137865074,3836471.23156054,3847770.55856485
"56",4,0.43,0.8,0.8,"hierarchical",800,8,2,2,3724798.19355973,17219.2238523975,"8 volunteers 2 paid 2 FS",1,1721.92238523975,3721423.22568466,3728173.1614348
"57",5,0.6,0.6,0.4,"BRE",904,8,2,2,4123013.62517641,3804.21804009325,"8 volunteers 2 paid 2 FS",1,380.421804009325,4122267.99844055,4123759.25191227
"58",5,0.6,0.6,0.4,"CP",1083,8,2,2,4927802.36886055,6205.0972212285,"8 volunteers 2 paid 2 FS",1,620.50972212285,4926586.16980519,4929018.56791591
"59",5,0.6,0.6,0.4,"SRM",1200,8,2,2,5595172.45561614,16417.4898675193,"8 volunteers 2 paid 2 FS",1,1641.74898675193,5591954.6276021,5598390.28363017
"60",5,0.6,0.6,0.4,"UGM",987,8,2,2,4733473.42109516,31697.2253893023,"8 volunteers 2 paid 2 FS",1,3169.72253893023,4727260.76491886,4739686.07727146
"61",5,0.6,0.6,0.4,"hierarchical",1071,8,2,2,4980028.19143347,17294.4583874366,"8 volunteers 2 paid 2 FS",1,1729.44583874366,4976638.47758953,4983417.9052774
"62",6,0.6,0.6,0.8,"BRE",409,8,2,2,1871521.89685584,3940.32321090119,"8 volunteers 2 paid 2 FS",1,394.032321090119,1870749.5935065,1872294.20020517
"63",6,0.6,0.6,0.8,"BRW",412,8,2,2,1942478.15524342,7394.62822409895,"8 volunteers 2 paid 2 FS",1,739.462822409895,1941028.8081115,1943927.50237534
"64",6,0.6,0.6,0.8,"CP",402,8,2,2,1835378.79325841,4103.34995968539,"8 volunteers 2 paid 2 FS",1,410.334995968539,1834574.53666631,1836183.04985051
"65",6,0.6,0.6,0.8,"SRM",412,8,2,2,1927808.10397165,8456.79540097764,"8 volunteers 2 paid 2 FS",1,845.679540097764,1926150.57207306,1929465.63587024
"66",6,0.6,0.6,0.8,"UGM",451,8,2,2,2169438.56330972,22589.9140000493,"8 volunteers 2 paid 2 FS",1,2258.99140000493,2165010.94016571,2173866.18645373
"67",6,0.6,0.6,0.8,"hierarchical",586,8,2,2,2727386.10402068,13122.1147387355,"8 volunteers 2 paid 2 FS",1,1312.21147387355,2724814.16953189,2729958.03850947
"68",7,0.6,0.8,0.4,"BRE",815,8,2,2,3718923.20783207,4023.8642686832,"8 volunteers 2 paid 2 FS",1,402.38642686832,3718134.5304354,3719711.88522873
"69",7,0.6,0.8,0.4,"CP",931,8,2,2,4236447.12127885,5790.81345460514,"8 volunteers 2 paid 2 FS",1,579.081345460514,4235312.12184174,4237582.12071595
"70",7,0.6,0.8,0.4,"SRM",973,8,2,2,4538685.40894113,13178.8935093714,"8 volunteers 2 paid 2 FS",1,1317.88935093714,4536102.3458133,4541268.47206897
"71",7,0.6,0.8,0.4,"UGM",922,8,2,2,4421813.66722872,28885.7088541164,"8 volunteers 2 paid 2 FS",1,2888.57088541164,4416152.06829332,4427475.26616413
"72",7,0.6,0.8,0.4,"hierarchical",1036,8,2,2,4815740.08354888,19110.3719989763,"8 volunteers 2 paid 2 FS",1,1911.03719989763,4811994.45063708,4819485.71646068
"73",8,0.6,0.8,0.8,"BRE",442,8,2,2,2020769.85248484,3693.28694060235,"8 volunteers 2 paid 2 FS",1,369.328694060235,2020045.96824448,2021493.7367252
"74",8,0.6,0.8,0.8,"BRW",408,8,2,2,1924115.71889449,10261.5895569539,"8 volunteers 2 paid 2 FS",1,1026.15895569539,1922104.44734132,1926126.99044765
"75",8,0.6,0.8,0.8,"CP",448,8,2,2,2044431.3686507,4409.29681301529,"8 volunteers 2 paid 2 FS",1,440.929681301529,2043567.14647535,2045295.59082605
"76",8,0.6,0.8,0.8,"SRM",504,8,2,2,2354830.29971389,11170.0022781993,"8 volunteers 2 paid 2 FS",1,1117.00022781993,2352640.97926736,2357019.62016042
"77",8,0.6,0.8,0.8,"UGM",408,8,2,2,1962323.29564439,19581.3559548173,"8 volunteers 2 paid 2 FS",1,1958.13559548173,1958485.34987724,1966161.24141153
"78",8,0.6,0.8,0.8,"hierarchical",423,8,2,2,1975773.74688109,12300.6171184233,"8 volunteers 2 paid 2 FS",1,1230.06171184233,1973362.82592588,1978184.6678363
"79",1,0.43,0.6,0.4,"CP",1441,4,4,2,6880435.20172844,9149.65964071902,"4 volunteers 4 paid 2 FS",1,914.965964071902,6878641.86843886,6882228.53501802
"80",1,0.43,0.6,0.4,"SRM",1476,4,4,2,7287694.28273481,23307.549295246,"4 volunteers 4 paid 2 FS",1,2330.7549295246,7283126.00307294,7292262.56239667
"81",1,0.43,0.6,0.4,"UGM",1650,4,4,2,8457185.97708902,54622.7951396358,"4 volunteers 4 paid 2 FS",1,5462.27951396358,8446479.90924165,8467892.04493639
"82",1,0.43,0.6,0.4,"hierarchical",1200,4,4,2,5906455.04144927,26822.7684633448,"4 volunteers 4 paid 2 FS",1,2682.27684633448,5901197.77883045,5911712.30406808
"83",2,0.43,0.6,0.8,"BRE",777,4,4,2,3724769.85046866,5920.46518158755,"4 volunteers 4 paid 2 FS",1,592.046518158755,3723609.43929307,3725930.26164425
"84",2,0.43,0.6,0.8,"CP",746,4,4,2,3566489.47762081,7305.32939501496,"4 volunteers 4 paid 2 FS",1,730.532939501496,3565057.63305938,3567921.32218223
"85",2,0.43,0.6,0.8,"SRM",775,4,4,2,3828572.01255894,19151.9329225621,"4 volunteers 4 paid 2 FS",1,1915.19329225621,3824818.23370612,3832325.79141177
"86",2,0.43,0.6,0.8,"UGM",782,4,4,2,4014561.29846215,41279.0625871824,"4 volunteers 4 paid 2 FS",1,4127.90625871824,4006470.60219507,4022651.99472924
"87",2,0.43,0.6,0.8,"hierarchical",938,4,4,2,4606871.44522404,26121.8789505142,"4 volunteers 4 paid 2 FS",1,2612.18789505142,4601751.55694974,4611991.33349834
"88",3,0.43,0.8,0.4,"CP",1304,4,4,2,6228839.34501378,8654.35196485122,"4 volunteers 4 paid 2 FS",1,865.435196485122,6227143.09202867,6230535.59799889
"89",3,0.43,0.8,0.4,"SRM",1538,4,4,2,7592792.99812432,23614.5398802352,"4 volunteers 4 paid 2 FS",1,2361.45398802352,7588164.54830779,7597421.44794084
"90",3,0.43,0.8,0.4,"UGM",1538,4,4,2,7882084.28073518,53613.0387675136,"4 volunteers 4 paid 2 FS",1,5361.30387675136,7871576.12513674,7892592.43633361
"91",4,0.43,0.8,0.8,"BRE",680,4,4,2,3261610.38726242,6121.36035262158,"4 volunteers 4 paid 2 FS",1,612.136035262158,3260410.60063331,3262810.17389153
"92",4,0.43,0.8,0.8,"CP",880,4,4,2,4206203.10892358,7770.56835663164,"4 volunteers 4 paid 2 FS",1,777.056835663164,4204680.07752568,4207726.14032148
"93",4,0.43,0.8,0.8,"SRM",825,4,4,2,4078234.13304333,18908.3388806061,"4 volunteers 4 paid 2 FS",1,1890.83388806061,4074528.09862273,4081940.16746393
"94",4,0.43,0.8,0.8,"UGM",800,4,4,2,4102549.15875653,35214.2243246174,"4 volunteers 4 paid 2 FS",1,3521.42243246174,4095647.17078891,4109451.14672416
"95",4,0.43,0.8,0.8,"hierarchical",800,4,4,2,3948174.24959238,22868.1008748639,"4 volunteers 4 paid 2 FS",1,2286.81008748639,3943692.10182091,3952656.39736385
"96",5,0.6,0.6,0.4,"BRE",904,4,4,2,4332710.57638007,6069.19825056708,"4 volunteers 4 paid 2 FS",1,606.919825056708,4331521.01352296,4333900.13923719
"97",5,0.6,0.6,0.4,"CP",1083,4,4,2,5173821.63934093,7613.89546082567,"4 volunteers 4 paid 2 FS",1,761.389546082567,5172329.3158306,5175313.96285125
"98",5,0.6,0.6,0.4,"SRM",1200,4,4,2,5930444.44187132,24182.0523549856,"4 volunteers 4 paid 2 FS",1,2418.20523549856,5925704.75960975,5935184.1241329
"99",5,0.6,0.6,0.4,"UGM",987,4,4,2,5054677.52131856,40642.76284512,"4 volunteers 4 paid 2 FS",1,4064.276284512,5046711.53980091,5062643.5028362
"100",5,0.6,0.6,0.4,"hierarchical",1071,4,4,2,5269582.54888663,26108.4555354902,"4 volunteers 4 paid 2 FS",1,2610.84555354902,5264465.29160167,5274699.80617158
"101",6,0.6,0.6,0.8,"BRE",409,4,4,2,1964708.1903186,5369.89521929769,"4 volunteers 4 paid 2 FS",1,536.989521929769,1963655.69085562,1965760.68978159
"102",6,0.6,0.6,0.8,"BRW",412,4,4,2,2061924.8279095,12837.8428083259,"4 volunteers 4 paid 2 FS",1,1283.78428083259,2059408.61071907,2064441.04509993
"103",6,0.6,0.6,0.8,"CP",402,4,4,2,1927657.23979344,6231.68077626164,"4 volunteers 4 paid 2 FS",1,623.168077626164,1926435.83036129,1928878.64922558
"104",6,0.6,0.6,0.8,"SRM",412,4,4,2,2040165.91449639,13349.7169353055,"4 volunteers 4 paid 2 FS",1,1334.97169353055,2037549.36997707,2042782.45901571
"105",6,0.6,0.6,0.8,"UGM",451,4,4,2,2314675.48058331,32159.9832796674,"4 volunteers 4 paid 2 FS",1,3215.99832796674,2308372.12386049,2320978.83730612
"106",6,0.6,0.6,0.8,"hierarchical",586,4,4,2,2889495.77734292,18804.0226024046,"4 volunteers 4 paid 2 FS",1,1880.40226024046,2885810.18891284,2893181.36577299
"107",7,0.6,0.8,0.4,"BRE",815,4,4,2,3907175.03335856,5581.92032128243,"4 volunteers 4 paid 2 FS",1,558.192032128243,3906080.97697559,3908269.08974153
"108",7,0.6,0.8,0.4,"CP",931,4,4,2,4449227.24008443,8058.89973104663,"4 volunteers 4 paid 2 FS",1,805.889973104663,4447647.69573714,4450806.78443171
"109",7,0.6,0.8,0.4,"SRM",973,4,4,2,4808737.39047905,21574.0009602108,"4 volunteers 4 paid 2 FS",1,2157.40009602108,4804508.88629085,4812965.89466725
"110",7,0.6,0.8,0.4,"UGM",922,4,4,2,4729294.40573839,45887.0498473849,"4 volunteers 4 paid 2 FS",1,4588.70498473849,4720300.5439683,4738288.26750848
"111",7,0.6,0.8,0.4,"hierarchical",1036,4,4,2,5096154.010539,23091.5574932457,"4 volunteers 4 paid 2 FS",1,2309.15574932457,5091628.06527032,5100679.95580767
"112",8,0.6,0.8,0.8,"BRE",442,4,4,2,2124336.03495257,5656.01657475464,"4 volunteers 4 paid 2 FS",1,565.601657475464,2123227.45570392,2125444.61420122
"113",8,0.6,0.8,0.8,"BRW",408,4,4,2,2043326.46199919,12208.0194759658,"4 volunteers 4 paid 2 FS",1,1220.80194759658,2040933.6901819,2045719.23381648
"114",8,0.6,0.8,0.8,"CP",448,4,4,2,2145725.38363871,6344.21808381886,"4 volunteers 4 paid 2 FS",1,634.421808381886,2144481.91689428,2146968.85038313
"115",8,0.6,0.8,0.8,"SRM",504,4,4,2,2496225.05803558,10590.2602968163,"4 volunteers 4 paid 2 FS",1,1059.02602968163,2494149.36701741,2498300.74905376
"116",8,0.6,0.8,0.8,"UGM",408,4,4,2,2099593.60093763,31081.4070331756,"4 volunteers 4 paid 2 FS",1,3108.14070331756,2093501.64515913,2105685.55671614
"117",8,0.6,0.8,0.8,"hierarchical",423,4,4,2,2089452.37349521,17905.2246303284,"4 volunteers 4 paid 2 FS",1,1790.52246303284,2085942.94946767,2092961.79752276
"118",1,0.43,0.6,0.4,"CP",1441,2,6,2,7175793.39237656,13208.9476649229,"2 volunteers 6 paid 2 FS",1,1320.89476649229,7173204.43863424,7178382.34611889
"119",1,0.43,0.6,0.4,"SRM",1476,2,6,2,7652115.76270054,32180.4473749323,"2 volunteers 6 paid 2 FS",1,3218.04473749323,7645808.39501505,7658423.13038603
"120",1,0.43,0.6,0.4,"UGM",1650,2,6,2,8944954.76872935,73919.2366331896,"2 volunteers 6 paid 2 FS",1,7391.92366331896,8930466.59834925,8959442.93910945
"121",1,0.43,0.6,0.4,"hierarchical",1200,2,6,2,6194368.13205011,36653.0187545241,"2 volunteers 6 paid 2 FS",1,3665.30187545241,6187184.14037422,6201552.12372599
"122",2,0.43,0.6,0.8,"BRE",777,2,6,2,3886276.43842634,5958.30801226298,"2 volunteers 6 paid 2 FS",1,595.830801226298,3885108.61005594,3887444.26679674
"123",2,0.43,0.6,0.8,"CP",746,2,6,2,3719860.97625117,10423.3394466081,"2 volunteers 6 paid 2 FS",1,1042.33394466081,3717818.00171964,3721903.95078271
"124",2,0.43,0.6,0.8,"SRM",775,2,6,2,4019725.3930195,26575.5582919786,"2 volunteers 6 paid 2 FS",1,2657.55582919786,4014516.58359427,4024934.20244473
"125",2,0.43,0.6,0.8,"UGM",782,2,6,2,4247382.0623384,47758.7077546222,"2 volunteers 6 paid 2 FS",1,4775.87077546222,4238021.35561849,4256742.7690583
"126",2,0.43,0.6,0.8,"hierarchical",938,2,6,2,4831636.57061889,34373.803153184,"2 volunteers 6 paid 2 FS",1,3437.3803153184,4824899.30520087,4838373.83603692
"127",3,0.43,0.8,0.4,"CP",1304,2,6,2,6494258.37755184,11777.4726830768,"2 volunteers 6 paid 2 FS",1,1177.74726830768,6491949.99290596,6496566.76219773
"128",3,0.43,0.8,0.4,"SRM",1538,2,6,2,7973319.39214772,32071.3910257426,"2 volunteers 6 paid 2 FS",1,3207.13910257426,7967033.39950668,7979605.38478877
"129",3,0.43,0.8,0.4,"UGM",1538,2,6,2,8344887.24820991,63142.3105134543,"2 volunteers 6 paid 2 FS",1,6314.23105134543,8332511.35534928,8357263.14107055
"130",4,0.43,0.8,0.8,"BRE",680,2,6,2,3403616.93953032,7913.20943123515,"2 volunteers 6 paid 2 FS",1,791.320943123515,3402065.9504818,3405167.92857884
"131",4,0.43,0.8,0.8,"CP",880,2,6,2,4386462.72690463,9956.94343917033,"2 volunteers 6 paid 2 FS",1,995.694343917033,4384511.16599055,4388414.28781871
"132",4,0.43,0.8,0.8,"SRM",825,2,6,2,4280081.97310597,23452.5158250675,"2 volunteers 6 paid 2 FS",1,2345.25158250675,4275485.28000426,4284678.66620769
"133",4,0.43,0.8,0.8,"UGM",800,2,6,2,4347852.35962228,47387.4974969002,"2 volunteers 6 paid 2 FS",1,4738.74974969002,4338564.41011289,4357140.30913168
"134",4,0.43,0.8,0.8,"hierarchical",800,2,6,2,4138750.89758307,32561.452158902,"2 volunteers 6 paid 2 FS",1,3256.1452158902,4132368.85295992,4145132.94220621
"135",5,0.6,0.6,0.4,"BRE",904,2,6,2,4521127.90042587,6893.47970982408,"2 volunteers 6 paid 2 FS",1,689.347970982408,4519776.77840275,4522479.022449
"136",5,0.6,0.6,0.4,"CP",1083,2,6,2,5392862.79342106,11720.3960880365,"2 volunteers 6 paid 2 FS",1,1172.03960880365,5390565.59578781,5395159.99105432
"137",5,0.6,0.6,0.4,"SRM",1200,2,6,2,6228210.01248213,29576.1259424391,"2 volunteers 6 paid 2 FS",1,2957.61259424391,6222413.09179741,6234006.93316685
"138",5,0.6,0.6,0.4,"UGM",987,2,6,2,5358532.2590258,47861.7280050528,"2 volunteers 6 paid 2 FS",1,4786.17280050528,5349151.36033681,5367913.15771479
"139",5,0.6,0.6,0.4,"hierarchical",1071,2,6,2,5530412.27931244,30773.3837148625,"2 volunteers 6 paid 2 FS",1,3077.33837148625,5524380.69610432,5536443.86252055
"140",6,0.6,0.6,0.8,"BRE",409,2,6,2,2048741.75986563,7888.47304542329,"2 volunteers 6 paid 2 FS",1,788.847304542329,2047195.61914873,2050287.90058253
"141",6,0.6,0.6,0.8,"BRW",412,2,6,2,2170887.54638266,15210.1200678268,"2 volunteers 6 paid 2 FS",1,1521.01200678268,2167906.36284937,2173868.72991595
"142",6,0.6,0.6,0.8,"CP",402,2,6,2,2008077.02478789,7667.06179926365,"2 volunteers 6 paid 2 FS",1,766.706179926365,2006574.28067524,2009579.76890055
"143",6,0.6,0.6,0.8,"SRM",412,2,6,2,2143165.59560342,18570.1126734669,"2 volunteers 6 paid 2 FS",1,1857.01126734669,2139525.85351942,2146805.33768742
"144",6,0.6,0.6,0.8,"UGM",451,2,6,2,2450437.97787098,33472.3466826641,"2 volunteers 6 paid 2 FS",1,3347.23466826641,2443877.39792118,2456998.55782078
"145",6,0.6,0.6,0.8,"hierarchical",586,2,6,2,3033266.82562887,26710.0548788872,"2 volunteers 6 paid 2 FS",1,2671.00548788872,3028031.65487261,3038501.99638513
"146",7,0.6,0.8,0.4,"BRE",815,2,6,2,4076650.49347763,6810.59989369583,"2 volunteers 6 paid 2 FS",1,681.059989369583,4075315.61589847,4077985.37105679
"147",7,0.6,0.8,0.4,"CP",931,2,6,2,4639247.02296176,9929.70423533888,"2 volunteers 6 paid 2 FS",1,992.970423533888,4637300.80093164,4641193.24499189
"148",7,0.6,0.8,0.4,"SRM",973,2,6,2,5049784.6005787,27349.1105557,"2 volunteers 6 paid 2 FS",1,2734.91105557,5044424.17490978,5055145.02624761
"149",7,0.6,0.8,0.4,"UGM",922,2,6,2,5005023.07820623,46555.8332210614,"2 volunteers 6 paid 2 FS",1,4655.58332210614,4995898.1348949,5014148.02151756
"150",7,0.6,0.8,0.4,"hierarchical",1036,2,6,2,5354197.84983466,33493.1313972827,"2 volunteers 6 paid 2 FS",1,3349.31313972827,5347633.1960808,5360762.50358853
"151",8,0.6,0.8,0.8,"BRE",442,2,6,2,2214716.72439852,8475.84008187324,"2 volunteers 6 paid 2 FS",1,847.584008187324,2213055.45974247,2216377.98905457
"152",8,0.6,0.8,0.8,"BRW",408,2,6,2,2150587.10943181,16684.5825918747,"2 volunteers 6 paid 2 FS",1,1668.45825918747,2147316.9312438,2153857.28761982
"153",8,0.6,0.8,0.8,"CP",448,2,6,2,2238391.01980453,7184.52979393746,"2 volunteers 6 paid 2 FS",1,718.452979393746,2236982.85196491,2239799.18764414
"154",8,0.6,0.8,0.8,"SRM",504,2,6,2,2620248.52926027,16907.9931674243,"2 volunteers 6 paid 2 FS",1,1690.79931674243,2616934.56259946,2623562.49592109
"155",8,0.6,0.8,0.8,"UGM",408,2,6,2,2218929.37929668,35940.0566008727,"2 volunteers 6 paid 2 FS",1,3594.00566008727,2211885.12820291,2225973.63039045
"156",8,0.6,0.8,0.8,"hierarchical",423,2,6,2,2193046.77037753,20913.1424127983,"2 volunteers 6 paid 2 FS",1,2091.31424127983,2188947.79446463,2197145.74629044
"157",1,0.43,0.6,0.4,"CP",1441,0,8,2,7467624.2923832,14715.7232388871,"0 volunteers 8 paid 2 FS",1,1471.57232388871,7464740.01062837,7470508.57413802
"158",1,0.43,0.6,0.4,"SRM",1476,0,8,2,8020581.35941573,39126.0547817562,"0 volunteers 8 paid 2 FS",1,3912.60547817562,8012912.6526785,8028250.06615295
"159",1,0.43,0.6,0.4,"UGM",1650,0,8,2,9433359.67652241,74776.0410567024,"0 volunteers 8 paid 2 FS",1,7477.60410567024,9418703.57247529,9448015.78056952
"160",1,0.43,0.6,0.4,"hierarchical",1200,0,8,2,6488760.91340657,42252.7548773051,"0 volunteers 8 paid 2 FS",1,4225.27548773051,6480479.37345061,6497042.45336252
"161",2,0.43,0.6,0.8,"BRE",777,0,8,2,4047674.61278182,9229.96112696679,"0 volunteers 8 paid 2 FS",1,922.996112696679,4045865.54040093,4049483.6851627
"162",2,0.43,0.6,0.8,"CP",746,0,8,2,3871242.33818142,12220.9657974711,"0 volunteers 8 paid 2 FS",1,1222.09657974711,3868847.02888511,3873637.64747772
"163",2,0.43,0.6,0.8,"SRM",775,0,8,2,4209904.20734444,29077.3759443299,"0 volunteers 8 paid 2 FS",1,2907.73759443299,4204205.04165935,4215603.37302953
"164",2,0.43,0.6,0.8,"UGM",782,0,8,2,4464805.23130609,67063.3081341734,"0 volunteers 8 paid 2 FS",1,6706.33081341734,4451660.82291179,4477949.63970038
"165",2,0.43,0.6,0.8,"hierarchical",938,0,8,2,5061046.19754694,36306.2318011159,"0 volunteers 8 paid 2 FS",1,3630.62318011159,5053930.17611392,5068162.21897995
"166",3,0.43,0.8,0.4,"CP",1304,0,8,2,6760953.80902146,16075.5265539428,"0 volunteers 8 paid 2 FS",1,1607.55265539428,6757803.00581688,6764104.61222603
"167",3,0.43,0.8,0.4,"SRM",1538,0,8,2,8352709.01353746,39712.5835209918,"0 volunteers 8 paid 2 FS",1,3971.25835209918,8344925.34716734,8360492.67990757
"168",3,0.43,0.8,0.4,"UGM",1538,0,8,2,8795053.26086561,76275.4932659584,"0 volunteers 8 paid 2 FS",1,7627.54932659584,8780103.26418548,8810003.25754574
"169",4,0.43,0.8,0.8,"BRE",680,0,8,2,3543724.42780564,9266.64407290143,"0 volunteers 8 paid 2 FS",1,926.664407290143,3541908.16556735,3545540.69004393
"170",4,0.43,0.8,0.8,"CP",880,0,8,2,4564382.41985206,12411.7197633996,"0 volunteers 8 paid 2 FS",1,1241.17197633996,4561949.72277844,4566815.11692569
"171",4,0.43,0.8,0.8,"SRM",825,0,8,2,4483402.41847074,27977.2977786107,"0 volunteers 8 paid 2 FS",1,2797.72977786107,4477918.86810614,4488885.96883535
"172",4,0.43,0.8,0.8,"UGM",800,0,8,2,4580933.18910496,57334.3095841019,"0 volunteers 8 paid 2 FS",1,5733.43095841019,4569695.66442647,4592170.71378344
"173",4,0.43,0.8,0.8,"hierarchical",800,0,8,2,4331638.89032346,36886.3058924519,"0 volunteers 8 paid 2 FS",1,3688.63058924519,4324409.17436854,4338868.60627838
"174",5,0.6,0.6,0.4,"BRE",904,0,8,2,4708263.47523816,8474.80318131388,"0 volunteers 8 paid 2 FS",1,847.480318131388,4706602.41381462,4709924.53666169
"175",5,0.6,0.6,0.4,"CP",1083,0,8,2,5615859.9067619,13336.8531924696,"0 volunteers 8 paid 2 FS",1,1333.68531924696,5613245.88353618,5618473.92998763
"176",5,0.6,0.6,0.4,"SRM",1200,0,8,2,6516075.57755242,33711.1340758325,"0 volunteers 8 paid 2 FS",1,3371.11340758325,6509468.19527355,6522682.95983128
"177",5,0.6,0.6,0.4,"UGM",987,0,8,2,5644079.21882171,66098.8113742447,"0 volunteers 8 paid 2 FS",1,6609.88113742447,5631123.85179236,5657034.58585106
"178",5,0.6,0.6,0.4,"hierarchical",1071,0,8,2,5790445.55351798,41138.7257990581,"0 volunteers 8 paid 2 FS",1,4113.87257990581,5782382.36326136,5798508.74377459
"179",6,0.6,0.6,0.8,"BRE",409,0,8,2,2136997.78081168,8601.26192126212,"0 volunteers 8 paid 2 FS",1,860.126192126212,2135311.93347512,2138683.62814825
"180",6,0.6,0.6,0.8,"BRW",412,0,8,2,2276737.86046576,19070.1717942047,"0 volunteers 8 paid 2 FS",1,1907.01717942047,2273000.1067941,2280475.61413743
"181",6,0.6,0.6,0.8,"CP",402,0,8,2,2091486.7397647,9386.08977112547,"0 volunteers 8 paid 2 FS",1,938.608977112547,2089647.06616956,2093326.41335984
"182",6,0.6,0.6,0.8,"SRM",412,0,8,2,2245399.80872512,19551.6997124714,"0 volunteers 8 paid 2 FS",1,1955.16997124714,2241567.67558148,2249231.94186877
"183",6,0.6,0.6,0.8,"UGM",451,0,8,2,2577284.99996931,41567.9198408272,"0 volunteers 8 paid 2 FS",1,4156.79198408272,2569137.6876805,2585432.31225811
"184",6,0.6,0.6,0.8,"hierarchical",586,0,8,2,3176077.21074832,30060.3929119336,"0 volunteers 8 paid 2 FS",1,3006.03929119336,3170185.37373758,3181969.04775906
"185",7,0.6,0.8,0.4,"BRE",815,0,8,2,4244282.06936019,8148.52353025893,"0 volunteers 8 paid 2 FS",1,814.852353025893,4242684.95874826,4245879.17997212
"186",7,0.6,0.8,0.4,"CP",931,0,8,2,4829682.19781845,12305.8287255626,"0 volunteers 8 paid 2 FS",1,1230.58287255626,4827270.25538824,4832094.14024866
"187",7,0.6,0.8,0.4,"SRM",973,0,8,2,5293866.53982793,29640.6931922667,"0 volunteers 8 paid 2 FS",1,2964.06931922667,5288056.96396225,5299676.11569362
"188",7,0.6,0.8,0.4,"UGM",922,0,8,2,5280051.73209981,75155.2174327455,"0 volunteers 8 paid 2 FS",1,7515.52174327455,5265321.30948299,5294782.15471663
"189",7,0.6,0.8,0.4,"hierarchical",1036,0,8,2,5602050.99808301,35669.5109987936,"0 volunteers 8 paid 2 FS",1,3566.95109987936,5595059.77392725,5609042.22223877
"190",8,0.6,0.8,0.8,"BRE",442,0,8,2,2305772.65165596,8138.57032665812,"0 volunteers 8 paid 2 FS",1,813.857032665812,2304177.49187194,2307367.81143999
"191",8,0.6,0.8,0.8,"BRW",408,0,8,2,2255730.91298617,17973.4156481897,"0 volunteers 8 paid 2 FS",1,1797.34156481897,2252208.12351913,2259253.70245322
"192",8,0.6,0.8,0.8,"CP",448,0,8,2,2328834.26934297,9076.12593177749,"0 volunteers 8 paid 2 FS",1,907.612593177749,2327055.34866034,2330613.1900256
"193",8,0.6,0.8,0.8,"SRM",504,0,8,2,2744840.44317899,21694.8609975165,"0 volunteers 8 paid 2 FS",1,2169.48609975165,2740588.25042347,2749092.6359345
"194",8,0.6,0.8,0.8,"UGM",408,0,8,2,2342366.69985886,44648.4239242426,"0 volunteers 8 paid 2 FS",1,4464.84239242426,2333615.60876971,2351117.79094801
"195",8,0.6,0.8,0.8,"hierarchical",423,0,8,2,2297776.09521006,25053.1388674701,"0 volunteers 8 paid 2 FS",1,2505.31388674701,2292865.67999203,2302686.51042808
"196",1,0.43,0.6,0.4,"CP",1441,0,0,10,5811683.83447099,254.584324041794,"0 volunteers 0 paid 10 FS",1,25.4584324041794,5811633.93594347,5811733.7329985
"197",1,0.43,0.6,0.4,"SRM",1476,0,0,10,5959332.93348695,721.0919584889,"0 volunteers 0 paid 10 FS",1,72.10919584889,5959191.59946308,5959474.26751081
"198",1,0.43,0.6,0.4,"UGM",1650,0,0,10,6669477.73534272,1445.3898286721,"0 volunteers 0 paid 10 FS",1,144.53898286721,6669194.4389363,6669761.03174914
"199",1,0.43,0.6,0.4,"hierarchical",1200,0,0,10,4846466.76488407,774.741212033301,"0 volunteers 0 paid 10 FS",1,77.4741212033301,4846314.91560651,4846618.61416163
"200",2,0.43,0.6,0.8,"BRE",777,0,0,10,3138611.06150614,171.804774782172,"0 volunteers 0 paid 10 FS",1,17.1804774782172,3138577.38777028,3138644.735242
"201",2,0.43,0.6,0.8,"CP",746,0,0,10,3013438.29994164,194.165803206238,"0 volunteers 0 paid 10 FS",1,19.4165803206238,3013400.24344422,3013476.35643907
"202",2,0.43,0.6,0.8,"SRM",775,0,0,10,3133714.39997846,473.859138304102,"0 volunteers 0 paid 10 FS",1,47.3859138304102,3133621.52358736,3133807.27636957
"203",2,0.43,0.6,0.8,"UGM",782,0,0,10,3165902.37062511,1069.52155632746,"0 volunteers 0 paid 10 FS",1,106.952155632746,3165692.74440007,3166111.99685015
"204",2,0.43,0.6,0.8,"hierarchical",938,0,0,10,3778215.70654779,685.768847769818,"0 volunteers 0 paid 10 FS",1,68.5768847769818,3778081.29585363,3778350.11724196
"205",3,0.43,0.8,0.4,"CP",1304,0,0,10,5260048.96275469,234.65241304952,"0 volunteers 0 paid 10 FS",1,23.465241304952,5260002.97088173,5260094.95462764
"206",3,0.43,0.8,0.4,"SRM",1538,0,0,10,6209117.71947497,700.713107883662,"0 volunteers 0 paid 10 FS",1,70.0713107883662,6208980.37970583,6209255.05924412
"207",3,0.43,0.8,0.4,"UGM",1538,0,0,10,6217331.95797461,1441.000030823,"0 volunteers 0 paid 10 FS",1,144.1000030823,6217049.52196857,6217614.39398065
"208",4,0.43,0.8,0.8,"BRE",680,0,0,10,2748039.44025261,171.398834360609,"0 volunteers 0 paid 10 FS",1,17.1398834360609,2748005.84608107,2748073.03442414
"209",4,0.43,0.8,0.8,"CP",880,0,0,10,3553003.64766077,229.409489225137,"0 volunteers 0 paid 10 FS",1,22.9409489225137,3552958.68340089,3553048.61192066
"210",4,0.43,0.8,0.8,"SRM",825,0,0,10,3335388.82230193,542.066462802485,"0 volunteers 0 paid 10 FS",1,54.2066462802485,3335282.57727522,3335495.06732864
"211",4,0.43,0.8,0.8,"UGM",800,0,0,10,3238821.78632457,1175.0874277819,"0 volunteers 0 paid 10 FS",1,117.50874277819,3238591.46918872,3239052.10346041
"212",4,0.43,0.8,0.8,"hierarchical",800,0,0,10,3234157.98277013,514.428803140528,"0 volunteers 0 paid 10 FS",1,51.4428803140528,3234057.15472472,3234258.81081555
"213",5,0.6,0.6,0.4,"BRE",904,0,0,10,3649980.98846001,152.982129699773,"0 volunteers 0 paid 10 FS",1,15.2982129699773,3649951.00396259,3650010.97295744
"214",5,0.6,0.6,0.4,"CP",1083,0,0,10,4370326.40408132,250.112585238728,"0 volunteers 0 paid 10 FS",1,25.0112585238728,4370277.38201461,4370375.42614802
"215",5,0.6,0.6,0.4,"SRM",1200,0,0,10,4846802.20704942,560.937377707905,"0 volunteers 0 paid 10 FS",1,56.0937377707905,4846692.26332339,4846912.15077545
"216",5,0.6,0.6,0.4,"UGM",987,0,0,10,3993407.81162716,1030.08662897325,"0 volunteers 0 paid 10 FS",1,103.008662897325,3993205.91464788,3993609.70860644
"217",5,0.6,0.6,0.4,"hierarchical",1071,0,0,10,4322319.57728821,705.03709537892,"0 volunteers 0 paid 10 FS",1,70.503709537892,4322181.39001752,4322457.7645589
"218",6,0.6,0.6,0.8,"BRE",409,0,0,10,1656857.00751163,177.100382065825,"0 volunteers 0 paid 10 FS",1,17.7100382065825,1656822.29583674,1656891.71918651
"219",6,0.6,0.6,0.8,"BRW",412,0,0,10,1671274.9208869,332.553046526221,"0 volunteers 0 paid 10 FS",1,33.2553046526221,1671209.74048978,1671340.10128402
"220",6,0.6,0.6,0.8,"CP",402,0,0,10,1628521.50465324,144.042697919772,"0 volunteers 0 paid 10 FS",1,14.4042697919772,1628493.27228444,1628549.73702203
"221",6,0.6,0.6,0.8,"SRM",412,0,0,10,1670633.06848563,394.112117786933,"0 volunteers 0 paid 10 FS",1,39.4112117786933,1670555.82251054,1670710.31446072
"222",6,0.6,0.6,0.8,"UGM",451,0,0,10,1830289.61840622,842.146917972988,"0 volunteers 0 paid 10 FS",1,84.2146917972988,1830124.5576103,1830454.67920214
"223",6,0.6,0.6,0.8,"hierarchical",586,0,0,10,2371678.33993422,537.273757907283,"0 volunteers 0 paid 10 FS",1,53.7273757907283,2371573.03427767,2371783.64559077
"224",7,0.6,0.8,0.4,"BRE",815,0,0,10,3291631.23182723,149.573594026393,"0 volunteers 0 paid 10 FS",1,14.9573594026393,3291601.9154028,3291660.54825165
"225",7,0.6,0.8,0.4,"CP",931,0,0,10,3758385.71844983,255.492532582268,"0 volunteers 0 paid 10 FS",1,25.5492532582268,3758335.64191345,3758435.79498622
"226",7,0.6,0.8,0.4,"SRM",973,0,0,10,3931916.80115579,567.033272306448,"0 volunteers 0 paid 10 FS",1,56.7033272306448,3931805.66263441,3932027.93967716
"227",7,0.6,0.8,0.4,"UGM",922,0,0,10,3731267.04535353,1169.91227249362,"0 volunteers 0 paid 10 FS",1,116.991227249362,3731037.74254812,3731496.34815893
"228",7,0.6,0.8,0.4,"hierarchical",1036,0,0,10,4181344.61506823,748.993796033563,"0 volunteers 0 paid 10 FS",1,74.8993796033563,4181197.81228421,4181491.41785225
"229",8,0.6,0.8,0.8,"BRE",442,0,0,10,1789721.33091428,150.581638030544,"0 volunteers 0 paid 10 FS",1,15.0581638030544,1789691.81691323,1789750.84491533
"230",8,0.6,0.8,0.8,"BRW",408,0,0,10,1655112.6813497,361.387053218526,"0 volunteers 0 paid 10 FS",1,36.1387053218526,1655041.84948727,1655183.51321213
"231",8,0.6,0.8,0.8,"CP",448,0,0,10,1813728.07588761,165.58302190715,"0 volunteers 0 paid 10 FS",1,16.558302190715,1813695.62161531,1813760.5301599
"232",8,0.6,0.8,0.8,"SRM",504,0,0,10,2041471.87872404,374.760260941382,"0 volunteers 0 paid 10 FS",1,37.4760260941382,2041398.4257129,2041545.33173519
"233",8,0.6,0.8,0.8,"UGM",408,0,0,10,1656547.61078962,854.455201295568,"0 volunteers 0 paid 10 FS",1,85.4455201295568,1656380.13757017,1656715.08400907
"234",8,0.6,0.8,0.8,"hierarchical",423,0,0,10,1714738.04049666,432.514167352349,"0 volunteers 0 paid 10 FS",1,43.2514167352349,1714653.26771986,1714822.81327346
"235",1,0.43,0.6,0.4,"CP",1441,10,0,2,3953147.93484101,9085.01536782475,"10 volunteers 0 paid 2 FS",2,908.501536782475,3951367.27182892,3954928.59785311
"236",1,0.43,0.6,0.4,"SRM",1476,10,0,2,4273942.92619016,20826.2985925809,"10 volunteers 0 paid 2 FS",2,2082.62985925809,4269860.97166602,4278024.88071431
"237",1,0.43,0.6,0.4,"UGM",1650,10,0,2,5080959.7822743,47333.0558520244,"10 volunteers 0 paid 2 FS",2,4733.30558520244,5071682.50332731,5090237.0612213
"238",1,0.43,0.6,0.4,"hierarchical",1200,10,0,2,3465217.28918024,27580.9828532538,"10 volunteers 0 paid 2 FS",2,2758.09828532538,3459811.416541,3470623.16181948
"239",2,0.43,0.6,0.8,"BRE",777,10,0,2,2146603.97707704,5861.07161088666,"10 volunteers 0 paid 2 FS",2,586.107161088666,2145455.2070413,2147752.74711277
"240",2,0.43,0.6,0.8,"CP",746,10,0,2,2049765.13491992,7676.51842223764,"10 volunteers 0 paid 2 FS",2,767.651842223764,2048260.53730916,2051269.73253068
"241",2,0.43,0.6,0.8,"SRM",775,10,0,2,2249439.65230806,16966.0325673296,"10 volunteers 0 paid 2 FS",2,1696.60325673296,2246114.30992486,2252764.99469126
"242",2,0.43,0.6,0.8,"UGM",782,10,0,2,2407248.8175973,34161.399339769,"10 volunteers 0 paid 2 FS",2,3416.1399339769,2400553.1833267,2413944.45186789
"243",2,0.43,0.6,0.8,"hierarchical",938,10,0,2,2703384.38054063,23849.2701594561,"10 volunteers 0 paid 2 FS",2,2384.92701594561,2698709.92358938,2708058.83749189
"244",3,0.43,0.8,0.4,"CP",1304,10,0,2,3576289.51165801,9381.09156945789,"10 volunteers 0 paid 2 FS",2,938.109156945789,3574450.8177104,3578128.20560563
"245",3,0.43,0.8,0.4,"SRM",1538,10,0,2,4453766.57987053,21823.8878015605,"10 volunteers 0 paid 2 FS",2,2182.38878015605,4449489.09786142,4458044.06187963
"246",3,0.43,0.8,0.4,"UGM",1538,10,0,2,4726011.99021263,40868.2872339806,"10 volunteers 0 paid 2 FS",2,4086.82872339806,4718001.80591477,4734022.17451049
"247",4,0.43,0.8,0.8,"BRE",680,10,0,2,1877847.62340492,5409.50740192524,"10 volunteers 0 paid 2 FS",2,540.950740192524,1876787.35995414,1878907.88685569
"248",4,0.43,0.8,0.8,"CP",880,10,0,2,2414344.01646728,8087.95407385372,"10 volunteers 0 paid 2 FS",2,808.795407385372,2412758.77746881,2415929.25546576
"249",4,0.43,0.8,0.8,"SRM",825,10,0,2,2397985.08458806,19475.8570108367,"10 volunteers 0 paid 2 FS",2,1947.58570108367,2394167.81661394,2401802.35256219
"250",4,0.43,0.8,0.8,"UGM",800,10,0,2,2468995.69389511,37804.126108439,"10 volunteers 0 paid 2 FS",2,3780.4126108439,2461586.08517785,2476405.30261236
"251",4,0.43,0.8,0.8,"hierarchical",800,10,0,2,2311133.48991762,22074.0102583574,"10 volunteers 0 paid 2 FS",2,2207.40102583574,2306806.98390698,2315459.99592826
"252",5,0.6,0.6,0.4,"BRE",904,10,0,2,2493084.90897073,4840.20087802707,"10 volunteers 0 paid 2 FS",2,484.020087802707,2492136.22959863,2494033.58834282
"253",5,0.6,0.6,0.4,"CP",1083,10,0,2,2975867.96603177,8589.60455914221,"10 volunteers 0 paid 2 FS",2,858.960455914221,2974184.40353818,2977551.52852536
"254",5,0.6,0.6,0.4,"SRM",1200,10,0,2,3477341.18298499,21563.8118279308,"10 volunteers 0 paid 2 FS",2,2156.38118279308,3473114.67586672,3481567.69010326
"255",5,0.6,0.6,0.4,"UGM",987,10,0,2,3045297.81242481,39953.8707281743,"10 volunteers 0 paid 2 FS",2,3995.38707281743,3037466.85376209,3053128.77108753
"256",5,0.6,0.6,0.4,"hierarchical",1071,10,0,2,3088391.24300608,25863.9296337504,"10 volunteers 0 paid 2 FS",2,2586.39296337504,3083321.91279787,3093460.5732143
"257",6,0.6,0.6,0.8,"BRE",409,10,0,2,1134337.60840562,5437.42412119904,"10 volunteers 0 paid 2 FS",2,543.742412119904,1133271.87327786,1135403.34353337
"258",6,0.6,0.6,0.8,"BRW",412,10,0,2,1221101.6128261,9573.89687193648,"10 volunteers 0 paid 2 FS",2,957.389687193648,1219225.1290392,1222978.096613
"259",6,0.6,0.6,0.8,"CP",402,10,0,2,1109322.34811509,6085.40119197905,"10 volunteers 0 paid 2 FS",2,608.540119197905,1108129.60948146,1110515.08674872
"260",6,0.6,0.6,0.8,"SRM",412,10,0,2,1200281.05760209,11742.7440666798,"10 volunteers 0 paid 2 FS",2,1174.27440666798,1197979.47976502,1202582.63543916
"261",6,0.6,0.6,0.8,"UGM",451,10,0,2,1396833.38386085,29986.1985515133,"10 volunteers 0 paid 2 FS",2,2998.61985515133,1390956.08894476,1402710.67877695
"262",6,0.6,0.6,0.8,"hierarchical",586,10,0,2,1695632.33108941,17607.9202205294,"10 volunteers 0 paid 2 FS",2,1760.79202205294,1692181.17872619,1699083.48345264
"263",7,0.6,0.8,0.4,"BRE",815,10,0,2,2250875.63947165,5228.14893648171,"10 volunteers 0 paid 2 FS",2,522.81489364817,2249850.92228009,2251900.3566632
"264",7,0.6,0.8,0.4,"CP",931,10,0,2,2557687.65600604,7906.96192758274,"10 volunteers 0 paid 2 FS",2,790.696192758274,2556137.89146823,2559237.42054384
"265",7,0.6,0.8,0.4,"SRM",973,10,0,2,2823498.0816485,18187.1117424094,"10 volunteers 0 paid 2 FS",2,1818.71117424094,2819933.40774699,2827062.75555001
"266",7,0.6,0.8,0.4,"UGM",922,10,0,2,2836458.7148057,38979.3954429591,"10 volunteers 0 paid 2 FS",2,3897.93954429591,2828818.75329888,2844098.67631252
"267",7,0.6,0.8,0.4,"hierarchical",1036,10,0,2,2985983.11888055,23023.8511524955,"10 volunteers 0 paid 2 FS",2,2302.38511524955,2981470.44405467,2990495.79370644
"268",8,0.6,0.8,0.8,"BRE",442,10,0,2,1224478.86758189,4558.47407679608,"10 volunteers 0 paid 2 FS",2,455.847407679608,1223585.40666284,1225372.32850094
"269",8,0.6,0.8,0.8,"BRW",408,10,0,2,1211238.80228541,10867.5602667503,"10 volunteers 0 paid 2 FS",2,1086.75602667503,1209108.76047312,1213368.84409769
"270",8,0.6,0.8,0.8,"CP",448,10,0,2,1235357.21916126,6021.34586893892,"10 volunteers 0 paid 2 FS",2,602.134586893892,1234177.03537095,1236537.40295157
"271",8,0.6,0.8,0.8,"SRM",504,10,0,2,1465531.58975514,14722.3204873663,"10 volunteers 0 paid 2 FS",2,1472.23204873663,1462646.01493962,1468417.16457067
"272",8,0.6,0.8,0.8,"UGM",408,10,0,2,1254608.51854988,24857.2344564212,"10 volunteers 0 paid 2 FS",2,2485.72344564212,1249736.50059642,1259480.53650334
"273",8,0.6,0.8,0.8,"hierarchical",423,10,0,2,1227795.80925255,14290.9235429104,"10 volunteers 0 paid 2 FS",2,1429.09235429104,1224994.78823814,1230596.83026696
"274",1,0.43,0.6,0.4,"CP",1441,8,2,2,4441191.70926939,13806.5772824884,"8 volunteers 2 paid 2 FS",2,1380.65772824884,4438485.62012202,4443897.79841676
"275",1,0.43,0.6,0.4,"SRM",1476,8,2,2,4885074.81082579,31287.9547803916,"8 volunteers 2 paid 2 FS",2,3128.79547803916,4878942.37168884,4891207.24996275
"276",1,0.43,0.6,0.4,"UGM",1650,8,2,2,5893014.7655116,88051.4326088611,"8 volunteers 2 paid 2 FS",2,8805.14326088611,5875756.68472026,5910272.84630294
"277",1,0.43,0.6,0.4,"hierarchical",1200,8,2,2,3949193.7296271,36803.2440742526,"8 volunteers 2 paid 2 FS",2,3680.32440742526,3941980.29378855,3956407.16546565
"278",2,0.43,0.6,0.8,"BRE",777,8,2,2,2415105.92634356,7696.81046051904,"8 volunteers 2 paid 2 FS",2,769.681046051904,2413597.35149329,2416614.50119382
"279",2,0.43,0.6,0.8,"CP",746,8,2,2,2304191.33255302,9740.194835076,"8 volunteers 2 paid 2 FS",2,974.0194835076,2302282.25436534,2306100.41074069
"280",2,0.43,0.6,0.8,"SRM",775,8,2,2,2571706.50906446,24199.3532787914,"8 volunteers 2 paid 2 FS",2,2419.93532787914,2566963.43582182,2576449.5823071
"281",2,0.43,0.6,0.8,"UGM",782,8,2,2,2789953.46293612,52007.0723698969,"8 volunteers 2 paid 2 FS",2,5200.70723698969,2779760.07675162,2800146.84912062
"282",2,0.43,0.6,0.8,"hierarchical",938,8,2,2,3073822.23742177,33593.5463898361,"8 volunteers 2 paid 2 FS",2,3359.35463898361,3067237.90232936,3080406.57251418
"283",3,0.43,0.8,0.4,"CP",1304,8,2,2,4020260.19896269,13950.7652259904,"8 volunteers 2 paid 2 FS",2,1395.07652259904,4017525.84897839,4022994.54894698
"284",3,0.43,0.8,0.4,"SRM",1538,8,2,2,5089551.09988022,34117.6948840104,"8 volunteers 2 paid 2 FS",2,3411.76948840104,5082864.03168295,5096238.16807748
"285",3,0.43,0.8,0.4,"UGM",1538,8,2,2,5494523.12526526,76563.9519587689,"8 volunteers 2 paid 2 FS",2,7656.39519587689,5479516.59068134,5509529.65984918
"286",4,0.43,0.8,0.8,"BRE",680,8,2,2,2114727.12620522,9041.61367718514,"8 volunteers 2 paid 2 FS",2,904.161367718514,2112954.96992449,2116499.28248595
"287",4,0.43,0.8,0.8,"CP",880,8,2,2,2716880.13170571,12092.3753175702,"8 volunteers 2 paid 2 FS",2,1209.23753175702,2714510.02614347,2719250.23726796
"288",4,0.43,0.8,0.8,"SRM",825,8,2,2,2739695.02049632,26121.1058659931,"8 volunteers 2 paid 2 FS",2,2612.11058659931,2734575.28374658,2744814.75724605
"289",4,0.43,0.8,0.8,"UGM",800,8,2,2,2852869.34573326,46483.2002652799,"8 volunteers 2 paid 2 FS",2,4648.32002652799,2843758.63848127,2861980.05298526
"290",4,0.43,0.8,0.8,"hierarchical",800,8,2,2,2636270.02915411,26518.5192498416,"8 volunteers 2 paid 2 FS",2,2651.85192498416,2631072.39938114,2641467.65892708
"291",5,0.6,0.6,0.4,"BRE",904,8,2,2,2805168.13934872,7727.8259678717,"8 volunteers 2 paid 2 FS",2,772.782596787171,2803653.48545901,2806682.79323842
"292",5,0.6,0.6,0.4,"CP",1083,8,2,2,3340435.1525076,13675.6186319228,"8 volunteers 2 paid 2 FS",2,1367.56186319228,3337754.73125574,3343115.57375945
"293",5,0.6,0.6,0.4,"SRM",1200,8,2,2,3971645.36079901,29885.5088149064,"8 volunteers 2 paid 2 FS",2,2988.55088149064,3965787.80107129,3977502.92052673
"294",5,0.6,0.6,0.4,"UGM",987,8,2,2,3537820.68264842,55644.2250332498,"8 volunteers 2 paid 2 FS",2,5564.42250332498,3526914.4145419,3548726.95075494
"295",5,0.6,0.6,0.4,"hierarchical",1071,8,2,2,3523596.21767559,36907.2511417788,"8 volunteers 2 paid 2 FS",2,3690.72511417788,3516362.3964518,3530830.03889937
"296",6,0.6,0.6,0.8,"BRE",409,8,2,2,1278765.39113266,8121.54279096461,"8 volunteers 2 paid 2 FS",2,812.154279096461,1277173.56874563,1280357.21351969
"297",6,0.6,0.6,0.8,"BRW",412,8,2,2,1400074.90363091,15139.3974600134,"8 volunteers 2 paid 2 FS",2,1513.93974600134,1397107.58172875,1403042.22553308
"298",6,0.6,0.6,0.8,"CP",402,8,2,2,1245919.02533846,7295.71279887367,"8 volunteers 2 paid 2 FS",2,729.571279887367,1244489.06562988,1247348.98504704
"299",6,0.6,0.6,0.8,"SRM",412,8,2,2,1368619.71851692,17028.5624103672,"8 volunteers 2 paid 2 FS",2,1702.85624103672,1365282.12028448,1371957.31674935
"300",6,0.6,0.6,0.8,"UGM",451,8,2,2,1618266.01403852,44875.001129541,"8 volunteers 2 paid 2 FS",2,4487.5001129541,1609470.51381713,1627061.51425991
"301",6,0.6,0.6,0.8,"hierarchical",586,8,2,2,1934839.88200329,28625.620199086,"8 volunteers 2 paid 2 FS",2,2862.5620199086,1929229.26044427,1940450.50356231
"302",7,0.6,0.8,0.4,"BRE",815,8,2,2,2531206.04941855,7740.48543739854,"8 volunteers 2 paid 2 FS",2,774.048543739854,2529688.91427282,2532723.18456428
"303",7,0.6,0.8,0.4,"CP",931,8,2,2,2872269.65154756,12078.7793377529,"8 volunteers 2 paid 2 FS",2,1207.87793377529,2869902.21079737,2874637.09229776
"304",7,0.6,0.8,0.4,"SRM",973,8,2,2,3225839.69652261,28885.5058980593,"8 volunteers 2 paid 2 FS",2,2888.55058980593,3220178.13736659,3231501.25567863
"305",7,0.6,0.8,0.4,"UGM",922,8,2,2,3294823.26279501,58077.1480886801,"8 volunteers 2 paid 2 FS",2,5807.71480886801,3283440.14176963,3306206.38382039
"306",7,0.6,0.8,0.4,"hierarchical",1036,8,2,2,3407519.87030424,37188.6618075725,"8 volunteers 2 paid 2 FS",2,3718.86618075725,3400230.89258996,3414808.84801852
"307",8,0.6,0.8,0.8,"BRE",442,8,2,2,1377412.95532984,8179.66175169597,"8 volunteers 2 paid 2 FS",2,817.966175169597,1375809.74162651,1379016.16903317
"308",8,0.6,0.8,0.8,"BRW",408,8,2,2,1385958.49053648,17739.7217057829,"8 volunteers 2 paid 2 FS",2,1773.97217057829,1382481.50508215,1389435.47599081
"309",8,0.6,0.8,0.8,"CP",448,8,2,2,1387349.62633002,8651.92856712668,"8 volunteers 2 paid 2 FS",2,865.192856712668,1385653.84833087,1389045.40432918
"310",8,0.6,0.8,0.8,"SRM",504,8,2,2,1676483.09495318,21355.1367808522,"8 volunteers 2 paid 2 FS",2,2135.51367808522,1672297.48814414,1680668.70176223
"311",8,0.6,0.8,0.8,"UGM",408,8,2,2,1473834.08540484,41411.2250156927,"8 volunteers 2 paid 2 FS",2,4141.12250156927,1465717.48530176,1481950.68550791
"312",8,0.6,0.8,0.8,"hierarchical",423,8,2,2,1400842.5078566,21692.9709705487,"8 volunteers 2 paid 2 FS",2,2169.29709705487,1396590.68554637,1405094.33016682
"313",1,0.43,0.6,0.4,"CP",1441,4,4,2,5101065.93082811,16427.7708001578,"4 volunteers 4 paid 2 FS",2,1642.77708001578,5097846.08775128,5104285.77390495
"314",1,0.43,0.6,0.4,"SRM",1476,4,4,2,5705148.64678705,50299.0906390072,"4 volunteers 4 paid 2 FS",2,5029.90906390072,5695290.0250218,5715007.26855229
"315",1,0.43,0.6,0.4,"UGM",1650,4,4,2,6991399.3880034,98559.1344310238,"4 volunteers 4 paid 2 FS",2,9855.91344310238,6972081.79765492,7010716.97835188
"316",1,0.43,0.6,0.4,"hierarchical",1200,4,4,2,4604439.60946623,58692.6371765433,"4 volunteers 4 paid 2 FS",2,5869.26371765433,4592935.85257962,4615943.36635283
"317",2,0.43,0.6,0.8,"BRE",777,4,4,2,2773376.0582171,11967.3698936322,"4 volunteers 4 paid 2 FS",2,1196.73698936322,2771030.45371795,2775721.66271626
"318",2,0.43,0.6,0.8,"CP",746,4,4,2,2642222.8476383,15367.1806249871,"4 volunteers 4 paid 2 FS",2,1536.71806249871,2639210.8802358,2645234.8150408
"319",2,0.43,0.6,0.8,"SRM",775,4,4,2,2994065.31155359,36790.6758093148,"4 volunteers 4 paid 2 FS",2,3679.06758093148,2986854.33909497,3001276.28401222
"320",2,0.43,0.6,0.8,"UGM",782,4,4,2,3317128.08541266,81845.8991014319,"4 volunteers 4 paid 2 FS",2,8184.58991014319,3301086.28918878,3333169.88163654
"321",2,0.43,0.6,0.8,"hierarchical",938,4,4,2,3585321.58527724,50843.3118914142,"4 volunteers 4 paid 2 FS",2,5084.33118914142,3575356.29614653,3595286.87440796
"322",3,0.43,0.8,0.4,"CP",1304,4,4,2,4611626.96014251,15645.0772572508,"4 volunteers 4 paid 2 FS",2,1564.50772572508,4608560.52500009,4614693.39528493
"323",3,0.43,0.8,0.4,"SRM",1538,4,4,2,5942114.2985379,47626.962275097,"4 volunteers 4 paid 2 FS",2,4762.6962275097,5932779.41393198,5951449.18314382
"324",3,0.43,0.8,0.4,"UGM",1538,4,4,2,6530690.03058786,101065.289486444,"4 volunteers 4 paid 2 FS",2,10106.5289486444,6510881.23384852,6550498.82732721
"325",4,0.43,0.8,0.8,"BRE",680,4,4,2,2430563.95291174,10788.7298006638,"4 volunteers 4 paid 2 FS",2,1078.87298006638,2428449.36187081,2432678.54395267
"326",4,0.43,0.8,0.8,"CP",880,4,4,2,3115321.67358943,14898.2062901408,"4 volunteers 4 paid 2 FS",2,1489.82062901408,3112401.62515656,3118241.7220223
"327",4,0.43,0.8,0.8,"SRM",825,4,4,2,3194797.92207144,32900.4280067497,"4 volunteers 4 paid 2 FS",2,3290.04280067497,3188349.43818212,3201246.40596076
"328",4,0.43,0.8,0.8,"UGM",800,4,4,2,3395410.43699227,75969.0083845162,"4 volunteers 4 paid 2 FS",2,7596.90083845162,3380520.5113489,3410300.36263563
"329",4,0.43,0.8,0.8,"hierarchical",800,4,4,2,3066397.80286092,41812.8939651223,"4 volunteers 4 paid 2 FS",2,4181.28939651223,3058202.47564376,3074593.13007809
"330",5,0.6,0.6,0.4,"BRE",904,4,4,2,3225031.08932191,10399.126128709,"4 volunteers 4 paid 2 FS",2,1039.9126128709,3222992.86060068,3227069.31804313
"331",5,0.6,0.6,0.4,"CP",1083,4,4,2,3833008.13940462,17701.1120165323,"4 volunteers 4 paid 2 FS",2,1770.11120165323,3829538.72144938,3836477.55735986
"332",5,0.6,0.6,0.4,"SRM",1200,4,4,2,4634287.47633644,41271.0277561312,"4 volunteers 4 paid 2 FS",2,4127.10277561312,4626198.35489624,4642376.59777664
"333",5,0.6,0.6,0.4,"UGM",987,4,4,2,4174863.15785119,85531.7564339821,"4 volunteers 4 paid 2 FS",2,8553.17564339821,4158098.93359013,4191627.38211225
"334",5,0.6,0.6,0.4,"hierarchical",1071,4,4,2,4113954.51643713,49075.129605105,"4 volunteers 4 paid 2 FS",2,4907.5129605105,4104335.79103453,4123573.24183973
"335",6,0.6,0.6,0.8,"BRE",409,4,4,2,1467029.31999019,11266.2076551363,"4 volunteers 4 paid 2 FS",2,1126.62076551363,1464821.14328978,1469237.49669059
"336",6,0.6,0.6,0.8,"BRW",412,4,4,2,1640483.52283815,21858.1790708719,"4 volunteers 4 paid 2 FS",2,2185.81790708719,1636199.31974026,1644767.72593604
"337",6,0.6,0.6,0.8,"CP",402,4,4,2,1428472.3637119,13162.6719960728,"4 volunteers 4 paid 2 FS",2,1316.26719960728,1425892.48000067,1431052.24742313
"338",6,0.6,0.6,0.8,"SRM",412,4,4,2,1599197.0400397,23186.4246262731,"4 volunteers 4 paid 2 FS",2,2318.64246262731,1594652.50081295,1603741.57926645
"339",6,0.6,0.6,0.8,"UGM",451,4,4,2,1917475.56087773,57601.1413088045,"4 volunteers 4 paid 2 FS",2,5760.11413088045,1906185.73718121,1928765.38457426
"340",6,0.6,0.6,0.8,"hierarchical",586,4,4,2,2245533.83987565,33131.3665274486,"4 volunteers 4 paid 2 FS",2,3313.13665274486,2239040.09203627,2252027.58771503
"341",7,0.6,0.8,0.4,"BRE",815,4,4,2,2907038.23353452,11922.0709243682,"4 volunteers 4 paid 2 FS",2,1192.20709243682,2904701.50763335,2909374.9594357
"342",7,0.6,0.8,0.4,"CP",931,4,4,2,3299228.6958079,14233.0398256462,"4 volunteers 4 paid 2 FS",2,1423.30398256462,3296439.02000208,3302018.37161373
"343",7,0.6,0.8,0.4,"SRM",973,4,4,2,3762306.30481316,47750.3185835295,"4 volunteers 4 paid 2 FS",2,4775.03185835295,3752947.24237079,3771665.36725553
"344",7,0.6,0.8,0.4,"UGM",922,4,4,2,3903088.80865602,78825.9870088216,"4 volunteers 4 paid 2 FS",2,7882.59870088216,3887638.91520229,3918538.70210975
"345",7,0.6,0.8,0.4,"hierarchical",1036,4,4,2,3976262.13317704,54010.4866052025,"4 volunteers 4 paid 2 FS",2,5401.04866052025,3965676.07780242,3986848.18855166
"346",8,0.6,0.8,0.8,"BRE",442,4,4,2,1581734.74410193,13475.4754495573,"4 volunteers 4 paid 2 FS",2,1347.54754495573,1579093.55091382,1584375.93729005
"347",8,0.6,0.8,0.8,"BRW",408,4,4,2,1624972.07056906,23312.8565622378,"4 volunteers 4 paid 2 FS",2,2331.28565622378,1620402.75068287,1629541.39045526
"348",8,0.6,0.8,0.8,"CP",448,4,4,2,1591802.19489656,12687.4183932961,"4 volunteers 4 paid 2 FS",2,1268.74183932961,1589315.46089148,1594288.92890165
"349",8,0.6,0.8,0.8,"SRM",504,4,4,2,1949986.19513986,31379.7229563197,"4 volunteers 4 paid 2 FS",2,3137.97229563197,1943835.76944042,1956136.6208393
"350",8,0.6,0.8,0.8,"UGM",408,4,4,2,1739459.61972469,66541.7680649241,"4 volunteers 4 paid 2 FS",2,6654.17680649241,1726417.43318396,1752501.80626541
"351",8,0.6,0.8,0.8,"hierarchical",423,4,4,2,1630475.88142768,35127.7798601168,"4 volunteers 4 paid 2 FS",2,3512.77798601168,1623590.8365751,1637360.92628026
"352",1,0.43,0.6,0.4,"CP",1441,2,6,2,5685541.83818027,22028.0326914071,"2 volunteers 6 paid 2 FS",2,2202.80326914071,5681224.34377276,5689859.33258779
"353",1,0.43,0.6,0.4,"SRM",1476,2,6,2,6443032.64552344,62147.7142883767,"2 volunteers 6 paid 2 FS",2,6214.77142883767,6430851.69352292,6455213.59752396
"354",1,0.43,0.6,0.4,"UGM",1650,2,6,2,7977905.86447003,116930.735907424,"2 volunteers 6 paid 2 FS",2,11693.0735907424,7954987.44023218,8000824.28870789
"355",1,0.43,0.6,0.4,"hierarchical",1200,2,6,2,5193277.30787286,77480.3234394269,"2 volunteers 6 paid 2 FS",2,7748.03234394269,5178091.16447873,5208463.45126698
"356",2,0.43,0.6,0.8,"BRE",777,2,6,2,3097144.37064469,14404.9262899442,"2 volunteers 6 paid 2 FS",2,1440.49262899442,3094321.00509187,3099967.73619752
"357",2,0.43,0.6,0.8,"CP",746,2,6,2,2944517.22253344,19769.7891431955,"2 volunteers 6 paid 2 FS",2,1976.97891431955,2940642.34386138,2948392.10120551
"358",2,0.43,0.6,0.8,"SRM",775,2,6,2,3377055.8822382,45050.4453195299,"2 volunteers 6 paid 2 FS",2,4505.04453195299,3368225.99495558,3385885.76952083
"359",2,0.43,0.6,0.8,"UGM",782,2,6,2,3782279.14508872,91708.5936833257,"2 volunteers 6 paid 2 FS",2,9170.85936833257,3764304.26072679,3800254.02945066
"360",2,0.43,0.6,0.8,"hierarchical",938,2,6,2,4044755.19591304,63367.0276165087,"2 volunteers 6 paid 2 FS",2,6336.70276165087,4032335.2585002,4057175.13332588
"361",3,0.43,0.8,0.4,"CP",1304,2,6,2,5141841.79526034,25565.2970565417,"2 volunteers 6 paid 2 FS",2,2556.52970565417,5136830.99703726,5146852.59348342
"362",3,0.43,0.8,0.4,"SRM",1538,2,6,2,6694110.85855187,58069.1808373418,"2 volunteers 6 paid 2 FS",2,5806.91808373418,6682729.29910775,6705492.41799599
"363",3,0.43,0.8,0.4,"UGM",1538,2,6,2,7443251.9230056,125504.225271367,"2 volunteers 6 paid 2 FS",2,12550.4225271367,7418653.09485241,7467850.75115878
"364",4,0.43,0.8,0.8,"BRE",680,2,6,2,2707872.68098549,15596.6694924629,"2 volunteers 6 paid 2 FS",2,1559.66694924629,2704815.73376497,2710929.62820601
"365",4,0.43,0.8,0.8,"CP",880,2,6,2,3469365.94179426,20064.2019988958,"2 volunteers 6 paid 2 FS",2,2006.42019988958,3465433.35820248,3473298.52538605
"366",4,0.43,0.8,0.8,"SRM",825,2,6,2,3598043.87555344,41332.4013262328,"2 volunteers 6 paid 2 FS",2,4133.24013262328,3589942.7248935,3606145.02621338
"367",4,0.43,0.8,0.8,"UGM",800,2,6,2,3867077.59807564,91101.3880580976,"2 volunteers 6 paid 2 FS",2,9110.13880580976,3849221.72601625,3884933.47013502
"368",4,0.43,0.8,0.8,"hierarchical",800,2,6,2,3455945.76374026,47483.8937689389,"2 volunteers 6 paid 2 FS",2,4748.38937689389,3446638.92056154,3465252.60691897
"369",5,0.6,0.6,0.4,"BRE",904,2,6,2,3600338.58223732,15788.0008957904,"2 volunteers 6 paid 2 FS",2,1578.80008957904,3597244.13406175,3603433.0304129
"370",5,0.6,0.6,0.4,"CP",1083,2,6,2,4282216.04208706,24009.2397103942,"2 volunteers 6 paid 2 FS",2,2400.92397103942,4277510.23110382,4286921.85307029
"371",5,0.6,0.6,0.4,"SRM",1200,2,6,2,5221686.33616723,62859.674583938,"2 volunteers 6 paid 2 FS",2,6285.9674583938,5209365.83994877,5234006.83238568
"372",5,0.6,0.6,0.4,"UGM",987,2,6,2,4783984.01630824,107035.175807666,"2 volunteers 6 paid 2 FS",2,10703.5175807666,4763005.12184994,4804962.91076654
"373",5,0.6,0.6,0.4,"hierarchical",1071,2,6,2,4624291.30389351,68113.3511224402,"2 volunteers 6 paid 2 FS",2,6811.33511224402,4610941.08707352,4637641.52071351
"374",6,0.6,0.6,0.8,"BRE",409,2,6,2,1636169.80324806,13382.1182112559,"2 volunteers 6 paid 2 FS",2,1338.21182112559,1633546.90807865,1638792.69841746
"375",6,0.6,0.6,0.8,"BRW",412,2,6,2,1856364.38428434,31396.0336406978,"2 volunteers 6 paid 2 FS",2,3139.60336406978,1850210.76169077,1862518.00687792
"376",6,0.6,0.6,0.8,"CP",402,2,6,2,1592437.38605224,13091.5880319464,"2 volunteers 6 paid 2 FS",2,1309.15880319464,1589871.43479798,1595003.3373065
"377",6,0.6,0.6,0.8,"SRM",412,2,6,2,1799722.16401664,34392.5645921349,"2 volunteers 6 paid 2 FS",2,3439.25645921349,1792981.22135658,1806463.1066767
"378",6,0.6,0.6,0.8,"UGM",451,2,6,2,2200858.36126894,81375.5211103858,"2 volunteers 6 paid 2 FS",2,8137.55211103858,2184908.75913131,2216807.96340658
"379",6,0.6,0.6,0.8,"hierarchical",586,2,6,2,2528726.25122902,45300.6154029295,"2 volunteers 6 paid 2 FS",2,4530.06154029295,2519847.33061005,2537605.17184799
"380",7,0.6,0.8,0.4,"BRE",815,2,6,2,3249032.8915954,15527.5971308274,"2 volunteers 6 paid 2 FS",2,1552.75971308274,3245989.48255775,3252076.30063304
"381",7,0.6,0.8,0.4,"CP",931,2,6,2,3675767.58664191,19104.4371239221,"2 volunteers 6 paid 2 FS",2,1910.44371239221,3672023.11696562,3679512.0563182
"382",7,0.6,0.8,0.4,"SRM",973,2,6,2,4245660.92771924,57173.5759230044,"2 volunteers 6 paid 2 FS",2,5717.35759230044,4234454.90683833,4256866.94860015
"383",7,0.6,0.8,0.4,"UGM",922,2,6,2,4459854.73029922,124722.095008157,"2 volunteers 6 paid 2 FS",2,12472.2095008157,4435409.19967762,4484300.26092082
"384",7,0.6,0.8,0.4,"hierarchical",1036,2,6,2,4467502.5318281,71826.8520212708,"2 volunteers 6 paid 2 FS",2,7182.68520212708,4453424.46883194,4481580.59482427
"385",8,0.6,0.8,0.8,"BRE",442,2,6,2,1765647.5253291,13908.7416220154,"2 volunteers 6 paid 2 FS",2,1390.87416220154,1762921.41197119,1768373.63868702
"386",8,0.6,0.8,0.8,"BRW",408,2,6,2,1840401.89720651,33881.82683869,"2 volunteers 6 paid 2 FS",2,3388.182683869,1833761.05914612,1847042.73526689
"387",8,0.6,0.8,0.8,"CP",448,2,6,2,1770897.36571642,13618.9257807443,"2 volunteers 6 paid 2 FS",2,1361.89257807443,1768228.0562634,1773566.67516945
"388",8,0.6,0.8,0.8,"SRM",504,2,6,2,2199198.19745696,35441.7466874748,"2 volunteers 6 paid 2 FS",2,3544.17466874748,2192251.61510622,2206144.77980771
"389",8,0.6,0.8,0.8,"UGM",408,2,6,2,1981031.22121868,67874.708514048,"2 volunteers 6 paid 2 FS",2,6787.4708514048,1967727.77834993,1994334.66408744
"390",8,0.6,0.8,0.8,"hierarchical",423,2,6,2,1844779.42393096,44003.8996076389,"2 volunteers 6 paid 2 FS",2,4400.38996076389,1836154.65960786,1853404.18825405
"391",1,0.43,0.6,0.4,"CP",1441,0,8,2,6271377.15319751,31163.7742320852,"0 volunteers 8 paid 2 FS",2,3116.37742320852,6265269.05344802,6277485.252947
"392",1,0.43,0.6,0.4,"SRM",1476,0,8,2,7167846.96037372,74211.2866670861,"0 volunteers 8 paid 2 FS",2,7421.12866670861,7153301.54818698,7182392.37256047
"393",1,0.43,0.6,0.4,"UGM",1650,0,8,2,8949539.7523507,149458.150485952,"0 volunteers 8 paid 2 FS",2,14945.8150485952,8920245.95485545,8978833.54984594
"394",1,0.43,0.6,0.4,"hierarchical",1200,0,8,2,5750608.45964459,82821.5703123429,"0 volunteers 8 paid 2 FS",2,8282.15703123429,5734375.43186337,5766841.48742581
"395",2,0.43,0.6,0.8,"BRE",777,0,8,2,3419708.32397552,17493.3493909943,"0 volunteers 8 paid 2 FS",2,1749.33493909943,3416279.62749489,3423137.02045616
"396",2,0.43,0.6,0.8,"CP",746,0,8,2,3250862.60385489,25304.9421273169,"0 volunteers 8 paid 2 FS",2,2530.49421273169,3245902.83519794,3255822.37251185
"397",2,0.43,0.6,0.8,"SRM",775,0,8,2,3758078.05317653,57613.7780072938,"0 volunteers 8 paid 2 FS",2,5761.37780072938,3746785.7526871,3769370.35366596
"398",2,0.43,0.6,0.8,"UGM",782,0,8,2,4256822.50367652,115992.307881334,"0 volunteers 8 paid 2 FS",2,11599.2307881334,4234088.01133178,4279556.99602126
"399",2,0.43,0.6,0.8,"hierarchical",938,0,8,2,4486521.72256248,67209.9436461723,"0 volunteers 8 paid 2 FS",2,6720.99436461723,4473348.57360783,4499694.87151713
"400",3,0.43,0.8,0.4,"CP",1304,0,8,2,5672919.22328572,29211.5270478104,"0 volunteers 8 paid 2 FS",2,2921.15270478104,5667193.76398435,5678644.68258709
"401",3,0.43,0.8,0.4,"SRM",1538,0,8,2,7467577.64939331,79734.8641593533,"0 volunteers 8 paid 2 FS",2,7973.48641593533,7451949.61601808,7483205.68276854
"402",3,0.43,0.8,0.4,"UGM",1538,0,8,2,8337316.38494092,168178.947401702,"0 volunteers 8 paid 2 FS",2,16817.8947401702,8304353.31125019,8370279.45863166
"403",4,0.43,0.8,0.8,"BRE",680,0,8,2,2990822.27018803,17678.1326729536,"0 volunteers 8 paid 2 FS",2,1767.81326729536,2987357.35618414,2994287.18419193
"404",4,0.43,0.8,0.8,"CP",880,0,8,2,3836124.49315206,24900.3242273087,"0 volunteers 8 paid 2 FS",2,2490.03242273087,3831244.02960351,3841004.95670061
"405",4,0.43,0.8,0.8,"SRM",825,0,8,2,4004543.80226718,54484.1455385969,"0 volunteers 8 paid 2 FS",2,5448.41455385968,3993864.90974161,4015222.69479274
"406",4,0.43,0.8,0.8,"UGM",800,0,8,2,4346255.37272063,126306.197336242,"0 volunteers 8 paid 2 FS",2,12630.6197336242,4321499.35804272,4371011.38739853
"407",4,0.43,0.8,0.8,"hierarchical",800,0,8,2,3846693.29427791,67395.1309466255,"0 volunteers 8 paid 2 FS",2,6739.51309466255,3833483.84861237,3859902.73994345
"408",5,0.6,0.6,0.4,"BRE",904,0,8,2,3975733.77155869,15622.3331815419,"0 volunteers 8 paid 2 FS",2,1562.23331815419,3972671.7942551,3978795.74886227
"409",5,0.6,0.6,0.4,"CP",1083,0,8,2,4718401.22840954,28291.0940808653,"0 volunteers 8 paid 2 FS",2,2829.10940808653,4712856.17396969,4723946.28284939
"410",5,0.6,0.6,0.4,"SRM",1200,0,8,2,5826644.79283017,67097.3224833995,"0 volunteers 8 paid 2 FS",2,6709.73224833995,5813493.71762342,5839795.86803691
"411",5,0.6,0.6,0.4,"UGM",987,0,8,2,5341960.51071241,135192.605120128,"0 volunteers 8 paid 2 FS",2,13519.2605120128,5315462.76010887,5368458.26131596
"412",5,0.6,0.6,0.4,"hierarchical",1071,0,8,2,5145240.20412346,78212.7097602347,"0 volunteers 8 paid 2 FS",2,7821.27097602347,5129910.51301046,5160569.89523647
"413",6,0.6,0.6,0.8,"BRE",409,0,8,2,1803001.39416406,15198.2900390171,"0 volunteers 8 paid 2 FS",2,1519.82900390171,1800022.52931641,1805980.25901171
"414",6,0.6,0.6,0.8,"BRW",412,0,8,2,2076220.98726561,35926.9799597076,"0 volunteers 8 paid 2 FS",2,3592.69799597076,2069179.2991935,2083262.67533771
"415",6,0.6,0.6,0.8,"CP",402,0,8,2,1753387.83985445,17080.8408143381,"0 volunteers 8 paid 2 FS",2,1708.08408143381,1750039.99505484,1756735.68465406
"416",6,0.6,0.6,0.8,"SRM",412,0,8,2,2004465.1076021,39836.6420829869,"0 volunteers 8 paid 2 FS",2,3983.66420829869,1996657.12575383,2012273.08945037
"417",6,0.6,0.6,0.8,"UGM",451,0,8,2,2462319.58826203,84848.6196548585,"0 volunteers 8 paid 2 FS",2,8484.86196548585,2445689.25880968,2478949.91771438
"418",6,0.6,0.6,0.8,"hierarchical",586,0,8,2,2827747.30043169,66027.8254722842,"0 volunteers 8 paid 2 FS",2,6602.78254722842,2814805.84663912,2840688.75422426
"419",7,0.6,0.8,0.4,"BRE",815,0,8,2,3584410.99618893,17639.4946175815,"0 volunteers 8 paid 2 FS",2,1763.94946175815,3580953.65524388,3587868.33713397
"420",7,0.6,0.8,0.4,"CP",931,0,8,2,4053796.11026874,23601.2612488174,"0 volunteers 8 paid 2 FS",2,2360.12612488174,4049170.26306397,4058421.95747351
"421",7,0.6,0.8,0.4,"SRM",973,0,8,2,4723278.95956752,55240.583484412,"0 volunteers 8 paid 2 FS",2,5524.0583484412,4712451.80520457,4734106.11393046
"422",7,0.6,0.8,0.4,"UGM",922,0,8,2,4994523.55549502,122754.704253921,"0 volunteers 8 paid 2 FS",2,12275.4704253921,4970463.63346126,5018583.47752879
"423",7,0.6,0.8,0.4,"hierarchical",1036,0,8,2,4980071.18567419,73335.2697178696,"0 volunteers 8 paid 2 FS",2,7333.52697178696,4965697.47280949,4994444.89853889
"424",8,0.6,0.8,0.8,"BRE",442,0,8,2,1948832.58091615,18988.2524530223,"0 volunteers 8 paid 2 FS",2,1898.82524530223,1945110.88343536,1952554.27839695
"425",8,0.6,0.8,0.8,"BRW",408,0,8,2,2053936.06158794,40625.6321465747,"0 volunteers 8 paid 2 FS",2,4062.56321465747,2045973.43768721,2061898.68548866
"426",8,0.6,0.8,0.8,"CP",448,0,8,2,1954638.56045977,19110.2190784016,"0 volunteers 8 paid 2 FS",2,1911.02190784016,1950892.9575204,1958384.16339913
"427",8,0.6,0.8,0.8,"SRM",504,0,8,2,2449807.25993975,43768.1568613947,"0 volunteers 8 paid 2 FS",2,4376.81568613947,2441228.70119491,2458385.81868458
"428",8,0.6,0.8,0.8,"UGM",408,0,8,2,2232574.26982843,96675.2978214153,"0 volunteers 8 paid 2 FS",2,9667.52978214153,2213625.91145543,2251522.62820142
"429",8,0.6,0.8,0.8,"hierarchical",423,0,8,2,2043842.24128097,50433.1645090892,"0 volunteers 8 paid 2 FS",2,5043.31645090892,2033957.34103719,2053727.14152476
"430",1,0.43,0.6,0.4,"CP",1441,0,0,10,2959198.59045626,554.325815730237,"0 volunteers 0 paid 10 FS",2,55.4325815730237,2959089.94259638,2959307.23831615
"431",1,0.43,0.6,0.4,"SRM",1476,0,0,10,3042163.9721659,1295.32236529605,"0 volunteers 0 paid 10 FS",2,129.532236529605,3041910.0889823,3042417.8553495
"432",1,0.43,0.6,0.4,"UGM",1650,0,0,10,3416945.6306226,2987.2318394887,"0 volunteers 0 paid 10 FS",2,298.72318394887,3416360.13318206,3417531.12806314
"433",1,0.43,0.6,0.4,"hierarchical",1200,0,0,10,2474020.37716217,1485.88677706984,"0 volunteers 0 paid 10 FS",2,148.588677706984,2473729.14335386,2474311.61097047
"434",2,0.43,0.6,0.8,"BRE",777,0,0,10,1601642.13958599,319.909618043745,"0 volunteers 0 paid 10 FS",2,31.9909618043745,1601579.43730085,1601704.84187113
"435",2,0.43,0.6,0.8,"CP",746,0,0,10,1535792.10473254,406.265200972923,"0 volunteers 0 paid 10 FS",2,40.6265200972923,1535712.47675315,1535871.73271193
"436",2,0.43,0.6,0.8,"SRM",775,0,0,10,1604123.85957986,1063.57462443322,"0 volunteers 0 paid 10 FS",2,106.357462443322,1603915.39895347,1604332.32020625
"437",2,0.43,0.6,0.8,"UGM",782,0,0,10,1624917.24947072,2479.80621856913,"0 volunteers 0 paid 10 FS",2,247.980621856913,1624431.20745188,1625403.29148956
"438",2,0.43,0.6,0.8,"hierarchical",938,0,0,10,1932027.68042267,1181.70449145456,"0 volunteers 0 paid 10 FS",2,118.170449145456,1931796.06634235,1932259.294503
"439",3,0.43,0.8,0.4,"CP",1304,0,0,10,2676977.15465072,552.326665983297,"0 volunteers 0 paid 10 FS",2,55.2326665983297,2676868.89862419,2677085.41067725
"440",3,0.43,0.8,0.4,"SRM",1538,0,0,10,3169432.64279787,1365.68170627396,"0 volunteers 0 paid 10 FS",2,136.568170627396,3169164.96918344,3169700.3164123
"441",3,0.43,0.8,0.4,"UGM",1538,0,0,10,3185591.44964061,2701.81259883852,"0 volunteers 0 paid 10 FS",2,270.181259883852,3185061.89437123,3186121.00490998
"442",4,0.43,0.8,0.8,"BRE",680,0,0,10,1401187.90660779,324.147743861452,"0 volunteers 0 paid 10 FS",2,32.4147743861452,1401124.37364999,1401251.43956558
"443",4,0.43,0.8,0.8,"CP",880,0,0,10,1809663.31842975,466.518882551559,"0 volunteers 0 paid 10 FS",2,46.6518882551559,1809571.88072877,1809754.75613073
"444",4,0.43,0.8,0.8,"SRM",825,0,0,10,1706693.15058233,1028.97001954347,"0 volunteers 0 paid 10 FS",2,102.897001954347,1706491.4724585,1706894.82870616
"445",4,0.43,0.8,0.8,"UGM",800,0,0,10,1661981.10450691,2183.93973376408,"0 volunteers 0 paid 10 FS",2,218.393973376408,1661553.05231909,1662409.15669472
"446",4,0.43,0.8,0.8,"hierarchical",800,0,0,10,1652926.75843016,1112.68469791405,"0 volunteers 0 paid 10 FS",2,111.268469791404,1652708.67222936,1653144.84463095
"447",5,0.6,0.6,0.4,"BRE",904,0,0,10,1859524.10332812,316.432103697812,"0 volunteers 0 paid 10 FS",2,31.6432103697812,1859462.0826358,1859586.12402045
"448",5,0.6,0.6,0.4,"CP",1083,0,0,10,2226822.8685065,428.168875318571,"0 volunteers 0 paid 10 FS",2,42.8168875318571,2226738.94740693,2226906.78960606
"449",5,0.6,0.6,0.4,"SRM",1200,0,0,10,2475226.35752095,1245.370602443,"0 volunteers 0 paid 10 FS",2,124.5370602443,2474982.26488287,2475470.45015903
"450",5,0.6,0.6,0.4,"UGM",987,0,0,10,2049774.9894222,2231.41182324652,"0 volunteers 0 paid 10 FS",2,223.141182324652,2049337.63270484,2050212.34613956
"451",5,0.6,0.6,0.4,"hierarchical",1071,0,0,10,2207318.53200963,1325.98388869845,"0 volunteers 0 paid 10 FS",2,132.598388869845,2207058.63916745,2207578.42485182
"452",6,0.6,0.6,0.8,"BRE",409,0,0,10,848811.223510892,350.931978042753,"0 volunteers 0 paid 10 FS",2,35.0931978042753,848742.440843196,848880.006178589
"453",6,0.6,0.6,0.8,"BRW",412,0,0,10,857663.121401542,689.815846754287,"0 volunteers 0 paid 10 FS",2,68.9815846754287,857527.917495578,857798.325307506
"454",6,0.6,0.6,0.8,"CP",402,0,0,10,832107.125567899,389.358303978494,"0 volunteers 0 paid 10 FS",2,38.9358303978494,832030.811340319,832183.439795479
"455",6,0.6,0.6,0.8,"SRM",412,0,0,10,856438.977259581,686.953231561311,"0 volunteers 0 paid 10 FS",2,68.6953231561311,856304.334426195,856573.620092967
"456",6,0.6,0.6,0.8,"UGM",451,0,0,10,943344.828059449,2005.19364180573,"0 volunteers 0 paid 10 FS",2,200.519364180573,942951.810105655,943737.846013243
"457",6,0.6,0.6,0.8,"hierarchical",586,0,0,10,1213309.53184687,1114.96344151166,"0 volunteers 0 paid 10 FS",2,111.496344151166,1213090.99901233,1213528.0646814
"458",7,0.6,0.8,0.4,"BRE",815,0,0,10,1679428.93473648,356.204093751326,"0 volunteers 0 paid 10 FS",2,35.6204093751326,1679359.11873411,1679498.75073886
"459",7,0.6,0.8,0.4,"CP",931,0,0,10,1916052.44480104,433.757399008731,"0 volunteers 0 paid 10 FS",2,43.3757399008731,1915967.42835083,1916137.46125124
"460",7,0.6,0.8,0.4,"SRM",973,0,0,10,2010801.71006903,953.864453014685,"0 volunteers 0 paid 10 FS",2,95.3864453014685,2010614.75263624,2010988.66750182
"461",7,0.6,0.8,0.4,"UGM",922,0,0,10,1913669.14362696,2549.05238157447,"0 volunteers 0 paid 10 FS",2,254.905238157447,1913169.52936017,1914168.75789375
"462",7,0.6,0.8,0.4,"hierarchical",1036,0,0,10,2137354.49991227,1314.17529406891,"0 volunteers 0 paid 10 FS",2,131.417529406891,2137096.92155463,2137612.07826991
"463",8,0.6,0.8,0.8,"BRE",442,0,0,10,914316.993732357,347.376431435258,"0 volunteers 0 paid 10 FS",2,34.7376431435258,914248.907951796,914385.079512919
"464",8,0.6,0.8,0.8,"BRW",408,0,0,10,849220.175757161,644.536600039494,"0 volunteers 0 paid 10 FS",2,64.4536600039494,849093.846583553,849346.504930768
"465",8,0.6,0.8,0.8,"CP",448,0,0,10,926250.949545504,359.478636970649,"0 volunteers 0 paid 10 FS",2,35.9478636970649,926180.491732658,926321.407358351
"466",8,0.6,0.8,0.8,"SRM",504,0,0,10,1045355.10008138,811.446299903391,"0 volunteers 0 paid 10 FS",2,81.1446299903391,1045196.05660659,1045514.14355616
"467",8,0.6,0.8,0.8,"UGM",408,0,0,10,852524.943522823,1542.05009915448,"0 volunteers 0 paid 10 FS",2,154.205009915448,852222.701703388,852827.185342257
"468",8,0.6,0.8,0.8,"hierarchical",423,0,0,10,880624.940144605,894.007129142027,"0 volunteers 0 paid 10 FS",2,89.4007129142027,880449.714747293,880800.165541917
"469",1,0.43,0.6,0.4,"CP",1441,10,0,2,3517401.6366699,14557.0776147221,"10 volunteers 0 paid 2 FS",3,1455.70776147221,3514548.44945742,3520254.82388239
"470",1,0.43,0.6,0.4,"SRM",1476,10,0,2,3940773.06602761,32882.7156427304,"10 volunteers 0 paid 2 FS",3,3288.27156427304,3934328.05376163,3947218.07829358
"471",1,0.43,0.6,0.4,"UGM",1650,10,0,2,4866913.65514519,79110.9025259799,"10 volunteers 0 paid 2 FS",3,7911.09025259799,4851407.9182501,4882419.39204028
"472",1,0.43,0.6,0.4,"hierarchical",1200,10,0,2,3180999.31794936,38329.7580268005,"10 volunteers 0 paid 2 FS",3,3832.97580268005,3173486.68537611,3188511.95052261
"473",2,0.43,0.6,0.8,"BRE",777,10,0,2,1915242.10931811,8459.01611702402,"10 volunteers 0 paid 2 FS",3,845.901611702402,1913584.14215918,1916900.07647705
"474",2,0.43,0.6,0.8,"CP",746,10,0,2,1826167.72868394,10781.313315207,"10 volunteers 0 paid 2 FS",3,1078.1313315207,1824054.59127416,1828280.86609372
"475",2,0.43,0.6,0.8,"SRM",775,10,0,2,2080767.22721953,26846.4067665847,"10 volunteers 0 paid 2 FS",3,2684.64067665847,2075505.33149328,2086029.12294578
"476",2,0.43,0.6,0.8,"UGM",782,10,0,2,2304130.46386805,54561.9075081647,"10 volunteers 0 paid 2 FS",3,5456.19075081647,2293436.32999645,2314824.59773965
"477",2,0.43,0.6,0.8,"hierarchical",938,10,0,2,2484544.02878712,33937.0907320742,"10 volunteers 0 paid 2 FS",3,3393.70907320742,2477892.35900363,2491195.6985706
"478",3,0.43,0.8,0.4,"CP",1304,10,0,2,3183013.10341166,12883.667853738,"10 volunteers 0 paid 2 FS",3,1288.3667853738,3180487.90451232,3185538.30231099
"479",3,0.43,0.8,0.4,"SRM",1538,10,0,2,4106286.01411969,34324.358936602,"10 volunteers 0 paid 2 FS",3,3432.4358936602,4099558.43976812,4113013.58847127
"480",3,0.43,0.8,0.4,"UGM",1538,10,0,2,4540743.66952413,69885.4778474247,"10 volunteers 0 paid 2 FS",3,6988.54778474247,4527046.11586603,4554441.22318222
"481",4,0.43,0.8,0.8,"BRE",680,10,0,2,1677598.20684121,8287.21301838935,"10 volunteers 0 paid 2 FS",3,828.721301838935,1675973.91308961,1679222.50059282
"482",4,0.43,0.8,0.8,"CP",880,10,0,2,2154801.17205489,11100.0242402477,"10 volunteers 0 paid 2 FS",3,1110.00242402477,2152625.5673038,2156976.77680598
"483",4,0.43,0.8,0.8,"SRM",825,10,0,2,2211513.44881155,27810.6600472528,"10 volunteers 0 paid 2 FS",3,2781.06600472528,2206062.55944229,2216964.33818081
"484",4,0.43,0.8,0.8,"UGM",800,10,0,2,2362470.21358926,52580.0212685103,"10 volunteers 0 paid 2 FS",3,5258.00212685103,2352164.52942063,2372775.89775789
"485",4,0.43,0.8,0.8,"hierarchical",800,10,0,2,2131920.91415074,32559.5459903517,"10 volunteers 0 paid 2 FS",3,3255.95459903517,2125539.24313663,2138302.58516485
"486",5,0.6,0.6,0.4,"BRE",904,10,0,2,2230390.55542558,8432.7747915097,"10 volunteers 0 paid 2 FS",3,843.27747915097,2228737.73156645,2232043.37928472
"487",5,0.6,0.6,0.4,"CP",1083,10,0,2,2647137.856127,13083.3024269559,"10 volunteers 0 paid 2 FS",3,1308.33024269559,2644573.52885131,2649702.18340268
"488",5,0.6,0.6,0.4,"SRM",1200,10,0,2,3207788.65795225,31708.7737984693,"10 volunteers 0 paid 2 FS",3,3170.87737984693,3201573.73828775,3214003.57761675
"489",5,0.6,0.6,0.4,"UGM",987,10,0,2,2906438.39403826,57511.5349458494,"10 volunteers 0 paid 2 FS",3,5751.15349458494,2895166.13318887,2917710.65488765
"490",5,0.6,0.6,0.4,"hierarchical",1071,10,0,2,2837799.04298944,40469.2853514313,"10 volunteers 0 paid 2 FS",3,4046.92853514313,2829867.06306055,2845731.02291832
"491",6,0.6,0.6,0.8,"BRE",409,10,0,2,1016110.1670714,8765.90975786816,"10 volunteers 0 paid 2 FS",3,876.590975786816,1014392.04875886,1017828.28538394
"492",6,0.6,0.6,0.8,"BRW",412,10,0,2,1141070.14380088,16452.6387818223,"10 volunteers 0 paid 2 FS",3,1645.26387818223,1137845.42659964,1144294.86100211
"493",6,0.6,0.6,0.8,"CP",402,10,0,2,988539.452482214,9525.08289855406,"10 volunteers 0 paid 2 FS",3,952.508289855406,986672.536234097,990406.368730331
"494",6,0.6,0.6,0.8,"SRM",412,10,0,2,1110355.84578542,19318.1533929683,"10 volunteers 0 paid 2 FS",3,1931.81533929683,1106569.4877204,1114142.20385044
"495",6,0.6,0.6,0.8,"UGM",451,10,0,2,1331593.47148654,48440.0811363348,"10 volunteers 0 paid 2 FS",3,4844.00811363348,1322099.21558382,1341087.72738926
"496",6,0.6,0.6,0.8,"hierarchical",586,10,0,2,1561409.7623311,29829.604197205,"10 volunteers 0 paid 2 FS",3,2982.9604197205,1555563.15990845,1567256.36475375
"497",7,0.6,0.8,0.4,"BRE",815,10,0,2,2010360.01313739,7639.95562401187,"10 volunteers 0 paid 2 FS",3,763.995562401187,2008862.58183509,2011857.4444397
"498",7,0.6,0.8,0.4,"CP",931,10,0,2,2278329.77664128,12688.3913749581,"10 volunteers 0 paid 2 FS",3,1268.83913749581,2275842.85193179,2280816.70135077
"499",7,0.6,0.8,0.4,"SRM",973,10,0,2,2612137.95291474,30877.8188583108,"10 volunteers 0 paid 2 FS",3,3087.78188583108,2606085.90041851,2618190.00541097
"500",7,0.6,0.8,0.4,"UGM",922,10,0,2,2720043.58144624,51925.06374027,"10 volunteers 0 paid 2 FS",3,5192.506374027,2709866.26895314,2730220.89393933
"501",7,0.6,0.8,0.4,"hierarchical",1036,10,0,2,2749528.50460572,39209.5945043078,"10 volunteers 0 paid 2 FS",3,3920.95945043078,2741843.42408288,2757213.58512857
"502",8,0.6,0.8,0.8,"BRE",442,10,0,2,1097486.98755653,8279.60484556936,"10 volunteers 0 paid 2 FS",3,827.960484556936,1095864.1850068,1099109.79010626
"503",8,0.6,0.8,0.8,"BRW",408,10,0,2,1125808.81856967,18011.644208297,"10 volunteers 0 paid 2 FS",3,1801.1644208297,1122278.53630484,1129339.10083449
"504",8,0.6,0.8,0.8,"CP",448,10,0,2,1103147.84217968,9024.06697582483,"10 volunteers 0 paid 2 FS",3,902.406697582483,1101379.12505242,1104916.55930694
"505",8,0.6,0.8,0.8,"SRM",504,10,0,2,1355342.57037927,19311.0664521499,"10 volunteers 0 paid 2 FS",3,1931.10664521499,1351557.60135465,1359127.53940389
"506",8,0.6,0.8,0.8,"UGM",408,10,0,2,1207907.33700218,39356.1959571763,"10 volunteers 0 paid 2 FS",3,3935.61959571763,1200193.52259457,1215621.15140979
"507",8,0.6,0.8,0.8,"hierarchical",423,10,0,2,1128977.68855955,22335.3986646216,"10 volunteers 0 paid 2 FS",3,2233.53986646216,1124599.95042128,1133355.42669781
"508",1,0.43,0.6,0.4,"CP",1441,8,2,2,4255766.16862288,21035.5811727532,"8 volunteers 2 paid 2 FS",3,2103.55811727533,4251643.19471303,4259889.14253274
"509",1,0.43,0.6,0.4,"SRM",1476,8,2,2,4847644.22720129,55303.6964392682,"8 volunteers 2 paid 2 FS",3,5530.36964392682,4836804.70269919,4858483.75170338
"510",1,0.43,0.6,0.4,"UGM",1650,8,2,2,6094550.48293307,82878.6223993641,"8 volunteers 2 paid 2 FS",3,8287.86223993641,6078306.2729428,6110794.69292335
"511",1,0.43,0.6,0.4,"hierarchical",1200,8,2,2,3916476.4002104,66763.3863709868,"8 volunteers 2 paid 2 FS",3,6676.33863709868,3903390.77648168,3929562.02393911
"512",2,0.43,0.6,0.8,"BRE",777,8,2,2,2318491.74782531,11762.5799515458,"8 volunteers 2 paid 2 FS",3,1176.25799515458,2316186.28215481,2320797.21349581
"513",2,0.43,0.6,0.8,"CP",746,8,2,2,2205033.74115742,16504.841892197,"8 volunteers 2 paid 2 FS",3,1650.4841892197,2201798.79214655,2208268.69016829
"514",2,0.43,0.6,0.8,"SRM",775,8,2,2,2556658.96615593,36667.1731185076,"8 volunteers 2 paid 2 FS",3,3666.71731185076,2549472.2002247,2563845.73208716
"515",2,0.43,0.6,0.8,"UGM",782,8,2,2,2883915.89291383,78949.8935401762,"8 volunteers 2 paid 2 FS",3,7894.98935401762,2868441.71377995,2899390.0720477
"516",2,0.43,0.6,0.8,"hierarchical",938,8,2,2,3052108.25954734,47937.4705778602,"8 volunteers 2 paid 2 FS",3,4793.74705778602,3042712.51531408,3061504.0037806
"517",3,0.43,0.8,0.4,"CP",1304,8,2,2,3846111.84219647,19128.915770546,"8 volunteers 2 paid 2 FS",3,1912.8915770546,3842362.57470544,3849861.10968749
"518",3,0.43,0.8,0.4,"SRM",1538,8,2,2,5052937.78738535,45109.2999860742,"8 volunteers 2 paid 2 FS",3,4510.92999860742,5044096.36458808,5061779.21018262
"519",3,0.43,0.8,0.4,"UGM",1538,8,2,2,5678835.86006861,120228.700801596,"8 volunteers 2 paid 2 FS",3,12022.8700801596,5655271.03471149,5702400.68542572
"520",4,0.43,0.8,0.8,"BRE",680,8,2,2,2030428.19601759,12218.2520703861,"8 volunteers 2 paid 2 FS",3,1221.82520703861,2028033.4186118,2032822.97342339
"521",4,0.43,0.8,0.8,"CP",880,8,2,2,2602506.12202112,19814.7293276909,"8 volunteers 2 paid 2 FS",3,1981.47293276909,2598622.43507289,2606389.80896934
"522",4,0.43,0.8,0.8,"SRM",825,8,2,2,2717779.01514592,35060.0091783852,"8 volunteers 2 paid 2 FS",3,3506.00091783852,2710907.25334695,2724650.77694488
"523",4,0.43,0.8,0.8,"UGM",800,8,2,2,2955628.42925775,83590.2960405588,"8 volunteers 2 paid 2 FS",3,8359.02960405588,2939244.7312338,2972012.1272817
"524",4,0.43,0.8,0.8,"hierarchical",800,8,2,2,2623474.83393961,43151.8554760484,"8 volunteers 2 paid 2 FS",3,4315.18554760484,2615017.07026631,2631932.59761292
"525",5,0.6,0.6,0.4,"BRE",904,8,2,2,2697309.43125806,10685.2302592237,"8 volunteers 2 paid 2 FS",3,1068.52302592237,2695215.12612725,2699403.73638886
"526",5,0.6,0.6,0.4,"CP",1083,8,2,2,3195241.58215094,18353.5652444749,"8 volunteers 2 paid 2 FS",3,1835.35652444749,3191644.28336302,3198838.88093885
"527",5,0.6,0.6,0.4,"SRM",1200,8,2,2,3952437.24644718,47031.2020043821,"8 volunteers 2 paid 2 FS",3,4703.12020043821,3943219.13085432,3961655.36204004
"528",5,0.6,0.6,0.4,"UGM",987,8,2,2,3653425.69024457,90564.2143444588,"8 volunteers 2 paid 2 FS",3,9056.42143444588,3635675.10423305,3671176.27625608
"529",5,0.6,0.6,0.4,"hierarchical",1071,8,2,2,3500613.88564442,64292.8490824248,"8 volunteers 2 paid 2 FS",3,6429.28490824248,3488012.48722427,3513215.28406458
"530",6,0.6,0.6,0.8,"BRE",409,8,2,2,1228588.77981863,10815.5508157424,"8 volunteers 2 paid 2 FS",3,1081.55508157424,1226468.93185874,1230708.62777852
"531",6,0.6,0.6,0.8,"BRW",412,8,2,2,1409690.91108964,25867.6482983876,"8 volunteers 2 paid 2 FS",3,2586.76482983876,1404620.85202315,1414760.97015612
"532",6,0.6,0.6,0.8,"CP",402,8,2,2,1193408.21464911,11742.6464486419,"8 volunteers 2 paid 2 FS",3,1174.26464486419,1191106.65594517,1195709.77335304
"533",6,0.6,0.6,0.8,"SRM",412,8,2,2,1362833.42913768,26902.0122549713,"8 volunteers 2 paid 2 FS",3,2690.20122549713,1357560.63473571,1368106.22353966
"534",6,0.6,0.6,0.8,"UGM",451,8,2,2,1665584.22102157,63742.6588198155,"8 volunteers 2 paid 2 FS",3,6374.26588198155,1653090.65989289,1678077.78215025
"535",6,0.6,0.6,0.8,"hierarchical",586,8,2,2,1923629.91978456,38104.0613311827,"8 volunteers 2 paid 2 FS",3,3810.40613311827,1916161.52376365,1931098.31580547
"536",7,0.6,0.8,0.4,"BRE",815,8,2,2,2431392.65381684,13147.4224514474,"8 volunteers 2 paid 2 FS",3,1314.74224514474,2428815.75901636,2433969.54861733
"537",7,0.6,0.8,0.4,"CP",931,8,2,2,2752828.9646978,17382.9260066196,"8 volunteers 2 paid 2 FS",3,1738.29260066196,2749421.9112005,2756236.0181951
"538",7,0.6,0.8,0.4,"SRM",973,8,2,2,3209813.93238349,40748.1516261283,"8 volunteers 2 paid 2 FS",3,4074.81516261283,3201827.29466477,3217800.57010221
"539",7,0.6,0.8,0.4,"UGM",922,8,2,2,3407467.36050721,94585.8934313792,"8 volunteers 2 paid 2 FS",3,9458.58934313792,3388928.52539466,3426006.19561976
"540",7,0.6,0.8,0.4,"hierarchical",1036,8,2,2,3377973.0747201,55849.1284941994,"8 volunteers 2 paid 2 FS",3,5584.91284941993,3367026.64553524,3388919.50390497
"541",8,0.6,0.8,0.8,"BRE",442,8,2,2,1326695.62579003,12334.4781823859,"8 volunteers 2 paid 2 FS",3,1233.44781823859,1324278.06806629,1329113.18351378
"542",8,0.6,0.8,0.8,"BRW",408,8,2,2,1393398.10791309,26586.3109511055,"8 volunteers 2 paid 2 FS",3,2658.63109511055,1388187.19096668,1398609.02485951
"543",8,0.6,0.8,0.8,"CP",448,8,2,2,1331353.10618433,12066.1212803415,"8 volunteers 2 paid 2 FS",3,1206.61212803415,1328988.14641338,1333718.06595527
"544",8,0.6,0.8,0.8,"SRM",504,8,2,2,1659178.39339323,30580.7508320843,"8 volunteers 2 paid 2 FS",3,3058.07508320843,1653184.56623014,1665172.22055632
"545",8,0.6,0.8,0.8,"UGM",408,8,2,2,1512134.30545096,55697.0009952054,"8 volunteers 2 paid 2 FS",3,5569.70009952054,1501217.6932559,1523050.91764602
"546",8,0.6,0.8,0.8,"hierarchical",423,8,2,2,1385843.83069338,32952.3934662284,"8 volunteers 2 paid 2 FS",3,3295.23934662284,1379385.161574,1392302.49981276
"547",1,0.43,0.6,0.4,"CP",1441,4,4,2,5240023.38426803,27565.6054191709,"4 volunteers 4 paid 2 FS",3,2756.56054191709,5234620.52560587,5245426.24293019
"548",1,0.43,0.6,0.4,"SRM",1476,4,4,2,6099064.03892863,81955.7694138236,"4 volunteers 4 paid 2 FS",3,8195.57694138236,6083000.70812352,6115127.36973374
"549",1,0.43,0.6,0.4,"UGM",1650,4,4,2,7691848.41069836,154895.802529106,"4 volunteers 4 paid 2 FS",3,15489.5802529106,7661488.83340265,7722207.98799406
"550",1,0.43,0.6,0.4,"hierarchical",1200,4,4,2,4889991.89085551,77413.395547643,"4 volunteers 4 paid 2 FS",3,7741.3395547643,4874818.86532818,4905164.91638285
"551",2,0.43,0.6,0.8,"BRE",777,4,4,2,2858827.71957531,17188.6301708134,"4 volunteers 4 paid 2 FS",3,1718.86301708134,2855458.74806183,2862196.69108879
"552",2,0.43,0.6,0.8,"CP",746,4,4,2,2717604.15909159,22784.4439550408,"4 volunteers 4 paid 2 FS",3,2278.44439550408,2713138.4080764,2722069.91010677
"553",2,0.43,0.6,0.8,"SRM",775,4,4,2,3189829.33247581,54427.9268252402,"4 volunteers 4 paid 2 FS",3,5442.79268252402,3179161.45881806,3200497.20613356
"554",2,0.43,0.6,0.8,"UGM",782,4,4,2,3664791.04988036,108118.218313034,"4 volunteers 4 paid 2 FS",3,10811.8218313034,3643599.87909101,3685982.22066971
"555",2,0.43,0.6,0.8,"hierarchical",938,4,4,2,3807793.19751401,64999.9190445249,"4 volunteers 4 paid 2 FS",3,6499.99190445249,3795053.21338128,3820533.18164673
"556",3,0.43,0.8,0.4,"CP",1304,4,4,2,4736713.35212452,24895.4302804728,"4 volunteers 4 paid 2 FS",3,2489.54302804728,4731833.84778955,4741592.85645949
"557",3,0.43,0.8,0.4,"SRM",1538,4,4,2,6347881.68496502,75004.8680785316,"4 volunteers 4 paid 2 FS",3,7500.48680785316,6333180.73082163,6362582.63910841
"558",3,0.43,0.8,0.4,"UGM",1538,4,4,2,7209491.05561328,145331.651421717,"4 volunteers 4 paid 2 FS",3,14533.1651421717,7181006.05193463,7237976.05929194
"559",4,0.43,0.8,0.8,"BRE",680,4,4,2,2503916.78597775,18215.3607902474,"4 volunteers 4 paid 2 FS",3,1821.53607902474,2500346.57526286,2507486.99669264
"560",4,0.43,0.8,0.8,"CP",880,4,4,2,3200395.35933788,28638.0857931852,"4 volunteers 4 paid 2 FS",3,2863.80857931852,3194782.29452241,3206008.42415334
"561",4,0.43,0.8,0.8,"SRM",825,4,4,2,3402835.81033874,60412.5636072488,"4 volunteers 4 paid 2 FS",3,6041.25636072488,3390994.94787172,3414676.67280576
"562",4,0.43,0.8,0.8,"UGM",800,4,4,2,3760730.65824792,116354.597364464,"4 volunteers 4 paid 2 FS",3,11635.4597364464,3737925.15716449,3783536.15933136
"563",4,0.43,0.8,0.8,"hierarchical",800,4,4,2,3263021.23300429,63710.6187720255,"4 volunteers 4 paid 2 FS",3,6371.06187720255,3250533.95172497,3275508.5142836
"564",5,0.6,0.6,0.4,"BRE",904,4,4,2,3326482.83383221,16103.3085584002,"4 volunteers 4 paid 2 FS",3,1610.33085584002,3323326.58535477,3329639.08230966
"565",5,0.6,0.6,0.4,"CP",1083,4,4,2,3943387.66597117,25637.8925625679,"4 volunteers 4 paid 2 FS",3,2563.78925625679,3938362.63902891,3948412.69291343
"566",5,0.6,0.6,0.4,"SRM",1200,4,4,2,4938361.80179309,67417.3732967189,"4 volunteers 4 paid 2 FS",3,6741.73732967189,4925147.99662693,4951575.60695924
"567",5,0.6,0.6,0.4,"UGM",987,4,4,2,4651615.93287189,127905.40157285,"4 volunteers 4 paid 2 FS",3,12790.540157285,4626546.47416361,4676685.39158017
"568",5,0.6,0.6,0.4,"hierarchical",1071,4,4,2,4360602.6590978,75178.7002957348,"4 volunteers 4 paid 2 FS",3,7517.87002957348,4345867.63383984,4375337.68435577
"569",6,0.6,0.6,0.8,"BRE",409,4,4,2,1512346.47319315,16371.5171142591,"4 volunteers 4 paid 2 FS",3,1637.15171142591,1509137.65583875,1515555.29054754
"570",6,0.6,0.6,0.8,"BRW",412,4,4,2,1772966.32533092,37429.6889744438,"4 volunteers 4 paid 2 FS",3,3742.96889744438,1765630.10629193,1780302.54436991
"571",6,0.6,0.6,0.8,"CP",402,4,4,2,1466869.81216379,18577.9763888175,"4 volunteers 4 paid 2 FS",3,1857.79763888175,1463228.52879158,1470511.095536
"572",6,0.6,0.6,0.8,"SRM",412,4,4,2,1705588.86180428,38925.5177473975,"4 volunteers 4 paid 2 FS",3,3892.55177473975,1697959.46032579,1713218.26328277
"573",6,0.6,0.6,0.8,"UGM",451,4,4,2,2134462.73607582,94352.0289143117,"4 volunteers 4 paid 2 FS",3,9435.20289143116,2115969.73840862,2152955.73374303
"574",6,0.6,0.6,0.8,"hierarchical",586,4,4,2,2391310.08223861,57105.6115347555,"4 volunteers 4 paid 2 FS",3,5710.56115347555,2380117.3823778,2402502.78209942
"575",7,0.6,0.8,0.4,"BRE",815,4,4,2,2994879.78381119,18155.215697775,"4 volunteers 4 paid 2 FS",3,1815.5215697775,2991321.36153442,2998438.20608795
"576",7,0.6,0.8,0.4,"CP",931,4,4,2,3387895.31411422,21535.5497837149,"4 volunteers 4 paid 2 FS",3,2153.55497837149,3383674.34635661,3392116.28187183
"577",7,0.6,0.8,0.4,"SRM",973,4,4,2,4017747.37635512,60250.6422847278,"4 volunteers 4 paid 2 FS",3,6025.06422847278,4005938.25046732,4029556.50224293
"578",7,0.6,0.8,0.4,"UGM",922,4,4,2,4325166.58478588,126868.151312162,"4 volunteers 4 paid 2 FS",3,12686.8151312162,4300300.4271287,4350032.74244307
"579",7,0.6,0.8,0.4,"hierarchical",1036,4,4,2,4228011.44014167,78509.9057708853,"4 volunteers 4 paid 2 FS",3,7850.99057708853,4212623.49861058,4243399.38167277
"580",8,0.6,0.8,0.8,"BRE",442,4,4,2,1633882.99773631,18457.8426293109,"4 volunteers 4 paid 2 FS",3,1845.78426293109,1630265.26058096,1637500.73489165
"581",8,0.6,0.8,0.8,"BRW",408,4,4,2,1758449.11739271,36184.7528091563,"4 volunteers 4 paid 2 FS",3,3618.47528091563,1751356.90584211,1765541.3289433
"582",8,0.6,0.8,0.8,"CP",448,4,4,2,1635937.2019478,17669.8348788779,"4 volunteers 4 paid 2 FS",3,1766.98348788779,1632473.91431154,1639400.48958406
"583",8,0.6,0.8,0.8,"SRM",504,4,4,2,2082003.87693126,45280.3475425284,"4 volunteers 4 paid 2 FS",3,4528.03475425284,2073128.92881293,2090878.8250496
"584",8,0.6,0.8,0.8,"UGM",408,4,4,2,1905239.18390278,92795.8099081091,"4 volunteers 4 paid 2 FS",3,9279.58099081091,1887051.20516079,1923427.16264476
"585",8,0.6,0.8,0.8,"hierarchical",423,4,4,2,1729983.25638116,47472.3692424755,"4 volunteers 4 paid 2 FS",3,4747.23692424756,1720678.67200963,1739287.84075268
"586",1,0.43,0.6,0.4,"CP",1441,2,6,2,6123007.38221668,37743.6169594245,"2 volunteers 6 paid 2 FS",3,3774.36169594245,6115609.63329263,6130405.13114073
"587",1,0.43,0.6,0.4,"SRM",1476,2,6,2,7184560.95169052,96649.7296293533,"2 volunteers 6 paid 2 FS",3,9664.97296293533,7165617.60468317,7203504.29869788
"588",1,0.43,0.6,0.4,"UGM",1650,2,6,2,9215398.24117737,201617.366226677,"2 volunteers 6 paid 2 FS",3,20161.7366226677,9175881.23739695,9254915.2449578
"589",1,0.43,0.6,0.4,"hierarchical",1200,2,6,2,5763290.02846926,93656.1028708516,"2 volunteers 6 paid 2 FS",3,9365.61028708516,5744933.43230657,5781646.62463194
"590",2,0.43,0.6,0.8,"BRE",777,2,6,2,3346966.03498967,21724.4125560068,"2 volunteers 6 paid 2 FS",3,2172.44125560068,3342708.05012869,3351224.01985064
"591",2,0.43,0.6,0.8,"CP",746,2,6,2,3167271.72616939,27896.0177477408,"2 volunteers 6 paid 2 FS",3,2789.60177477408,3161804.10669083,3172739.34564794
"592",2,0.43,0.6,0.8,"SRM",775,2,6,2,3774439.06954298,71586.1438608379,"2 volunteers 6 paid 2 FS",3,7158.61438608379,3760408.18534626,3788469.9537397
"593",2,0.43,0.6,0.8,"UGM",782,2,6,2,4374847.23305756,138103.310579399,"2 volunteers 6 paid 2 FS",3,13810.3310579399,4347778.98418399,4401915.48193112
"594",2,0.43,0.6,0.8,"hierarchical",938,2,6,2,4492159.66404257,103978.135672516,"2 volunteers 6 paid 2 FS",3,10397.8135672516,4471779.94945075,4512539.37863438
"595",3,0.43,0.8,0.4,"CP",1304,2,6,2,5539625.98495554,36707.4178304862,"2 volunteers 6 paid 2 FS",3,3670.74178304862,5532431.33106077,5546820.63885032
"596",3,0.43,0.8,0.4,"SRM",1538,2,6,2,7455358.13563288,102502.628124255,"2 volunteers 6 paid 2 FS",3,10250.2628124255,7435267.62052052,7475448.65074523
"597",3,0.43,0.8,0.4,"UGM",1538,2,6,2,8563008.32658329,202223.774520662,"2 volunteers 6 paid 2 FS",3,20222.3774520662,8523372.46677724,8602644.18638934
"598",4,0.43,0.8,0.8,"BRE",680,2,6,2,2929836.49720097,23469.0995531582,"2 volunteers 6 paid 2 FS",3,2346.90995531582,2925236.55368855,2934436.44071338
"599",4,0.43,0.8,0.8,"CP",880,2,6,2,3738965.99173052,27884.2243803214,"2 volunteers 6 paid 2 FS",3,2788.42243803214,3733500.68375198,3744431.29970906
"600",4,0.43,0.8,0.8,"SRM",825,2,6,2,4018816.27642801,65321.3626613398,"2 volunteers 6 paid 2 FS",3,6532.13626613398,4006013.28934639,4031619.26350963
"601",4,0.43,0.8,0.8,"UGM",800,2,6,2,4446868.31173465,141438.866839253,"2 volunteers 6 paid 2 FS",3,14143.8866839253,4419146.29383416,4474590.32963515
"602",4,0.43,0.8,0.8,"hierarchical",800,2,6,2,3833604.00085485,81040.6724989325,"2 volunteers 6 paid 2 FS",3,8104.06724989325,3817720.02904506,3849487.97266464
"603",5,0.6,0.6,0.4,"BRE",904,2,6,2,3886202.91989374,21354.3852602465,"2 volunteers 6 paid 2 FS",3,2135.43852602465,3882017.46038274,3890388.37940475
"604",5,0.6,0.6,0.4,"CP",1083,2,6,2,4602278.68014636,32494.5976411501,"2 volunteers 6 paid 2 FS",3,3249.45976411501,4595909.7390087,4608647.62128403
"605",5,0.6,0.6,0.4,"SRM",1200,2,6,2,5839484.97250423,81299.5545445318,"2 volunteers 6 paid 2 FS",3,8129.95545445318,5823550.2598135,5855419.68519496
"606",5,0.6,0.6,0.4,"UGM",987,2,6,2,5513637.87012849,147076.706167232,"2 volunteers 6 paid 2 FS",3,14707.6706167232,5484810.83571971,5542464.90453727
"607",5,0.6,0.6,0.4,"hierarchical",1071,2,6,2,5144821.99166738,86982.8204610089,"2 volunteers 6 paid 2 FS",3,8698.28204610089,5127773.35885702,5161870.62447774
"608",6,0.6,0.6,0.8,"BRE",409,2,6,2,1765873.78603488,20648.3886494626,"2 volunteers 6 paid 2 FS",3,2064.83886494626,1761826.70185959,1769920.87021018
"609",6,0.6,0.6,0.8,"BRW",412,2,6,2,2094455.09140101,46674.7713763951,"2 volunteers 6 paid 2 FS",3,4667.47713763951,2085306.83621124,2103603.34659078
"610",6,0.6,0.6,0.8,"CP",402,2,6,2,1713716.74177423,23181.1558087941,"2 volunteers 6 paid 2 FS",3,2318.11558087941,1709173.23523571,1718260.24831276
"611",6,0.6,0.6,0.8,"SRM",412,2,6,2,2013535.48282843,48740.450617134,"2 volunteers 6 paid 2 FS",3,4874.0450617134,2003982.35450747,2023088.61114939
"612",6,0.6,0.6,0.8,"UGM",451,2,6,2,2518433.73095672,113263.714468025,"2 volunteers 6 paid 2 FS",3,11326.3714468025,2496234.04292099,2540633.41899246
"613",6,0.6,0.6,0.8,"hierarchical",586,2,6,2,2823632.05854767,84015.7161562962,"2 volunteers 6 paid 2 FS",3,8401.57161562961,2807164.97818104,2840099.1389143
"614",7,0.6,0.8,0.4,"BRE",815,2,6,2,3503619.51318256,23266.1740271263,"2 volunteers 6 paid 2 FS",3,2326.61740271263,3499059.34307324,3508179.68329187
"615",7,0.6,0.8,0.4,"CP",931,2,6,2,3949496.18759451,27511.6934322152,"2 volunteers 6 paid 2 FS",3,2751.16934322152,3944103.8956818,3954888.47950722
"616",7,0.6,0.8,0.4,"SRM",973,2,6,2,4734976.06397224,74071.0202599105,"2 volunteers 6 paid 2 FS",3,7407.10202599105,4720458.14400129,4749493.98394318
"617",7,0.6,0.8,0.4,"UGM",922,2,6,2,5169881.2395545,162032.539229079,"2 volunteers 6 paid 2 FS",3,16203.2539229079,5138122.8618656,5201639.6172434
"618",7,0.6,0.8,0.4,"hierarchical",1036,2,6,2,4992611.88590156,100303.860750693,"2 volunteers 6 paid 2 FS",3,10030.3860750693,4972952.32919443,5012271.4426087
"619",8,0.6,0.8,0.8,"BRE",442,2,6,2,1912105.06151022,23668.6313278418,"2 volunteers 6 paid 2 FS",3,2366.86313278418,1907466.00976996,1916744.11325048
"620",8,0.6,0.8,0.8,"BRW",408,2,6,2,2068620.78280541,43035.0808009058,"2 volunteers 6 paid 2 FS",3,4303.50808009058,2060185.90696844,2077055.65864239
"621",8,0.6,0.8,0.8,"CP",448,2,6,2,1909554.97414743,20210.9993493853,"2 volunteers 6 paid 2 FS",3,2021.09993493853,1905593.61827495,1913516.33001991
"622",8,0.6,0.8,0.8,"SRM",504,2,6,2,2453523.05740021,58773.6905466432,"2 volunteers 6 paid 2 FS",3,5877.36905466432,2442003.41405307,2465042.70074735
"623",8,0.6,0.8,0.8,"UGM",408,2,6,2,2280667.94476981,115407.674259106,"2 volunteers 6 paid 2 FS",3,11540.7674259106,2258048.04061503,2303287.8489246
"624",8,0.6,0.8,0.8,"hierarchical",423,2,6,2,2035749.03121987,67415.622987749,"2 volunteers 6 paid 2 FS",3,6741.5622987749,2022535.56911427,2048962.49332546
"625",1,0.43,0.6,0.4,"CP",1441,0,8,2,7004667.54842639,46873.6341738849,"0 volunteers 8 paid 2 FS",3,4687.36341738849,6995480.31612831,7013854.78072447
"626",1,0.43,0.6,0.4,"SRM",1476,0,8,2,8284298.25124513,109861.573057887,"0 volunteers 8 paid 2 FS",3,10986.1573057887,8262765.38292579,8305831.11956448
"627",1,0.43,0.6,0.4,"UGM",1650,0,8,2,10717652.7083166,246437.841081324,"0 volunteers 8 paid 2 FS",3,24643.7841081324,10669350.8914647,10765954.5251686
"628",1,0.43,0.6,0.4,"hierarchical",1200,0,8,2,6647218.18694651,123148.833064218,"0 volunteers 8 paid 2 FS",3,12314.8833064218,6623081.01566592,6671355.35822709
"629",2,0.43,0.6,0.8,"BRE",777,0,8,2,3825178.42243013,26089.7966900787,"0 volunteers 8 paid 2 FS",3,2608.97966900787,3820064.82227887,3830292.02258138
"630",2,0.43,0.6,0.8,"CP",746,0,8,2,3626663.61519267,35181.5381074893,"0 volunteers 8 paid 2 FS",3,3518.15381074893,3619768.0337236,3633559.19666173
"631",2,0.43,0.6,0.8,"SRM",775,0,8,2,4336379.32711141,81226.9395377916,"0 volunteers 8 paid 2 FS",3,8122.69395377916,4320458.846962,4352299.80726081
"632",2,0.43,0.6,0.8,"UGM",782,0,8,2,5061107.70564125,178822.914275337,"0 volunteers 8 paid 2 FS",3,17882.2914275337,5026058.41444328,5096156.99683922
"633",2,0.43,0.6,0.8,"hierarchical",938,0,8,2,5162423.92336718,122544.58015235,"0 volunteers 8 paid 2 FS",3,12254.458015235,5138405.18565732,5186442.66107704
"634",3,0.43,0.8,0.4,"CP",1304,0,8,2,6334301.54491127,42582.0540958465,"0 volunteers 8 paid 2 FS",3,4258.20540958465,6325955.46230849,6342647.62751406
"635",3,0.43,0.8,0.4,"SRM",1538,0,8,2,8610484.60954955,122117.186225108,"0 volunteers 8 paid 2 FS",3,12211.7186225108,8586549.64104943,8634419.57804967
"636",3,0.43,0.8,0.4,"UGM",1538,0,8,2,9937602.93291206,226381.541725211,"0 volunteers 8 paid 2 FS",3,22638.1541725211,9893232.15073392,9981973.71509021
"637",4,0.43,0.8,0.8,"BRE",680,0,8,2,3352920.48458104,29426.260642914,"0 volunteers 8 paid 2 FS",3,2942.6260642914,3347152.93749503,3358688.03166705
"638",4,0.43,0.8,0.8,"CP",880,0,8,2,4280884.06671008,40568.6728293894,"0 volunteers 8 paid 2 FS",3,4056.86728293894,4272932.60683552,4288835.52658464
"639",4,0.43,0.8,0.8,"SRM",825,0,8,2,4622663.75383451,89252.6687152473,"0 volunteers 8 paid 2 FS",3,8925.26687152473,4605170.23076632,4640157.27690269
"640",4,0.43,0.8,0.8,"UGM",800,0,8,2,5182736.19396344,187820.046673964,"0 volunteers 8 paid 2 FS",3,18782.0046673964,5145923.46481534,5219548.92311153
"641",4,0.43,0.8,0.8,"hierarchical",800,0,8,2,4426406.54380291,110597.571481573,"0 volunteers 8 paid 2 FS",3,11059.7571481573,4404729.41979252,4448083.6678133
"642",5,0.6,0.6,0.4,"BRE",904,0,8,2,4454261.91610199,26936.683809378,"0 volunteers 8 paid 2 FS",3,2693.6683809378,4448982.32607535,4459541.50612863
"643",5,0.6,0.6,0.4,"CP",1083,0,8,2,5262690.69809317,42094.8324034611,"0 volunteers 8 paid 2 FS",3,4209.48324034611,5254440.11094209,5270941.28524425
"644",5,0.6,0.6,0.4,"SRM",1200,0,8,2,6726381.05429447,101041.849302359,"0 volunteers 8 paid 2 FS",3,10104.1849302359,6706576.85183121,6746185.25675774
"645",5,0.6,0.6,0.4,"UGM",987,0,8,2,6371023.43005094,182895.56736733,"0 volunteers 8 paid 2 FS",3,18289.556736733,6335175.89884694,6406870.96125493
"646",5,0.6,0.6,0.4,"hierarchical",1071,0,8,2,5932621.33192104,108330.586683522,"0 volunteers 8 paid 2 FS",3,10833.0586683522,5911388.53693107,5953854.12691102
"647",6,0.6,0.6,0.8,"BRE",409,0,8,2,2024031.1629136,27025.285178998,"0 volunteers 8 paid 2 FS",3,2702.5285178998,2018734.20701851,2029328.11880868
"648",6,0.6,0.6,0.8,"BRW",412,0,8,2,2418934.43644338,61238.8744196118,"0 volunteers 8 paid 2 FS",3,6123.88744196118,2406931.61705713,2430937.25582962
"649",6,0.6,0.6,0.8,"CP",402,0,8,2,1957610.69848672,22791.5932037161,"0 volunteers 8 paid 2 FS",3,2279.15932037161,1953143.54621879,1962077.85075465
"650",6,0.6,0.6,0.8,"SRM",412,0,8,2,2317380.32847666,62203.4050338967,"0 volunteers 8 paid 2 FS",3,6220.34050338967,2305188.46109001,2329572.1958633
"651",6,0.6,0.6,0.8,"UGM",451,0,8,2,2929605.70212855,136101.311214989,"0 volunteers 8 paid 2 FS",3,13610.1311214989,2902929.84513041,2956281.55912669
"652",6,0.6,0.6,0.8,"hierarchical",586,0,8,2,3275183.61552751,97799.0572910481,"0 volunteers 8 paid 2 FS",3,9779.90572910481,3256015.00029846,3294352.23075655
"653",7,0.6,0.8,0.4,"BRE",815,0,8,2,4015028.91210498,28321.4822294882,"0 volunteers 8 paid 2 FS",3,2832.14822294882,4009477.901588,4020579.92262196
"654",7,0.6,0.8,0.4,"CP",931,0,8,2,4523794.65928298,39557.1725339072,"0 volunteers 8 paid 2 FS",3,3955.71725339072,4516041.45346633,4531547.86509962
"655",7,0.6,0.8,0.4,"SRM",973,0,8,2,5460796.0662824,85829.9720416998,"0 volunteers 8 paid 2 FS",3,8582.99720416998,5443973.39176223,5477618.74080258
"656",7,0.6,0.8,0.4,"UGM",922,0,8,2,5971610.2840662,178542.219151317,"0 volunteers 8 paid 2 FS",3,17854.2219151316,5936616.00911254,6006604.55901986
"657",7,0.6,0.8,0.4,"hierarchical",1036,0,8,2,5727342.74675304,104656.643987772,"0 volunteers 8 paid 2 FS",3,10465.6643987772,5706830.04453143,5747855.44897464
"658",8,0.6,0.8,0.8,"BRE",442,0,8,2,2186564.24961686,24569.1643990257,"0 volunteers 8 paid 2 FS",3,2456.91643990257,2181748.69339465,2191379.80583907
"659",8,0.6,0.8,0.8,"BRW",408,0,8,2,2395334.27806238,57277.6838400943,"0 volunteers 8 paid 2 FS",3,5727.76838400943,2384107.85202972,2406560.70409504
"660",8,0.6,0.8,0.8,"CP",448,0,8,2,2183107.44912874,30047.5551178203,"0 volunteers 8 paid 2 FS",3,3004.75551178203,2177218.12832564,2188996.76993183
"661",8,0.6,0.8,0.8,"SRM",504,0,8,2,2835242.42721979,79368.1756252676,"0 volunteers 8 paid 2 FS",3,7936.81756252676,2819686.26479723,2850798.58964234
"662",8,0.6,0.8,0.8,"UGM",408,0,8,2,2669843.12913683,132511.895078803,"0 volunteers 8 paid 2 FS",3,13251.1895078803,2643870.79770138,2695815.46057227
"663",8,0.6,0.8,0.8,"hierarchical",423,0,8,2,2345787.02245564,71684.3200084441,"0 volunteers 8 paid 2 FS",3,7168.43200084441,2331736.89573399,2359837.1491773
"664",1,0.43,0.6,0.4,"CP",1441,0,0,10,2028761.64177695,851.343699136352,"0 volunteers 0 paid 10 FS",3,85.1343699136352,2028594.77841192,2028928.50514198
"665",1,0.43,0.6,0.4,"SRM",1476,0,0,10,2095330.20458425,1816.06811648136,"0 volunteers 0 paid 10 FS",3,181.606811648136,2094974.25523342,2095686.15393508
"666",1,0.43,0.6,0.4,"UGM",1650,0,0,10,2366758.83759823,5068.67147582627,"0 volunteers 0 paid 10 FS",3,506.867147582627,2365765.37798897,2367752.2972075
"667",1,0.43,0.6,0.4,"hierarchical",1200,0,0,10,1704014.7075847,2271.98675605568,"0 volunteers 0 paid 10 FS",3,227.198675605568,1703569.39818051,1704460.01698888
"668",2,0.43,0.6,0.8,"BRE",777,0,0,10,1098022.89973375,430.032821795314,"0 volunteers 0 paid 10 FS",3,43.0032821795314,1097938.61330068,1098107.18616682
"669",2,0.43,0.6,0.8,"CP",746,0,0,10,1055044.50283733,605.429336438037,"0 volunteers 0 paid 10 FS",3,60.5429336438037,1054925.83868738,1055163.16698727
"670",2,0.43,0.6,0.8,"SRM",775,0,0,10,1107330.08864463,1587.83657355505,"0 volunteers 0 paid 10 FS",3,158.783657355505,1107018.87267621,1107641.30461305
"671",2,0.43,0.6,0.8,"UGM",782,0,0,10,1128178.03004704,3184.34631246802,"0 volunteers 0 paid 10 FS",3,318.434631246802,1127553.89816979,1128802.16192428
"672",2,0.43,0.6,0.8,"hierarchical",938,0,0,10,1331460.82691674,2249.40087760336,"0 volunteers 0 paid 10 FS",3,224.940087760336,1331019.94434473,1331901.70948875
"673",3,0.43,0.8,0.4,"CP",1304,0,0,10,1835671.80224774,769.537786367988,"0 volunteers 0 paid 10 FS",3,76.9537786367988,1835520.97284161,1835822.63165387
"674",3,0.43,0.8,0.4,"SRM",1538,0,0,10,2184157.66992491,2197.6595257603,"0 volunteers 0 paid 10 FS",3,219.76595257603,2183726.92865786,2184588.41119196
"675",3,0.43,0.8,0.4,"UGM",1538,0,0,10,2208243.5097336,4175.41878706305,"0 volunteers 0 paid 10 FS",3,417.541878706305,2207425.12765133,2209061.89181586
"676",4,0.43,0.8,0.8,"BRE",680,0,0,10,963523.695833999,452.776670483047,"0 volunteers 0 paid 10 FS",3,45.2776670483047,963434.951606584,963612.440061414
"677",4,0.43,0.8,0.8,"CP",880,0,0,10,1243850.14839209,785.588808095734,"0 volunteers 0 paid 10 FS",3,78.5588808095734,1243696.17298571,1244004.12379848
"678",4,0.43,0.8,0.8,"SRM",825,0,0,10,1175478.5070708,1509.39696238719,"0 volunteers 0 paid 10 FS",3,150.939696238719,1175182.66526617,1175774.34887543
"679",4,0.43,0.8,0.8,"UGM",800,0,0,10,1154328.03961117,3871.65501216643,"0 volunteers 0 paid 10 FS",3,387.165501216643,1153569.19522879,1155086.88399356
"680",4,0.43,0.8,0.8,"hierarchical",800,0,0,10,1140572.62642604,1947.79276171302,"0 volunteers 0 paid 10 FS",3,194.779276171302,1140190.85904474,1140954.39380734
"681",5,0.6,0.6,0.4,"BRE",904,0,0,10,1278492.45209018,404.249722451615,"0 volunteers 0 paid 10 FS",3,40.4249722451615,1278413.21914458,1278571.68503578
"682",5,0.6,0.6,0.4,"CP",1083,0,0,10,1525272.69527044,670.544904506899,"0 volunteers 0 paid 10 FS",3,67.0544904506899,1525141.26846915,1525404.12207172
"683",5,0.6,0.6,0.4,"SRM",1200,0,0,10,1705282.17936045,2032.88037869359,"0 volunteers 0 paid 10 FS",3,203.288037869359,1704883.73480622,1705680.62391467
"684",5,0.6,0.6,0.4,"UGM",987,0,0,10,1419790.98683777,3237.46305827277,"0 volunteers 0 paid 10 FS",3,323.746305827277,1419156.44407835,1420425.5295972
"685",5,0.6,0.6,0.4,"hierarchical",1071,0,0,10,1521866.67017152,2333.23005873117,"0 volunteers 0 paid 10 FS",3,233.323005873117,1521409.35708001,1522323.98326304
"686",6,0.6,0.6,0.8,"BRE",409,0,0,10,585434.760011383,449.845196913551,"0 volunteers 0 paid 10 FS",3,44.9845196913551,585346.590352788,585522.929669979
"687",6,0.6,0.6,0.8,"BRW",412,0,0,10,596513.552287554,1005.97702149728,"0 volunteers 0 paid 10 FS",3,100.597702149728,596316.38079134,596710.723783767
"688",6,0.6,0.6,0.8,"CP",402,0,0,10,572475.926352349,444.815745169861,"0 volunteers 0 paid 10 FS",3,44.4815745169861,572388.742466295,572563.110238402
"689",6,0.6,0.6,0.8,"SRM",412,0,0,10,594619.751879158,1151.39002560235,"0 volunteers 0 paid 10 FS",3,115.139002560235,594394.07943414,594845.424324176
"690",6,0.6,0.6,0.8,"UGM",451,0,0,10,656606.497642673,2590.0262024207,"0 volunteers 0 paid 10 FS",3,259.00262024207,656098.852506999,657114.142778348
"691",6,0.6,0.6,0.8,"hierarchical",586,0,0,10,839835.543383263,1650.04098245856,"0 volunteers 0 paid 10 FS",3,165.004098245856,839512.135350701,840158.951415825
"692",7,0.6,0.8,0.4,"BRE",815,0,0,10,1152557.02693334,558.017040800368,"0 volunteers 0 paid 10 FS",3,55.8017040800368,1152447.65559335,1152666.39827334
"693",7,0.6,0.8,0.4,"CP",931,0,0,10,1315309.20819407,705.115538392991,"0 volunteers 0 paid 10 FS",3,70.5115538392991,1315171.00554855,1315447.4108396
"694",7,0.6,0.8,0.4,"SRM",973,0,0,10,1387182.02909182,1803.67141824404,"0 volunteers 0 paid 10 FS",3,180.367141824404,1386828.50949384,1387535.54868979
"695",7,0.6,0.8,0.4,"UGM",922,0,0,10,1330037.948605,3327.9080109508,"0 volunteers 0 paid 10 FS",3,332.79080109508,1329385.67863485,1330690.21857514
"696",7,0.6,0.8,0.4,"hierarchical",1036,0,0,10,1471048.00586231,2273.59731409942,"0 volunteers 0 paid 10 FS",3,227.359731409942,1470602.38078874,1471493.63093587
"697",8,0.6,0.8,0.8,"BRE",442,0,0,10,631587.912570528,429.239697263191,"0 volunteers 0 paid 10 FS",3,42.9239697263192,631503.781589865,631672.043551192
"698",8,0.6,0.8,0.8,"BRW",408,0,0,10,588335.892804547,1026.0672402508,"0 volunteers 0 paid 10 FS",3,102.60672402508,588134.783625458,588537.001983636
"699",8,0.6,0.8,0.8,"CP",448,0,0,10,639476.345825655,495.273698487174,"0 volunteers 0 paid 10 FS",3,49.5273698487174,639379.272180751,639573.419470558
"700",8,0.6,0.8,0.8,"SRM",504,0,0,10,721924.449885815,1329.77628003198,"0 volunteers 0 paid 10 FS",3,132.977628003198,721663.813734929,722185.086036701
"701",8,0.6,0.8,0.8,"UGM",408,0,0,10,592769.440398429,2695.03112387325,"0 volunteers 0 paid 10 FS",3,269.503112387325,592241.21429815,593297.666498708
"702",8,0.6,0.8,0.8,"hierarchical",423,0,0,10,606952.279888952,1612.72284437754,"0 volunteers 0 paid 10 FS",3,161.272284437754,606636.186211454,607268.37356645
